# Initial seed: 3456789108
# galaxy bin_orb_a mass_final chi_eff spin_final spin_angle_final mass_1 mass_2 spin_1 spin_2 spin_angle_1 spin_angle_2 gen_1 gen_2 time_merged chi_p v_kick lum_shock lum_jet id_num
0.000000000000000000e+00 1.045620074126777581e+04 3.035800849969636062e+01 -5.243884787056123098e-02 6.886137243365580973e-01 0.000000000000000000e+00 1.909179861023167746e+01 1.293060066163122990e+01 2.527547077719846658e-01 2.472058828559303423e-01 2.447392724732576408e+00 8.828937798065152887e-01 1.000000000000000000e+00 1.000000000000000000e+00 4.000000000000000000e+05 1.617050656800997077e-01 1.677831436658568691e+02 2.767927502275136943e+41 4.455647750536224063e+43 2.070000000000000000e+02
0.000000000000000000e+00 5.611352705932966273e+03 2.552141488653342449e+01 -1.509085907379482602e-02 6.820277027767499556e-01 0.000000000000000000e+00 1.358601112946559297e+01 1.328173649519777655e+01 9.200532687168003210e-02 2.741807890330019704e-02 1.924260507015878696e+00 1.495965555621802112e+00 1.000000000000000000e+00 1.000000000000000000e+00 4.300000000000000000e+05 8.631748570227384953e-02 5.331108972182717309e+01 6.261937707323904431e+39 1.808514299233702980e+45 2.130000000000000000e+02
0.000000000000000000e+00 1.349641171054967344e+03 3.592717071932221984e+01 -1.839102056463923912e-02 6.641323780043398850e-01 0.000000000000000000e+00 2.204677674097503726e+01 1.569396120784853110e+01 2.243897330041590837e-02 1.255301373626288852e-01 1.814120033903526163e+00 1.866923657456739383e+00 1.000000000000000000e+00 1.000000000000000000e+00 4.300000000000000000e+05 8.145499166023530135e-02 9.658842440667740448e+01 8.864622008051490334e+39 3.083423690817544778e+46 2.180000000000000000e+02
0.000000000000000000e+00 1.306078672202879170e+04 4.289458385328460821e+01 -9.502039390498617788e-02 5.830530234264607037e-01 0.000000000000000000e+00 1.240359991106947390e+01 3.220692902818915115e+01 6.262645662772826916e-02 1.437695857040364178e-01 1.225239389016920422e+00 2.905591384236272390e+00 1.000000000000000000e+00 1.000000000000000000e+00 4.400000000000000000e+05 3.361571821982619473e-02 1.996594668811902693e+02 4.652656117781007475e+41 4.044153520337810240e+43 2.190000000000000000e+02
0.000000000000000000e+00 1.514149889523179445e+04 2.322712587727698619e+01 -4.254966926090214541e-02 6.690959967646783468e-01 0.000000000000000000e+00 1.070245103565636313e+01 1.369303900219613901e+01 3.852948152634265433e-02 6.919454707376490599e-02 1.796762113618175061e+00 3.079060000000000130e+00 1.000000000000000000e+00 1.000000000000000000e+00 4.500000000000000000e+05 2.833873783436650570e-02 8.934059625226660728e+01 5.812273507913773850e+40 3.701199464565714304e+43 2.170000000000000000e+02
0.000000000000000000e+00 1.251492333706653881e+04 2.837614398901622081e+01 -2.748474751074995309e-02 6.530578717580448611e-01 0.000000000000000000e+00 1.155516948737877314e+01 1.819986647863826335e+01 1.002233884440886513e-01 4.423166554136404027e-02 1.801278078254181736e+00 2.328497477678389771e+00 1.000000000000000000e+00 1.000000000000000000e+00 4.500000000000000000e+05 5.032440170322203393e-02 1.337580092095720943e+02 1.612081834840910477e+41 4.395533820027348457e+43 2.200000000000000000e+02
0.000000000000000000e+00 1.136970001514670184e+04 3.965310460003870219e+01 5.103764036041220642e-01 5.912356921768835427e-01 0.000000000000000000e+00 3.038595071896607536e+01 1.092389338351018324e+01 6.900137243365580542e-01 5.190991474305171188e-02 0.000000000000000000e+00 1.363252028097803548e+00 2.000000000000000000e+00 1.000000000000000000e+00 4.500000000000000000e+05 1.595827519543896456e-02 1.011787733876593336e+02 5.724139433602519299e+40 2.570052192958818418e+44 2.230000000000000000e+02
0.000000000000000000e+00 9.318053172517878920e+03 2.021867897648899159e+01 -1.919478245743265477e-02 6.801302801280527666e-01 0.000000000000000000e+00 1.078732982277566244e+01 1.048150571740055526e+01 6.813301416972077432e-03 1.079161756558099511e-01 6.654361648213779068e-01 1.995487012645364988e+00 1.000000000000000000e+00 1.000000000000000000e+00 4.500000000000000000e+05 8.097499968076260490e-02 1.562912704104140182e+01 2.458665508849418070e+38 4.529983579614812006e+44 2.240000000000000000e+02
0.000000000000000000e+00 8.184462639286828562e+03 3.332775488610631953e+01 5.593901398682288306e-02 7.034971061826751360e-01 0.000000000000000000e+00 1.636276288114469679e+01 1.877628048706410979e+01 1.365055708349311170e-01 2.759053517846444745e-02 8.169843627103434702e-01 5.672547208381176764e-01 1.000000000000000000e+00 1.000000000000000000e+00 4.800000000000000000e+05 1.089914995622938698e-01 5.574590658360007467e+01 8.286695854595457877e+39 8.857659449720030419e+44 2.220000000000000000e+02
0.000000000000000000e+00 1.346678006503288998e+04 5.158686342887328635e+01 -3.149601821055959122e-02 5.973623377806579482e-01 0.000000000000000000e+00 3.599234918110616377e+01 1.793067305708225589e+01 5.636207440645150425e-03 1.355664224367183479e-01 1.093421759724964026e+00 2.399458026941321265e+00 1.000000000000000000e+00 1.000000000000000000e+00 4.800000000000000000e+05 4.147657785589772828e-02 1.551879905428423285e+02 2.061289140630492992e+41 9.733469464577191800e+43 2.280000000000000000e+02
0.000000000000000000e+00 1.186964610484882314e+03 5.055694709571627499e+01 3.875285049011472083e-01 5.949370519246643951e-01 0.000000000000000000e+00 1.740679204705681471e+01 3.596023892542637412e+01 1.962724085238428673e-01 6.695323780043398454e-01 3.030200000000000227e+00 0.000000000000000000e+00 1.000000000000000000e+00 2.000000000000000000e+00 4.800000000000000000e+05 9.561789063698308139e-03 1.007639707729418888e+02 7.867660567353486242e+39 5.228850660948749989e+46 2.310000000000000000e+02
1.000000000000000000e+00 2.181978698952415016e+03 5.126254794911675816e+01 -6.557111500665326054e-02 6.197093570500227244e-01 0.000000000000000000e+00 1.801628262770583078e+01 3.547952029405962548e+01 2.049011212128099280e-01 7.756831785995359219e-02 1.778451022332084186e+00 3.079060000000000130e+00 1.000000000000000000e+00 1.000000000000000000e+00 3.100000000000000000e+05 9.273947384971641117e-02 1.784247690344066655e+02 3.201072618364953956e+40 1.479412775290789080e+46 2.040000000000000000e+02
1.000000000000000000e+00 1.322489558051934728e+04 4.765902856804245147e+01 2.048932783646910394e-02 5.565240399273103655e-01 0.000000000000000000e+00 3.783075638152713083e+01 1.162956328708511222e+01 9.330143696904264275e-03 6.366503285701463621e-02 3.240255937617892434e-01 4.107545739794093431e-01 1.000000000000000000e+00 1.000000000000000000e+00 4.100000000000000000e+05 6.715240343643008071e-03 1.725521933940752035e+02 2.896286292172843633e+41 7.732344589867833029e+43 2.100000000000000000e+02
1.000000000000000000e+00 2.675779397407353827e+04 3.782040802407093594e+01 -1.968549957759186189e-02 5.671615414858454107e-01 0.000000000000000000e+00 1.046820143733585518e+01 2.887407477871392558e+01 1.122875998082741161e-01 1.159139181426295795e-01 1.642145999077542440e+00 1.778652137802604116e+00 1.000000000000000000e+00 1.000000000000000000e+00 4.300000000000000000e+05 1.419536088299996210e-17 2.219595184527510696e+02 1.026967505941887976e+42 2.903525303784219904e+42 2.090000000000000000e+02
1.000000000000000000e+00 1.524325181413642349e+04 2.004487152669761585e+01 -2.685573353459251925e-02 6.789336184329741730e-01 0.000000000000000000e+00 1.022522900245673227e+01 1.084821620247202745e+01 5.790524323285538982e-02 1.091552984951152383e-01 1.468085841220665655e+00 2.128456980727547077e+00 1.000000000000000000e+00 1.000000000000000000e+00 4.400000000000000000e+05 9.261777083151961909e-02 7.216066002236952670e+01 3.249925105088363309e+40 3.759158196666049353e+43 2.120000000000000000e+02
1.000000000000000000e+00 5.832241639040428709e+03 2.184962234204966336e+01 1.839569204994385282e-02 6.862779041617137477e-01 0.000000000000000000e+00 1.230067667865634995e+01 1.063257917802638453e+01 1.934182068848376568e-01 4.049981392298160343e-02 1.237951779700998012e+00 2.541910815832486126e+00 1.000000000000000000e+00 1.000000000000000000e+00 4.600000000000000000e+05 1.828027893434665263e-01 3.004128342706308104e+02 1.240306155920154611e+42 2.752705628839397782e+43 2.190000000000000000e+02
1.000000000000000000e+00 1.059490571222941981e+04 4.626120634032732681e+01 -2.093610914246944038e-02 6.217909046409740847e-01 0.000000000000000000e+00 3.333568917472832283e+01 1.502714710546352705e+01 5.507340089559781965e-02 8.175123695109022537e-02 2.625754667559356381e+00 1.074944750568177732e+00 1.000000000000000000e+00 1.000000000000000000e+00 4.700000000000000000e+05 2.908766480597281892e-02 1.787574154621636353e+02 2.815806506293100539e+41 1.036532252142189572e+44 2.180000000000000000e+02
1.000000000000000000e+00 1.854305308034874542e+04 2.394709207090268066e+01 -1.605116809506573206e-01 6.407135645642053623e-01 0.000000000000000000e+00 1.284268709707447620e+01 1.221065191723558030e+01 3.438668566279255989e-01 1.226018360929910789e-01 2.195990127082945165e+00 2.856849420622207258e+00 1.000000000000000000e+00 1.000000000000000000e+00 4.900000000000000000e+05 2.788243417513334155e-01 4.230253644420769774e+02 6.849021103049271054e+42 4.396246173291560998e+41 2.200000000000000000e+02
1.000000000000000000e+00 1.261048389640899222e+04 6.016375761948440726e+01 4.306437265775704404e-01 5.600060699028853728e-01 0.000000000000000000e+00 1.496449169101445342e+01 4.773582140568338161e+01 4.156380113697789175e-02 5.575240399273103664e-01 8.979483012661634289e-01 0.000000000000000000e+00 1.000000000000000000e+00 2.000000000000000000e+00 4.900000000000000000e+05 8.773882049553918469e-03 1.095487040297093273e+02 6.489772511090603025e+40 4.100824498434128256e+44 2.220000000000000000e+02
2.000000000000000000e+00 2.023963436510604151e+04 4.679586589532437557e+01 1.148273803765718915e-03 6.120365425444543872e-01 0.000000000000000000e+00 3.506650717423252672e+01 1.375614857999078922e+01 5.845295975607173178e-02 9.864701808516809778e-02 2.079199061207093191e+00 6.815553388122823630e-01 1.000000000000000000e+00 1.000000000000000000e+00 2.300000000000000000e+05 5.106001310821042805e-02 1.905202951027306995e+02 5.104786702371296293e+41 1.328326032189689791e+43 2.030000000000000000e+02
2.000000000000000000e+00 4.421676885727189983e+03 2.203519885638005960e+01 -3.255224549041629833e-02 6.681654663508616032e-01 0.000000000000000000e+00 1.262007865974445231e+01 1.053965546805745213e+01 5.011492601140758035e-03 7.761680198429776745e-02 6.116886991502474835e-01 2.967431935575076007e+00 1.000000000000000000e+00 1.000000000000000000e+00 3.000000000000000000e+05 1.094776770543220631e-02 4.257075077211645464e+01 2.856870839216098989e+39 3.556503406538272753e+45 2.080000000000000000e+02
2.000000000000000000e+00 1.164462279977286471e+03 5.723528225175140705e+01 -5.086430745344822611e-03 6.482253122170459347e-01 0.000000000000000000e+00 3.767585499342234101e+01 2.235249713366464519e+01 3.250907518111654636e-03 7.495217172454322896e-02 6.728098251290975940e-01 1.812566205790359541e+00 1.000000000000000000e+00 1.000000000000000000e+00 3.200000000000000000e+05 4.013653273295060553e-02 1.533999788801206705e+02 2.440423912747775619e+40 2.681837291985191608e+46 2.120000000000000000e+02
2.000000000000000000e+00 1.528700444061249982e+04 2.359046493503537079e+01 7.292512827631301292e-03 6.893305060649645988e-01 0.000000000000000000e+00 1.202623337342368082e+01 1.278129541001746361e+01 5.903548401939502643e-02 6.589542258020475440e-02 4.308893948427472975e-01 2.154503109039793696e+00 1.000000000000000000e+00 1.000000000000000000e+00 3.400000000000000000e+05 4.072586425445297309e-02 5.505534335020956149e+01 1.359704078594284334e+40 7.164464349062997265e+43 2.090000000000000000e+02
2.000000000000000000e+00 1.142522440066803210e+04 3.883050173364784996e+01 -2.081310897995715392e-02 5.931098772145937392e-01 0.000000000000000000e+00 1.303100978979307811e+01 2.758666829367876261e+01 8.700940510349226831e-02 1.410376909802915982e-02 2.668743917731838167e+00 1.135596267146735228e+00 1.000000000000000000e+00 1.000000000000000000e+00 3.500000000000000000e+05 1.689490633183578575e-02 1.553367577277897738e+02 2.096580709149405699e+41 9.141791314887439199e+43 2.130000000000000000e+02
2.000000000000000000e+00 1.249636592767247930e+04 2.171432803761750918e+01 8.137661043222318979e-03 6.875535612732994739e-01 0.000000000000000000e+00 1.192744971258593623e+01 1.093062213314736830e+01 2.443654949223133740e-02 4.158129630225510659e-02 1.161771394577718608e+00 1.415966066365021980e+00 1.000000000000000000e+00 1.000000000000000000e+00 3.700000000000000000e+05 3.718412168311831939e-02 3.767963365440597556e+01 3.999195421321190559e+39 1.562674148426700383e+44 2.190000000000000000e+02
2.000000000000000000e+00 2.952540865399913400e+03 3.741257024687965327e+01 3.666900550388639268e-01 7.389766120455225629e-01 0.000000000000000000e+00 2.207070410059098009e+01 1.696024177473349326e+01 6.765654663508615663e-01 4.302075149038449287e-02 0.000000000000000000e+00 2.586314859196817473e+00 2.000000000000000000e+00 1.000000000000000000e+00 3.800000000000000000e+05 1.678817848555902784e-02 1.164444449209591426e+02 2.733057194744402126e+40 6.258814066624812905e+45 2.210000000000000000e+02
2.000000000000000000e+00 4.857470522802056621e+03 4.524123034718077463e+01 -1.955180297414266591e-02 5.019057399751996051e-01 0.000000000000000000e+00 3.561308087127438426e+01 1.131565803918272195e+01 1.172812309599677999e-02 8.521992978255617246e-02 1.586948345213428313e+00 2.806851728234863064e+00 1.000000000000000000e+00 1.000000000000000000e+00 3.800000000000000000e+05 1.172659326773265419e-02 1.690625980605487371e+02 1.288590140095714612e+41 1.825166323552083552e+45 2.220000000000000000e+02
2.000000000000000000e+00 1.519430187381994256e+04 4.086891270542948007e+01 4.045354922913302342e-01 7.737816314999300671e-01 0.000000000000000000e+00 1.988316484572995790e+01 2.360674797284254822e+01 1.397477571482096115e-01 6.903305060649645997e-01 1.085252937259112871e+00 0.000000000000000000e+00 1.000000000000000000e+00 2.000000000000000000e+00 3.800000000000000000e+05 1.015848475636774162e-01 1.547774076147102846e+02 2.429932418104437444e+41 2.551117653030078133e+43 2.240000000000000000e+02
2.000000000000000000e+00 1.394973355048204394e+04 2.155264464694524307e+01 4.515160189339356700e-02 6.961270482811827698e-01 0.000000000000000000e+00 1.065554245793937049e+01 1.206130363798494187e+01 5.565963998465928847e-02 1.964654825502694935e-01 1.610062155386891236e+00 1.112212838985527030e+00 1.000000000000000000e+00 1.000000000000000000e+00 3.900000000000000000e+05 1.936667984115555685e-01 2.562048004970105239e+02 1.344824593268597971e+42 2.976329038577263743e+42 2.200000000000000000e+02
2.000000000000000000e+00 6.923137320745748184e+03 4.402998972800407529e+01 9.647444127910843187e-03 5.742705510043986106e-01 0.000000000000000000e+00 3.201294279449451352e+01 1.388452692310054282e+01 7.713404498661130537e-02 8.837005998031917386e-02 8.373883354599555018e-01 2.975844782368239461e+00 1.000000000000000000e+00 1.000000000000000000e+00 3.900000000000000000e+05 5.730268096542899536e-02 1.622397888390534604e+02 1.578291038024965238e+41 5.059432497226244295e+44 2.230000000000000000e+02
2.000000000000000000e+00 1.069522958360474149e+03 7.133625954855681073e+01 5.201838449499497363e-01 5.799615084720427527e-01 0.000000000000000000e+00 1.704468076444050340e+01 5.731432146577294162e+01 1.629505263435120921e-01 6.556253122170458969e-01 1.162162726812383751e+00 0.000000000000000000e+00 1.000000000000000000e+00 2.000000000000000000e+00 3.900000000000000000e+05 3.808309919165608903e-02 1.123574285711908090e+02 8.330142866054587193e+39 6.950569778043458276e+46 2.250000000000000000e+02
2.000000000000000000e+00 1.641755570444716795e+04 2.827653438286501597e+01 -2.200007171236836173e-02 5.929587693830548067e-01 0.000000000000000000e+00 1.918111765364482579e+01 1.035439532265124107e+01 1.114578074831220067e-01 2.400709904820143570e-01 9.417876451898419266e-01 2.445571880890534899e+00 1.000000000000000000e+00 1.000000000000000000e+00 4.200000000000000000e+05 9.012602490715559966e-02 1.172486442879492614e+02 1.277649111455386242e+41 3.160662762904676040e+43 2.270000000000000000e+02
2.000000000000000000e+00 6.337361001270252245e+02 2.555863463806736746e+01 4.725578685288460423e-02 6.976575605997159535e-01 0.000000000000000000e+00 1.201982374377178608e+01 1.489994742205424672e+01 8.795544045745956607e-02 3.263214162121861467e-02 5.305531810490936584e-01 7.363711888443074116e-01 1.000000000000000000e+00 1.000000000000000000e+00 4.200000000000000000e+05 3.482242033159645145e-02 6.765310553654610715e+01 4.450960045376248392e+39 4.928967577853552302e+44 2.310000000000000000e+02
2.000000000000000000e+00 8.749712125119691336e+03 3.816760345225487328e+01 7.013271234691353939e-02 6.375654126545337030e-01 0.000000000000000000e+00 1.196039973768405140e+01 2.794848250613510743e+01 1.209432638804087412e-01 5.979830580928326145e-02 6.768449161719921614e-01 0.000000000000000000e+00 1.000000000000000000e+00 1.000000000000000000e+00 4.500000000000000000e+05 3.490972681615797657e-02 1.736585694335506389e+02 2.467442550447894279e+41 1.284332013072469103e+44 2.260000000000000000e+02
2.000000000000000000e+00 1.334837231986814004e+03 2.255568755157551664e+01 -4.630991734121436831e-02 6.688929736292937855e-01 0.000000000000000000e+00 1.102258008973483960e+01 1.267794270194841033e+01 7.526700862442620155e-02 3.840449261408486470e-02 2.404886043294816478e+00 3.016240000000000254e+00 1.000000000000000000e+00 1.000000000000000000e+00 4.700000000000000000e+05 4.309689010321426234e-02 7.869315563197724828e+01 7.396410285424335378e+39 1.545490114696384453e+46 2.340000000000000000e+02
2.000000000000000000e+00 7.194411783513850423e+03 2.333224878530852919e+01 -3.453479454998449605e-02 6.706143890190552348e-01 0.000000000000000000e+00 1.086919475894320186e+01 1.363769844911716689e+01 9.562459937411707522e-02 5.969917623357530456e-02 1.818125901591885585e+00 2.384729086356955463e+00 1.000000000000000000e+00 1.000000000000000000e+00 4.800000000000000000e+05 7.012196567886046228e-02 6.860487184958329010e+01 1.657890614463731662e+40 5.376263543801942229e+44 2.350000000000000000e+02
2.000000000000000000e+00 1.144822934128486850e+03 4.655961252142231643e+01 5.636389821807272771e-01 5.045328323052814534e-01 0.000000000000000000e+00 1.102910100520596437e+01 3.749009447718707122e+01 7.023028956774202136e-02 7.493766120455225277e-01 2.873415165268943916e+00 0.000000000000000000e+00 1.000000000000000000e+00 3.000000000000000000e+00 4.800000000000000000e+05 4.683200411952254637e-03 9.774376083730953724e+01 8.234144654867981996e+39 5.781550826633852027e+46 2.360000000000000000e+02
3.000000000000000000e+00 2.469269683272068960e+03 2.726145003762835373e+01 -4.968910734033604726e-02 6.724578450662316298e-01 0.000000000000000000e+00 1.356673785161888368e+01 1.507952072424075141e+01 1.779607940708225269e-02 1.019293772326307912e-01 1.211254330860537687e+00 2.948072905117612219e+00 1.000000000000000000e+00 1.000000000000000000e+00 2.700000000000000000e+05 1.960245908559957173e-02 5.216472133821775969e+01 2.548802215946385222e+39 2.575879499701788646e+46 2.040000000000000000e+02
3.000000000000000000e+00 1.367909748031523577e+03 2.696248982315035292e+01 3.143055133135556206e-02 6.864027515864926654e-01 0.000000000000000000e+00 1.189039946337883258e+01 1.646402005787373923e+01 8.524853978945413913e-02 6.023150350478068821e-02 8.421969443110098874e-01 1.350919857131275270e+00 1.000000000000000000e+00 1.000000000000000000e+00 3.300000000000000000e+05 5.878139391076802472e-02 9.444255086931728727e+01 1.092562921138750128e+40 1.731542246040340562e+46 2.060000000000000000e+02
3.000000000000000000e+00 1.241463792939322957e+03 4.080629437927651537e+01 4.524257863087443043e-01 7.189691595930418622e-01 0.000000000000000000e+00 1.624076236278538232e+01 2.698730672781336537e+01 1.080222555652190913e-01 6.884027515864926672e-01 9.785327259848946024e-01 0.000000000000000000e+00 1.000000000000000000e+00 2.000000000000000000e+00 3.800000000000000000e+05 5.023540029237956450e-02 1.432521306375215318e+02 2.736510933479622370e+40 1.438784386430636039e+46 2.070000000000000000e+02
3.000000000000000000e+00 2.183462775582238100e+04 3.339372965951244510e+01 5.521118650178531012e-02 6.232606442055314000e-01 0.000000000000000000e+00 2.325873174304101809e+01 1.165046460472411383e+01 1.734754843484021813e-01 1.164726336857032085e-01 9.307961462178617751e-01 1.934086821750736096e+00 1.000000000000000000e+00 1.000000000000000000e+00 4.200000000000000000e+05 1.391439313852157189e-01 1.400540291941504734e+02 2.409226575480326452e+41 1.127630083839768674e+43 2.080000000000000000e+02
3.000000000000000000e+00 9.726872229555583544e+03 2.790957926837367609e+01 -1.275931799955694612e-01 6.457939718639132964e-01 0.000000000000000000e+00 1.548866428639991000e+01 1.375417936861694557e+01 1.991294757536859472e-01 1.292958017324438991e-01 2.257884830528483544e+00 3.079060000000000130e+00 1.000000000000000000e+00 1.000000000000000000e+00 4.300000000000000000e+05 1.539462050020777018e-01 1.395984671370908927e+02 1.576679946416631964e+41 8.376675260193557708e+43 2.090000000000000000e+02
3.000000000000000000e+00 7.953585952019828255e+03 3.242745255839709273e+01 -3.351674024282689374e-02 6.686493129526117629e-01 0.000000000000000000e+00 1.440264380503416852e+01 1.965983725636989732e+01 4.898053073071622840e-03 7.799313712778356555e-02 3.987254133931690814e-01 2.476666081159171640e+00 1.000000000000000000e+00 1.000000000000000000e+00 4.300000000000000000e+05 4.812187087345077413e-02 1.236042122334167885e+02 8.966129421416706867e+40 2.561220540346390771e+44 2.120000000000000000e+02
3.000000000000000000e+00 1.173318224452088543e+04 3.894596720390408251e+01 -1.882674470920337462e-01 5.927321924007661336e-01 0.000000000000000000e+00 1.378918151901828182e+01 2.683843435947945011e+01 8.528511989898217294e-02 2.451788927341790880e-01 2.732117314707994016e+00 3.086040000000000116e+00 1.000000000000000000e+00 1.000000000000000000e+00 4.300000000000000000e+05 1.591455876095129382e-02 1.937993294274869811e+02 4.136797640866744613e+41 4.816261053426861632e+43 2.140000000000000000e+02
3.000000000000000000e+00 6.438632257476976520e+03 2.930257454092149061e+01 -6.965867484933017939e-02 6.066110450860794368e-01 0.000000000000000000e+00 1.101466905578337929e+01 1.966997212349540902e+01 1.262072234609597776e-01 9.612294134297234838e-02 3.021742930158109797e+00 1.982889368769927163e+00 1.000000000000000000e+00 1.000000000000000000e+00 4.400000000000000000e+05 8.807596206388568216e-02 1.677384137290940203e+02 2.020301612639037261e+41 2.294807741211361461e+44 2.150000000000000000e+02
3.000000000000000000e+00 4.651645503747974544e+03 1.989239350389930649e+01 -2.471204430550156400e-02 6.766035272744048701e-01 0.000000000000000000e+00 1.024473810971655041e+01 1.077506678328079204e+01 2.255506400078911011e-01 8.000342574500207693e-02 2.176917580309500000e+00 3.911584727492680713e-01 1.000000000000000000e+00 1.000000000000000000e+00 4.400000000000000000e+05 1.749823255558288493e-01 1.691571796818935240e+02 1.962411371678207228e+41 2.208109123363986302e+44 2.160000000000000000e+02
3.000000000000000000e+00 1.865865563485983148e+04 3.361647194188255838e+01 2.084892029009495495e-02 6.709986112579198192e-01 0.000000000000000000e+00 2.135532166671987753e+01 1.398854127312946005e+01 1.258987817464154446e-01 4.649833958228476172e-02 1.419551920207496876e+00 1.035492811990187167e+00 1.000000000000000000e+00 1.000000000000000000e+00 4.700000000000000000e+05 1.251416612685658791e-01 2.318963589101036007e+02 9.968021837154666459e+41 4.289435461055208766e+42 2.180000000000000000e+02
3.000000000000000000e+00 7.578778025311920828e+03 4.212591431272061726e+01 4.959955156143764921e-01 5.788889621346092751e-01 0.000000000000000000e+00 3.244983522179322222e+01 1.135730892221414834e+01 6.696493129526117638e-01 2.873596573866162365e-02 0.000000000000000000e+00 1.576504152570652462e+00 2.000000000000000000e+00 1.000000000000000000e+00 4.700000000000000000e+05 8.762789952458802795e-03 1.032751105120009356e+02 4.463934081980408063e+40 9.815151357684906984e+44 2.200000000000000000e+02
3.000000000000000000e+00 1.405038301493047220e+04 1.997290693498054281e+01 -8.602450585277311712e-02 6.594834214833612540e-01 0.000000000000000000e+00 1.027315142575270457e+01 1.073699621045851593e+01 1.833687579095688303e-01 1.091418556637039211e-01 2.606146996742936928e+00 1.731284942227929502e+00 1.000000000000000000e+00 1.000000000000000000e+00 4.800000000000000000e+05 9.343980494631971834e-02 4.286799584712007771e+01 6.511031688883700872e+39 9.193515415082061263e+43 2.100000000000000000e+02
3.000000000000000000e+00 2.268727658557956602e+04 3.175520590829767897e+01 -3.295977991975657800e-02 6.777374171942770475e-01 0.000000000000000000e+00 1.810985272484248298e+01 1.535029675031006491e+01 8.912535450143148352e-02 4.276095429754883659e-02 3.037180000000000213e+00 6.990999709083318692e-01 1.000000000000000000e+00 1.000000000000000000e+00 4.800000000000000000e+05 3.405743867629690280e-02 7.104508991575896459e+01 3.274381546703260480e+40 2.935286733808255832e+43 2.130000000000000000e+02
3.000000000000000000e+00 1.546931350403243414e+04 2.195443776635019972e+01 -7.405491709423349389e-02 6.609359930665187344e-01 0.000000000000000000e+00 1.087163116189070422e+01 1.218785198448297713e+01 8.967994383530851488e-02 6.139384199728625119e-02 3.079060000000000130e+00 2.950273035002955346e+00 1.000000000000000000e+00 1.000000000000000000e+00 4.800000000000000000e+05 8.208465546233719573e-03 3.104952006155528466e+01 2.523285777165491801e+39 1.015389502449250775e+44 2.170000000000000000e+02
3.000000000000000000e+00 1.017717635542344760e+04 2.807612011311558575e+01 7.398750510393702073e-02 6.713233693621917242e-01 0.000000000000000000e+00 1.168440591254284833e+01 1.786296518795995070e+01 4.050699063984724430e-02 1.514398668030773054e-01 1.916250649731648048e+00 5.208824023513751733e-01 1.000000000000000000e+00 1.000000000000000000e+00 4.800000000000000000e+05 7.536340003528575748e-02 8.874793508897072059e+01 4.159353571086527310e+40 1.793728782830656804e+44 2.210000000000000000e+02
4.000000000000000000e+00 3.516405934248828999e+03 2.561571322677954043e+01 3.573345678215038290e-02 6.959776669633422896e-01 0.000000000000000000e+00 1.420211685823602288e+01 1.278387812588503358e+01 2.504187735721213198e-02 5.210691370801607408e-02 1.266879470044217915e-01 4.077904945268996384e-01 1.000000000000000000e+00 1.000000000000000000e+00 1.000000000000000000e+04 1.832384217334465798e-02 3.747934535691119606e+01 1.469140300664757669e+39 9.695465515290172305e+45 2.010000000000000000e+02
4.000000000000000000e+00 2.337258739853029965e+03 2.899612839405120113e+01 1.269607507194122839e-02 6.811969589511210899e-01 0.000000000000000000e+00 1.734986969005086266e+01 1.315102225440525352e+01 1.573922669010303574e-02 6.023860228626046892e-02 9.817116310754372410e-01 1.268931364894437142e+00 1.000000000000000000e+00 1.000000000000000000e+00 2.400000000000000000e+05 4.191400541446277384e-02 9.237383537003341871e+01 1.236577450845649472e+40 1.437089417530242386e+46 2.050000000000000000e+02
4.000000000000000000e+00 8.662568442057752236e+02 6.223981111228896168e+01 3.216690330963991040e-01 8.153073657919110984e-01 0.000000000000000000e+00 3.710589828550939018e+01 2.900946968137329307e+01 5.812004866257789587e-02 6.845969589511210485e-01 8.597385060270669177e-01 0.000000000000000000e+00 1.000000000000000000e+00 2.000000000000000000e+00 2.700000000000000000e+05 4.403592935592635232e-02 1.952791101392793394e+02 6.531559181455650235e+40 5.639593744429625023e+45 2.090000000000000000e+02
4.000000000000000000e+00 1.535262615027252195e+03 3.228227356612975285e+01 9.590712934136660928e-02 6.546534089761407715e-01 0.000000000000000000e+00 2.209858771412754663e+01 1.177044868774752118e+01 1.868021301437059190e-01 4.846176174113148161e-02 7.890386107873723631e-01 9.323341293425436715e-01 1.000000000000000000e+00 1.000000000000000000e+00 3.000000000000000000e+05 1.325690398729631458e-01 1.801617534011077169e+02 5.736336257274990504e+40 8.493702883567689783e+45 2.100000000000000000e+02
4.000000000000000000e+00 1.268528597983476857e+03 3.251782101349346732e+01 3.793076300273277857e-04 6.132839259642149932e-01 0.000000000000000000e+00 2.243753929227089472e+01 1.156093838122182227e+01 6.083590482807234995e-02 7.427570121931517666e-02 9.253930397365101035e-01 2.796889408201070459e+00 1.000000000000000000e+00 1.000000000000000000e+00 3.100000000000000000e+05 4.859920341422692414e-02 1.447795070373087185e+02 3.476413860734756832e+40 1.278961616127462653e+46 2.120000000000000000e+02
4.000000000000000000e+00 7.682447006299984423e+03 2.618350782962589918e+01 -1.914318579848177382e-02 6.756455376190626527e-01 0.000000000000000000e+00 1.492774413375309095e+01 1.259520050175605377e+01 6.288967490662046578e-02 4.567283772292642097e-02 1.703071559559426351e+00 2.347113258478840780e+00 1.000000000000000000e+00 1.000000000000000000e+00 3.800000000000000000e+05 6.234029458083470421e-02 4.938632108490871531e+01 6.144941752418776651e+39 8.156919577325411985e+44 2.190000000000000000e+02
4.000000000000000000e+00 1.160355240979545670e+04 3.665770241549866881e+01 -7.719911959929792733e-02 6.179558452537587954e-01 0.000000000000000000e+00 1.258925067354626037e+01 2.567855403863515207e+01 9.238185754907245195e-02 1.131145110100755247e-01 1.622182789680057580e+00 3.058120000000000172e+00 1.000000000000000000e+00 1.000000000000000000e+00 4.100000000000000000e+05 4.092936211326993201e-02 1.882740133212482476e+02 3.863097139100965741e+41 4.380460836233727361e+43 2.200000000000000000e+02
4.000000000000000000e+00 3.353108925471426119e+03 2.540242852575376986e+01 -3.823263688418744588e-02 6.544427203655495129e-01 0.000000000000000000e+00 1.113417898119359606e+01 1.555771307844334572e+01 1.063952960538739473e-01 6.097421937189436564e-02 2.400728841693298143e+00 1.725728043804141132e+00 1.000000000000000000e+00 1.000000000000000000e+00 4.100000000000000000e+05 6.024387444080617909e-02 8.332669765297357856e+01 1.550129752410918629e+40 4.869436695339923081e+45 2.230000000000000000e+02
4.000000000000000000e+00 5.765034969518463186e+03 3.071389285959342885e+01 -1.314447248037809747e-02 6.363122986452035557e-01 0.000000000000000000e+00 1.096792652887130615e+01 2.116948555238968765e+01 5.368130644774332660e-02 4.097776489933541155e-02 1.297319641429383719e+00 2.305370037688114326e+00 1.000000000000000000e+00 1.000000000000000000e+00 4.300000000000000000e+05 2.740814407924082111e-02 1.590684153087656512e+02 1.549200050485545251e+41 3.650909407015091489e+44 2.220000000000000000e+02
4.000000000000000000e+00 1.160752946964304283e+04 4.979034431189877807e+01 4.073081891786775599e-01 5.780398107233446492e-01 0.000000000000000000e+00 3.666613465672480032e+01 1.497229415272310327e+01 6.169558452537587945e-01 1.296612531115481359e-01 0.000000000000000000e+00 2.529282709110845406e+00 2.000000000000000000e+00 1.000000000000000000e+00 4.300000000000000000e+05 2.698532563182607508e-02 1.178027289103931565e+02 8.298234041099538395e+40 2.890308471195520307e+44 2.310000000000000000e+02
4.000000000000000000e+00 1.078406250684264478e+03 4.154970378174976275e+01 4.626956565943637911e-01 5.513601875546153552e-01 0.000000000000000000e+00 1.076087675707900893e+01 3.261519479958970891e+01 3.861488976229368597e-02 6.242839259642150029e-01 2.347376986407695210e+00 0.000000000000000000e+00 1.000000000000000000e+00 2.000000000000000000e+00 4.500000000000000000e+05 7.867509297022647757e-03 1.046934928623368108e+02 1.184344104094273106e+40 2.934269201889053262e+46 2.340000000000000000e+02
4.000000000000000000e+00 7.025797910208789290e+02 7.260970365860758591e+01 6.933218192732197860e-01 4.536065185962857571e-01 0.000000000000000000e+00 1.247002241209620621e+01 6.251239424720841242e+01 1.431542297030719557e-01 8.357073657919110721e-01 1.714202362735588903e+00 0.000000000000000000e+00 1.000000000000000000e+00 3.000000000000000000e+00 4.700000000000000000e+05 2.334315887991258304e-02 8.485470873135903958e+01 5.378514352038855830e+39 1.817570362141842855e+46 2.360000000000000000e+02
4.000000000000000000e+00 8.245835425617329747e+03 3.180491281762625277e+01 -1.307936882784818677e-01 5.954030398972751659e-01 0.000000000000000000e+00 1.105278683746770518e+01 2.214706103317509900e+01 7.407091459132064681e-02 1.621969249220639731e-01 2.853490574635136667e+00 3.002280000000000282e+00 1.000000000000000000e+00 1.000000000000000000e+00 4.900000000000000000e+05 1.986339449373492116e-17 1.826623819250240217e+02 2.992720707964479498e+41 1.071912557156600950e+44 2.290000000000000000e+02
4.000000000000000000e+00 1.078702042829567472e+04 4.305252830883716797e+01 -6.924530171604195705e-02 5.667418894789156836e-01 0.000000000000000000e+00 1.291020800989460682e+01 3.193705145389193945e+01 1.238574672379105235e-01 2.233912737317348685e-01 2.093724462170414302e+00 1.900056586116368518e+00 1.000000000000000000e+00 1.000000000000000000e+00 4.900000000000000000e+05 1.795694221542837032e-01 3.617460339201229544e+02 2.438494679151671719e+42 1.453496721637893644e+43 2.300000000000000000e+02
4.000000000000000000e+00 1.389859457701177234e+04 4.221241685191883164e+01 -2.559122031924560697e-02 6.032080086236211169e-01 0.000000000000000000e+00 2.947320728244840993e+01 1.464561192018562608e+01 1.930007902326916214e-02 2.260578849320845074e-01 8.460952834290680347e-01 2.043083038107865068e+00 1.000000000000000000e+00 1.000000000000000000e+00 4.900000000000000000e+05 8.528798620931052343e-02 1.736062718186578877e+02 3.202389899101331065e+41 4.379002246201174276e+43 2.380000000000000000e+02
5.000000000000000000e+00 4.438834942856277485e+04 4.580272444737951076e+01 2.857609520823023094e-02 6.452594625740252221e-01 0.000000000000000000e+00 3.098798486213110692e+01 1.701428109953328516e+01 4.861581346112669316e-02 2.727471877928839411e-02 4.764251346871696269e-01 1.499677274381146841e+00 1.000000000000000000e+00 1.000000000000000000e+00 4.600000000000000000e+05 2.771323673048154204e-02 1.365819094734840462e+02 2.948792504966819577e+41 2.497905126727940775e+42 2.050000000000000000e+02
5.000000000000000000e+00 8.523786266468232498e+03 4.468127884227563129e+01 2.437040224966211671e-02 5.674538355613218954e-01 0.000000000000000000e+00 1.101331059003864077e+01 3.535907763236173906e+01 8.192395040257065275e-02 2.369976515159163619e-02 3.741523437919781481e-01 1.217070700328819921e+00 1.000000000000000000e+00 1.000000000000000000e+00 4.700000000000000000e+05 2.223248157989207371e-02 1.748058389127421606e+02 2.295230763562607035e+41 2.363023677550859864e+44 2.080000000000000000e+02
5.000000000000000000e+00 2.471323259598350342e+04 5.775389601606836720e+01 -2.492373629107479116e-02 6.296205866731193757e-01 0.000000000000000000e+00 3.713423425057623461e+01 2.332008304831319379e+01 1.206992804323260976e-01 2.128784219898226804e-01 1.118159601974319184e+00 2.343909014903858168e+00 1.000000000000000000e+00 1.000000000000000000e+00 4.800000000000000000e+05 1.154006528336592452e-01 9.426916898793497523e+01 6.411099977503522394e+40 5.365870686386079781e+43 2.070000000000000000e+02
5.000000000000000000e+00 8.841884800850051761e+03 2.598676871641784203e+01 -3.466078959383987745e-02 6.858169766068767936e-01 0.000000000000000000e+00 1.173015329234883097e+01 1.549444709004612619e+01 1.377576513529535085e-01 1.585853898605710244e-01 4.877615178912954041e-01 2.876102579367244783e+00 1.000000000000000000e+00 1.000000000000000000e+00 4.900000000000000000e+05 4.698210784914708116e-02 1.288213769223715417e+02 1.200662334971481876e+41 1.035287970719104560e+44 2.090000000000000000e+02
5.000000000000000000e+00 2.715503541853692514e+04 4.239151016419911855e+01 -3.922954273753512938e-02 6.260855605939065205e-01 0.000000000000000000e+00 1.688486459756751046e+01 2.763661626959420659e+01 1.491305257686222629e-01 2.890910750025130552e-02 2.516157093660521760e+00 1.192819161607183709e+00 1.000000000000000000e+00 1.000000000000000000e+00 4.900000000000000000e+05 4.978421940011786700e-02 1.242170266527471938e+02 1.740020281528294608e+41 1.236903455880178872e+43 2.100000000000000000e+02
6.000000000000000000e+00 1.113463202881332336e+03 5.277986505832593167e+01 -2.607905683350268677e-02 6.385477569465518588e-01 0.000000000000000000e+00 2.171250781074623859e+01 3.374569841798872005e+01 1.068814301706858538e-01 7.656378184993062330e-02 2.846425088088725186e+00 1.266551612136012306e+00 1.000000000000000000e+00 1.000000000000000000e+00 2.700000000000000000e+05 7.304747436694809803e-02 1.303877295160253027e+02 1.766406163207410508e+40 2.829021607139021330e+46 2.040000000000000000e+02
6.000000000000000000e+00 1.018089584960840511e+04 2.542547020054014695e+01 -5.448498241842484810e-03 6.818247066452290950e-01 0.000000000000000000e+00 1.395034529360450826e+01 1.278635313022774156e+01 3.321085241019621631e-02 6.072251175150349123e-02 5.066385388682045354e-01 2.359417090038210318e+00 1.000000000000000000e+00 1.000000000000000000e+00 3.100000000000000000e+05 3.874273453461000993e-02 3.973171929740742314e+01 3.888613433873750119e+39 3.890922810329147316e+44 2.050000000000000000e+02
6.000000000000000000e+00 1.251947028610465168e+03 3.036385758578910909e+01 1.022195860777222187e-01 7.051511064698926523e-01 0.000000000000000000e+00 1.452886072113711435e+01 1.750431928680415083e+01 2.778997450820029289e-02 1.824127985582725264e-01 9.023802553466719889e-01 3.266313342138900677e-01 1.000000000000000000e+00 1.000000000000000000e+00 3.300000000000000000e+05 5.852792994309833491e-02 8.167120697138928165e+01 6.684428995630943022e+39 2.029937641385332966e+46 2.070000000000000000e+02
6.000000000000000000e+00 4.192713791313950424e+03 2.501368171922826988e+01 -1.011505491435564646e-01 6.586365218638315921e-01 0.000000000000000000e+00 1.132646080735255900e+01 1.490927258586695814e+01 2.176993083458489409e-02 2.448718672346954783e-01 1.295265612266392141e+00 2.411721359351066685e+00 1.000000000000000000e+00 1.000000000000000000e+00 3.500000000000000000e+05 1.632741261435112778e-01 1.255668078007796424e+02 6.559990191835837512e+40 1.037026646086559447e+45 2.090000000000000000e+02
6.000000000000000000e+00 8.765716746576003061e+03 2.933412169901965072e+01 -1.232133863026598497e-01 6.433567050465647252e-01 0.000000000000000000e+00 1.211577324922587273e+01 1.860293212633801829e+01 3.128605541500508597e-02 1.962073681221256638e-01 1.943650294410976587e+00 3.100000000000000089e+00 1.000000000000000000e+00 1.000000000000000000e+00 3.500000000000000000e+05 1.786463788576688611e-02 1.521352259367074282e+02 1.867044298222181872e+41 1.034281447316290343e+44 2.130000000000000000e+02
6.000000000000000000e+00 1.451325004197331054e+03 2.791124067746027748e+01 8.396074587082824614e-02 6.936293970174917112e-01 0.000000000000000000e+00 1.727254428832366528e+01 1.210840272399712170e+01 1.083468088154757869e-01 1.023669430817631815e-01 4.159963359468570321e-01 9.158225181696368900e-01 1.000000000000000000e+00 1.000000000000000000e+00 3.500000000000000000e+05 5.412329361242983888e-02 8.981686069659457416e+01 8.779335268152210547e+39 2.210431423144902789e+46 2.140000000000000000e+02
6.000000000000000000e+00 6.808193725077277122e+03 2.118612084218541014e+01 3.623802204083305389e-02 6.876921714403715358e-01 0.000000000000000000e+00 1.211558733199313487e+01 1.013331541921871448e+01 1.571473150010101738e-01 4.035799375997019267e-02 9.527172906381055073e-01 2.383679743998632361e+00 1.000000000000000000e+00 1.000000000000000000e+00 3.600000000000000000e+05 1.280739777023157111e-01 1.151349139471818859e+02 7.876974747169563218e+40 1.929997741861541598e+44 2.100000000000000000e+02
6.000000000000000000e+00 1.380496433138977955e+04 3.602677253882475839e+01 2.284670810883571851e-02 6.861014610743373376e-01 0.000000000000000000e+00 2.142535175797845071e+01 1.648456375332361290e+01 9.630087427173765480e-02 1.309480256695123024e-01 1.340831833409588558e+00 1.386392134788541508e+00 1.000000000000000000e+00 1.000000000000000000e+00 3.600000000000000000e+05 9.542198148555432191e-02 7.297670349409665391e+01 2.526411549396192201e+40 1.574159277954477678e+44 2.180000000000000000e+02
6.000000000000000000e+00 1.021756236808001267e+04 4.235474241996801226e+01 -4.224040459273510628e-02 6.716527802880797315e-01 0.000000000000000000e+00 2.288519662946106337e+01 2.156364584103139492e+01 1.201733887523433741e-01 1.109321745381295493e-01 1.428414618131580216e+00 2.817792789354486072e+00 1.000000000000000000e+00 1.000000000000000000e+00 3.700000000000000000e+05 1.189838665595093353e-01 9.193267156639313953e+01 3.886591198109700746e+40 3.774519705718506497e+44 2.110000000000000000e+02
6.000000000000000000e+00 4.883790036192342086e+03 4.590872066073357871e+01 -1.283211014188091192e-01 5.550914994838582750e-01 0.000000000000000000e+00 3.555295132563540506e+01 1.220772018466540132e+01 1.971565540934648031e-01 3.410361968847824138e-02 2.688182653162988434e+00 1.143459743403781426e+00 1.000000000000000000e+00 1.000000000000000000e+00 3.700000000000000000e+05 3.801717267894057228e-02 2.054275497090911813e+02 2.302383159894303319e+41 9.071388191380934727e+44 2.120000000000000000e+02
6.000000000000000000e+00 5.785697558967605801e+03 2.408082235833529339e+01 -9.455566989202951467e-02 6.520366867823960133e-01 0.000000000000000000e+00 1.437665027420691111e+01 1.089844750786935279e+01 1.465467351265951901e-01 9.518910351369845591e-02 2.569895997751737937e+00 2.209038918631617054e+00 1.000000000000000000e+00 1.000000000000000000e+00 3.700000000000000000e+05 7.929053071905850514e-02 1.024123365003414534e+02 4.668715119495806718e+40 5.787219063554813274e+44 2.190000000000000000e+02
6.000000000000000000e+00 1.133847200863920079e+03 3.236153280318258396e+01 -3.625947071450086323e-03 5.878602814045497116e-01 0.000000000000000000e+00 1.009157937178152942e+01 2.370203031678480698e+01 1.464256151963917174e-01 5.967892544264014748e-02 1.908294425804462513e+00 1.308514472132230599e+00 1.000000000000000000e+00 1.000000000000000000e+00 3.700000000000000000e+05 5.763795645765356496e-02 1.645124824521840310e+02 5.458523067005734027e+40 8.586663979189429969e+45 2.200000000000000000e+02
6.000000000000000000e+00 9.522443224007231038e+03 4.783691072919733500e+01 -1.568779018676445813e-02 5.693894329701917334e-01 0.000000000000000000e+00 1.379261860634404258e+01 3.603025210794569944e+01 3.479802303033249777e-02 6.065156330889327069e-02 2.220358858564724702e+00 1.797563087790727820e+00 1.000000000000000000e+00 1.000000000000000000e+00 3.700000000000000000e+05 5.909878686876132020e-02 1.918172286339202230e+02 3.180754321828814567e+41 1.514018479404248330e+44 2.220000000000000000e+02
6.000000000000000000e+00 1.409013232676248663e+04 2.377067950324787660e+01 3.346299631563214722e-02 6.970151933804803468e-01 0.000000000000000000e+00 1.212925280460477673e+01 1.288757908439369793e+01 1.036160393795447499e-01 6.926377402699328278e-02 7.800259804498647087e-01 1.633914385504051880e+00 1.000000000000000000e+00 1.000000000000000000e+00 3.800000000000000000e+05 8.149803700017459185e-02 3.220347545052255356e+01 2.587569486063879678e+39 1.391915439943577299e+44 2.150000000000000000e+02
6.000000000000000000e+00 3.134400526373881803e+03 2.579111315728988529e+01 -1.171122223819219960e-01 6.242906500282489057e-01 0.000000000000000000e+00 1.080202905731184337e+01 1.622537236619965739e+01 1.394474083055011471e-01 1.791604158891843823e-01 2.879409703623557526e+00 2.199855388143129531e+00 1.000000000000000000e+00 1.000000000000000000e+00 3.800000000000000000e+05 1.448657977494880456e-01 2.129466874166866432e+02 2.393203550411034688e+41 7.778556714278760762e+44 2.210000000000000000e+02
6.000000000000000000e+00 7.470631674980788375e+03 5.261286744960169415e+01 -1.676503509979959117e-01 5.616195714532585814e-01 0.000000000000000000e+00 3.741837561859067307e+01 1.736794577914081827e+01 2.682777832930693385e-01 1.570693285896658242e-01 2.314500895716730788e+00 2.637523153156953182e+00 1.000000000000000000e+00 1.000000000000000000e+00 3.900000000000000000e+05 1.706232582042888912e-01 1.863407661830207473e+02 2.315605398716633231e+41 4.208755515921876582e+44 2.160000000000000000e+02
6.000000000000000000e+00 5.570658714601299835e+03 2.760178043205380050e+01 -4.040128739828830612e-03 6.849608439030384632e-01 0.000000000000000000e+00 1.326662233204005759e+01 1.575123680303320128e+01 5.353355677548943259e-02 1.051877947323769658e-01 6.585142400594404810e-01 1.993011301088741583e+00 1.000000000000000000e+00 1.000000000000000000e+00 3.900000000000000000e+05 5.446265413052649856e-02 1.528007897051132602e+02 1.410981844615053805e+41 3.117327564364418981e+44 2.230000000000000000e+02
6.000000000000000000e+00 1.212530690868808051e+04 3.846238171001724737e+01 4.319818254260254786e-01 7.030431472389887526e-01 0.000000000000000000e+00 1.522694797258149713e+01 2.547229613235523260e+01 2.618122741214788315e-02 6.866247066452290104e-01 1.339404051509657911e+00 0.000000000000000000e+00 1.000000000000000000e+00 2.000000000000000000e+00 4.000000000000000000e+05 1.417598901000911675e-02 9.483816459219970341e+01 4.977218894323651057e+40 1.601065799522744199e+44 2.240000000000000000e+02
6.000000000000000000e+00 1.254903956445025415e+03 3.639273368029692080e+01 5.062772792390241028e-01 5.910496460557999043e-01 0.000000000000000000e+00 1.021061881344874678e+01 2.793693083454377657e+01 1.514425997808614144e-01 6.990293970174916716e-01 1.710613197728669155e+00 0.000000000000000000e+00 1.000000000000000000e+00 2.000000000000000000e+00 4.000000000000000000e+05 4.798643939238218109e-02 1.484870651145648992e+02 3.396031342223561066e+40 1.607849858344815808e+46 2.260000000000000000e+02
6.000000000000000000e+00 1.507043081682819684e+04 6.414531873069142875e+01 4.018206923399080671e-02 6.973364633092755671e-01 0.000000000000000000e+00 3.667157640089225623e+01 3.092121612418523569e+01 1.236282885172336199e-01 1.241447543317154845e-01 1.333686953326607583e+00 1.126173946301751938e+00 1.000000000000000000e+00 1.000000000000000000e+00 4.100000000000000000e+05 1.199671857301767425e-01 7.041296408649043315e+01 1.887514654068666154e+40 3.918366684270468385e+44 2.080000000000000000e+02
6.000000000000000000e+00 9.832267409726047845e+03 5.141415693137735587e+01 5.162182062769589130e-01 4.560515052721653140e-01 0.000000000000000000e+00 1.101465732772678763e+01 4.238397727710359675e+01 1.164512332506311421e-01 6.760527802880796910e-01 2.584106333067944572e+00 0.000000000000000000e+00 1.000000000000000000e+00 2.000000000000000000e+00 4.100000000000000000e+05 1.353157246559439676e-02 9.667171642830020062e+01 4.027742474043181448e+40 1.229681110526011817e+45 2.280000000000000000e+02
6.000000000000000000e+00 1.465082409363034003e+03 2.096721916185356704e+01 -1.911448298158473225e-02 6.818305441662141364e-01 0.000000000000000000e+00 1.029093370365639437e+01 1.174136600507047135e+01 4.095104378679965962e-02 7.188977872690406612e-02 1.669053964279583746e-01 3.009260000000000268e+00 1.000000000000000000e+00 1.000000000000000000e+00 4.100000000000000000e+05 9.485623254021580131e-03 5.960227138287496729e+01 3.306099596391617829e+39 2.200492845054120794e+46 2.290000000000000000e+02
6.000000000000000000e+00 1.142670011568129303e+04 3.812416194465261299e+01 -1.695590577921899517e-02 6.020530978643451325e-01 0.000000000000000000e+00 2.618691425139489226e+01 1.366454694641273271e+01 5.549627416511666855e-02 1.534653984527653559e-01 8.504902719998516103e-01 2.464420808577608479e+00 1.000000000000000000e+00 1.000000000000000000e+00 4.200000000000000000e+05 4.586581695614265486e-02 1.345183975939154948e+02 1.372297873449861586e+41 1.210539414529356769e+44 2.250000000000000000e+02
6.000000000000000000e+00 1.739251977243373767e+04 2.619648321313551875e+01 -9.953817496165628942e-02 6.289504669571270856e-01 0.000000000000000000e+00 1.020559903800952561e+01 1.716354834312209476e+01 2.344862961677953439e-01 1.115650382697499637e-01 1.918800020575701648e+00 3.058120000000000172e+00 1.000000000000000000e+00 1.000000000000000000e+00 4.200000000000000000e+05 4.919463486499968397e-02 3.191373290920594172e+02 2.741965198755871519e+42 1.494220791704807382e+42 2.270000000000000000e+02
6.000000000000000000e+00 1.390094953806585363e+04 4.276162939126858475e+01 -9.199991678685336127e-02 5.573142904898359395e-01 0.000000000000000000e+00 3.338664379576042762e+01 1.109048071232056820e+01 2.160254652202804326e-01 5.094403846326328589e-02 2.230712808970555905e+00 9.478056640907357444e-01 1.000000000000000000e+00 1.000000000000000000e+00 4.200000000000000000e+05 1.560114141825298117e-01 3.205856401073660322e+02 2.006075517438339825e+42 9.804897788250477938e+42 2.320000000000000000e+02
6.000000000000000000e+00 6.145028365417948407e+03 5.031173329658157201e+01 -1.378250798108133501e-01 5.188965730755752404e-01 0.000000000000000000e+00 3.983792992293683000e+01 1.231126365373291343e+01 1.760666622197882836e-01 2.636618388656590886e-02 3.058120000000000172e+00 2.225888125921738681e+00 1.000000000000000000e+00 1.000000000000000000e+00 4.200000000000000000e+05 1.467969039595564025e-02 1.963529934845317371e+02 2.355209568754777062e+41 7.058191251070089832e+44 2.340000000000000000e+02
6.000000000000000000e+00 1.589464146909917508e+04 3.722664948486551850e+01 -1.692471459487645408e-02 6.689072216847634644e-01 0.000000000000000000e+00 2.174294739081651784e+01 1.735840503154140535e+01 4.746331816988309110e-02 7.737620577480526507e-02 1.009695930147422649e+00 2.694177210490086516e+00 1.000000000000000000e+00 1.000000000000000000e+00 4.300000000000000000e+05 4.584164193462199333e-02 4.950863002820040748e+01 8.482502742796646001e+39 1.884752991658787142e+44 2.170000000000000000e+02
6.000000000000000000e+00 6.979714926222871327e+03 7.604640109701399808e+01 3.772158266944196647e-01 6.676366283788923717e-01 0.000000000000000000e+00 5.264918285551613764e+01 2.729456473395561389e+01 5.694195714532584995e-01 1.043459345105077901e-02 0.000000000000000000e+00 9.020942051310250065e-01 2.000000000000000000e+00 1.000000000000000000e+00 4.300000000000000000e+05 2.103557854187834003e-02 8.793571147139151378e+01 1.854837539445904842e+40 4.202288588190162133e+45 2.310000000000000000e+02
6.000000000000000000e+00 1.378751538930183415e+03 3.438683873134971236e+01 4.221743567198779634e-01 5.726821325642078575e-01 0.000000000000000000e+00 1.027064885904913183e+01 2.581485189954164383e+01 1.068103579603645187e-01 6.296906500282488661e-01 2.767140745137496527e+00 0.000000000000000000e+00 1.000000000000000000e+00 2.000000000000000000e+00 4.300000000000000000e+05 1.374113500896230640e-02 9.982919910067614921e+01 1.006787848671895561e+40 3.769536929456675556e+46 2.350000000000000000e+02
6.000000000000000000e+00 7.585325057418031065e+03 4.017097086510040782e+01 -7.548669932624595125e-02 5.942983306962026369e-01 0.000000000000000000e+00 2.814375421542484190e+01 1.381490430816702641e+01 7.267473704611736307e-02 8.193344031315365206e-02 3.065100000000000158e+00 3.058120000000000172e+00 1.000000000000000000e+00 1.000000000000000000e+00 4.400000000000000000e+05 8.900088410240319665e-18 1.648962458681387488e+02 1.860901276058920798e+41 2.869008875270417421e+44 2.300000000000000000e+02
6.000000000000000000e+00 3.701866078625536375e+03 2.453448755437071682e+01 5.342515759618103599e-03 6.895740123885013562e-01 0.000000000000000000e+00 1.268413982763615699e+01 1.306958862000743160e+01 1.396259220428973657e-01 1.419305354066546510e-01 5.820515524875823354e-01 2.379457735343488256e+00 1.000000000000000000e+00 1.000000000000000000e+00 4.400000000000000000e+05 1.297579319597352843e-01 6.557210811739670930e+01 8.469184517264860142e+39 4.425953603304218129e+45 2.360000000000000000e+02
6.000000000000000000e+00 1.325488416457284802e+04 5.002217733865303018e+01 -8.805158992474544644e-02 5.833395162934114087e-01 0.000000000000000000e+00 1.448340276115380121e+01 3.755259065425385501e+01 4.542044377705833219e-02 1.317623222871463495e-01 1.066466810739603366e+00 3.001780858713585243e+00 1.000000000000000000e+00 1.000000000000000000e+00 4.400000000000000000e+05 1.836196880213114210e-02 1.981129163222207410e+02 4.300585938571284016e+41 5.366389946020051929e+43 2.370000000000000000e+02
6.000000000000000000e+00 1.491936526693883206e+04 8.668255382492328920e+01 5.010212264798560300e-01 6.328769796105060408e-01 0.000000000000000000e+00 2.690257224141352665e+01 6.417483236492297749e+01 3.484320631053116485e-02 7.007364633092755257e-01 7.865352488773753592e-01 0.000000000000000000e+00 1.000000000000000000e+00 2.000000000000000000e+00 4.400000000000000000e+05 9.197877742684620536e-03 9.994908055986510931e+01 4.691985312713360201e+40 4.857092752040107168e+44 2.380000000000000000e+02
6.000000000000000000e+00 1.526808966485912060e+04 4.652632836479082812e+01 3.593044198874310036e-01 8.011421183868954188e-01 0.000000000000000000e+00 2.380350568581880566e+01 2.553608064792219778e+01 7.024151933804803072e-01 5.474324285292406223e-02 0.000000000000000000e+00 7.654679108006992028e-01 2.000000000000000000e+00 1.000000000000000000e+00 4.500000000000000000e+05 3.793019512244351354e-02 1.830477144774709757e+02 3.825195628740569170e+41 1.983151918676509282e+43 2.410000000000000000e+02
6.000000000000000000e+00 1.488629266524742434e+03 2.040805295356568294e+01 -7.006110006009652613e-02 6.638435253938883562e-01 0.000000000000000000e+00 1.057013152428470626e+01 1.089521114873467056e+01 1.316541759724108862e-01 3.455134180839994351e-02 2.992397344972433704e+00 1.917012337462833838e+00 1.000000000000000000e+00 1.000000000000000000e+00 4.500000000000000000e+05 3.250118632819193332e-02 2.999372373172608519e+01 4.286692197519645149e+38 3.496480652697743842e+46 2.430000000000000000e+02
6.000000000000000000e+00 1.154758808168705036e+04 4.841590174464547403e+01 5.260705695150214023e-01 5.126971381617482226e-01 0.000000000000000000e+00 1.202826192357557922e+01 3.851549643750971796e+01 1.317397931219866092e-01 7.206431472389885906e-01 2.398012317671369686e+00 0.000000000000000000e+00 1.000000000000000000e+00 3.000000000000000000e+00 4.700000000000000000e+05 4.449976640038071918e-01 1.046826372827094360e+02 5.874725859990107719e+40 4.537682894382401941e+44 2.390000000000000000e+02
6.000000000000000000e+00 1.077832927145202848e+04 3.232001339419814911e+01 6.625890352362303996e-03 6.837165674194599641e-01 0.000000000000000000e+00 1.501221982981522096e+01 1.897472437864314898e+01 4.638173423586224725e-02 5.109775067150340577e-02 8.853620688436785180e-01 1.795002565671896866e+00 1.000000000000000000e+00 1.000000000000000000e+00 4.700000000000000000e+05 3.525160866050292691e-02 8.258103690614994719e+01 3.277980623049646620e+40 2.192402991404556367e+44 2.400000000000000000e+02
6.000000000000000000e+00 1.068621989936162436e+03 5.866550154023627073e+01 6.579707423432858970e-01 8.713808115709043012e-01 0.000000000000000000e+00 3.242859055691561565e+01 3.045478138330890161e+01 5.982602814045496764e-01 7.215511064698926225e-01 0.000000000000000000e+00 0.000000000000000000e+00 2.000000000000000000e+00 2.000000000000000000e+00 4.700000000000000000e+05 0.000000000000000000e+00 3.400493708859734454e+01 2.942082905546283880e+38 4.497374805752908080e+46 2.510000000000000000e+02
6.000000000000000000e+00 1.256130738836384580e+03 5.198988809473575401e+01 6.165531633411913681e-01 8.666383087584949019e-01 0.000000000000000000e+00 2.099134533377963763e+01 3.441057383774435152e+01 6.868305441662141408e-01 5.736821325642078584e-01 0.000000000000000000e+00 0.000000000000000000e+00 2.000000000000000000e+00 3.000000000000000000e+00 4.700000000000000000e+05 0.000000000000000000e+00 9.795540103459870807e+01 6.354042677281075529e+39 3.144430517882021970e+46 2.520000000000000000e+02
6.000000000000000000e+00 1.446344182678990182e+04 4.970837279013587562e+01 4.455294726339286693e-01 5.745513902546717233e-01 0.000000000000000000e+00 3.612634377613154868e+01 1.534052900060393121e+01 6.983014610743372153e-01 1.507938756922678758e-01 0.000000000000000000e+00 3.023220000000000240e+00 2.000000000000000000e+00 1.000000000000000000e+00 4.900000000000000000e+05 1.619464438165785225e-01 1.004198650375222712e+02 5.939772267102833829e+40 2.107435193017231844e+44 2.490000000000000000e+02
7.000000000000000000e+00 2.456684480095135586e+04 3.813647288090470511e+01 -3.334863122121822787e-02 6.432319696598147729e-01 0.000000000000000000e+00 2.397826505844463085e+01 1.600997446754936249e+01 4.447061051660101266e-02 9.807807352912661925e-02 1.348760486128046443e+00 3.093020000000000103e+00 1.000000000000000000e+00 1.000000000000000000e+00 2.700000000000000000e+05 4.337890801492939180e-02 1.147406762754742715e+02 1.347938061579075777e+41 1.527226848291178470e+43 2.040000000000000000e+02
7.000000000000000000e+00 8.066548166346116204e+02 4.756141416819642842e+01 -1.354130169328872715e-02 5.300942316942890420e-01 0.000000000000000000e+00 3.620501636887864549e+01 1.322590098482615772e+01 8.458926696075841356e-02 1.672244941420297781e-01 1.292459161334368334e+00 2.322801217255199724e+00 1.000000000000000000e+00 1.000000000000000000e+00 2.800000000000000000e+05 8.133373424672403484e-02 1.675497339615734518e+02 5.082964516172906567e+40 7.389499678551313599e+45 2.050000000000000000e+02
7.000000000000000000e+00 3.809385442672861245e+03 2.501986366570997689e+01 -1.644528303299125360e-02 6.589227934929374753e-01 0.000000000000000000e+00 1.603188326785173956e+01 1.023921025036014854e+01 4.539716196380087082e-02 1.288613545751683340e-02 2.225715905597365651e+00 1.485312534301799881e+00 1.000000000000000000e+00 1.000000000000000000e+00 3.100000000000000000e+05 3.600434909656771709e-02 1.336703926865311587e+02 7.278050634702746369e+40 1.196416756896083787e+45 2.060000000000000000e+02
7.000000000000000000e+00 5.206585439733588828e+03 2.495581528672762772e+01 6.296783169332897945e-02 6.830715430973408608e-01 0.000000000000000000e+00 1.123937272967168610e+01 1.506632898486670413e+01 6.410606356933101768e-02 1.361947837006961259e-01 1.993835060619798760e+00 3.130827097091783418e-01 1.000000000000000000e+00 1.000000000000000000e+00 3.200000000000000000e+05 7.195184317237217353e-02 5.571486664829121338e+01 6.829503002778325314e+39 2.055705708649257400e+45 2.080000000000000000e+02
7.000000000000000000e+00 8.011448917061959946e+03 2.427701805468907992e+01 -5.291757515253473799e-03 6.840583051028743533e-01 0.000000000000000000e+00 1.320690180266051783e+01 1.234746749321856818e+01 4.241741375111420659e-02 1.530938221302247798e-02 1.834233996997975735e+00 1.514427457014581480e+00 1.000000000000000000e+00 1.000000000000000000e+00 3.500000000000000000e+05 4.095403467465177916e-02 5.541880916432232596e+01 9.226928625026316642e+39 5.336663065128583360e+44 2.100000000000000000e+02
7.000000000000000000e+00 1.070317893030538107e+04 3.920671257516490016e+01 2.013975697573997317e-02 6.918499974754167559e-01 0.000000000000000000e+00 2.111812842261947054e+01 2.016689787478881613e+01 6.663378966812842641e-02 4.328784162209601410e-02 1.124853742577161642e+00 1.310660277333163037e+00 1.000000000000000000e+00 1.000000000000000000e+00 3.600000000000000000e+05 6.011730633545118302e-02 1.029372938500186407e+01 5.821920242582837463e+37 1.128708970793303057e+45 2.120000000000000000e+02
7.000000000000000000e+00 3.997376594698024746e+03 3.712770423962153643e+01 4.426963064104381118e-01 6.819563448794289107e-01 0.000000000000000000e+00 2.497878520133197711e+01 1.379591942310251795e+01 6.952715430973407384e-01 3.464097440320651478e-02 0.000000000000000000e+00 2.006318445516865001e+00 2.000000000000000000e+00 1.000000000000000000e+00 3.700000000000000000e+05 1.597357566207301821e-02 1.024925558800632786e+02 2.686234098552574637e+40 3.814765745358395895e+45 2.110000000000000000e+02
7.000000000000000000e+00 4.416367796528762483e+03 3.825406218468778263e+01 -1.456518122543997221e-02 6.441100019602766791e-01 0.000000000000000000e+00 2.510942653499858679e+01 1.499490019935958429e+01 2.751542636488881963e-02 3.257812714455895348e-02 1.711367753535385505e+00 3.072080000000000144e+00 1.000000000000000000e+00 1.000000000000000000e+00 3.800000000000000000e+05 2.724401683748554556e-02 1.279235885390401677e+02 5.659931791418811786e+40 2.079049458857507048e+45 2.130000000000000000e+02
7.000000000000000000e+00 1.211310832434298391e+04 2.708803679402143061e+01 -5.472845969666170762e-02 6.684819037011276999e-01 0.000000000000000000e+00 1.488532891973082606e+01 1.356107433136376450e+01 1.234826935515650481e-01 6.488507555863932963e-02 2.011797912104167363e+00 2.641727109653633665e+00 1.000000000000000000e+00 1.000000000000000000e+00 3.800000000000000000e+05 1.116684368070284816e-01 3.960724031458601502e+01 4.179888143195683579e+39 2.730101082902487170e+44 2.140000000000000000e+02
7.000000000000000000e+00 7.869063804591503867e+03 3.329157860984931006e+01 4.713377251929020684e-01 6.336989928441298936e-01 0.000000000000000000e+00 1.073923996464945141e+01 2.428818805189662555e+01 6.459093638854705721e-02 6.840583051028743533e-01 1.722443525996008251e+00 0.000000000000000000e+00 1.000000000000000000e+00 2.000000000000000000e+00 3.800000000000000000e+05 2.527499958217236178e-02 9.786063445727336330e+01 4.363910660841368746e+40 5.090400561467544309e+44 2.150000000000000000e+02
7.000000000000000000e+00 1.231553310200257101e+03 2.517971950456258412e+01 -1.297194790457988356e-01 6.471343285878699003e-01 0.000000000000000000e+00 1.222296955079641201e+01 1.418696122197271414e+01 9.118555628128463542e-02 2.117392395364019464e-01 2.689016001333841110e+00 2.509488579660155594e+00 1.000000000000000000e+00 1.000000000000000000e+00 4.000000000000000000e+05 1.251047750134202385e-01 1.503189196352471697e+02 4.869481983470718123e+40 6.053872130139446815e+45 2.160000000000000000e+02
7.000000000000000000e+00 1.650547630755508362e+04 3.012686621775115370e+01 -8.981455214784326343e-04 6.639781581396951848e-01 0.000000000000000000e+00 1.253914513299733891e+01 1.910070313897424654e+01 2.374806376311424435e-03 3.055847756087903475e-02 9.489812065699582133e-01 1.649280419283456256e+00 1.000000000000000000e+00 1.000000000000000000e+00 4.000000000000000000e+05 3.046440952861417459e-02 1.206974303982807868e+02 1.364594813141370900e+41 2.640938137510989474e+43 2.180000000000000000e+02
7.000000000000000000e+00 1.010980270069586732e+04 5.039758410685613654e+01 5.214374305030153867e-01 5.709565146757973331e-01 0.000000000000000000e+00 3.924279934810427051e+01 1.321433863854078083e+01 6.958499974754167594e-01 1.157770965505102757e-02 0.000000000000000000e+00 1.265309553208543880e+00 2.000000000000000000e+00 1.000000000000000000e+00 4.100000000000000000e+05 3.225878735806633237e-03 1.014090970308563442e+02 4.786516536955964206e+40 6.305762065352554474e+44 2.200000000000000000e+02
7.000000000000000000e+00 1.332586010916853866e+03 2.215625975657484403e+01 3.323516530225462812e-02 6.948656156371445514e-01 0.000000000000000000e+00 1.231656208519210693e+01 1.102117857304119397e+01 2.929931616294115249e-02 5.838589528121062439e-02 3.959387665566691528e-01 8.121307706059430753e-01 1.000000000000000000e+00 1.000000000000000000e+00 4.200000000000000000e+05 3.732061420452422590e-02 3.538891142240501608e+01 6.822101603835345650e+38 2.457642884447175271e+46 2.220000000000000000e+02
7.000000000000000000e+00 1.792573908083892456e+04 4.881863505991620400e+01 4.930044957982245013e-02 5.342434466235972401e-01 0.000000000000000000e+00 1.297346116305584118e+01 3.784784127714214463e+01 1.183285844567569245e-01 1.108053145341153511e-01 2.168678594366198809e+00 6.376622534762576011e-01 1.000000000000000000e+00 1.000000000000000000e+00 4.300000000000000000e+05 1.083916404916448750e-01 1.666390688170880026e+02 3.123819204576528069e+41 3.862822529347998412e+43 2.070000000000000000e+02
7.000000000000000000e+00 6.983960175516729123e+02 8.116080334480818692e+01 2.796692364813018750e-01 7.305635669019102663e-01 0.000000000000000000e+00 3.839231599875994050e+01 4.771480875456399673e+01 8.692869115950078995e-02 5.454942316942890113e-01 2.193558749717573697e+00 0.000000000000000000e+00 1.000000000000000000e+00 2.000000000000000000e+00 4.300000000000000000e+05 5.508326070840623839e-02 9.500784081775223910e+01 7.089290342358152666e+39 8.073256696933211517e+45 2.230000000000000000e+02
7.000000000000000000e+00 1.087606182637004713e+04 2.619356095054670064e+01 -2.635263331120143993e-02 6.786176863878619070e-01 0.000000000000000000e+00 1.310695601732398252e+01 1.443160926492821261e+01 2.168115954917529051e-02 6.013478845212084228e-02 1.096756271034631913e+00 2.972296511183334822e+00 1.000000000000000000e+00 1.000000000000000000e+00 4.400000000000000000e+05 1.728063556550139823e-02 4.112017145243631688e+01 4.437516050670167081e+39 3.332095499165827746e+44 2.240000000000000000e+02
7.000000000000000000e+00 1.354646953328077416e+03 2.130049425392807549e+01 4.789344803199055423e-02 6.992676271796052223e-01 0.000000000000000000e+00 1.065376122983536433e+01 1.182699379367238990e+01 1.662809048639407039e-01 1.041191996368728279e-01 1.487260573867384528e+00 7.161967366148438430e-01 1.000000000000000000e+00 1.000000000000000000e+00 4.500000000000000000e+05 1.470544059304110529e-01 1.562662676138675977e+02 6.022357780894033671e+40 3.983418341440177620e+45 2.280000000000000000e+02
7.000000000000000000e+00 1.154219748208633746e+03 3.398438328214685811e+01 4.691584901361813276e-01 6.311039202879140664e-01 0.000000000000000000e+00 2.520869283846671038e+01 1.025647495367229212e+01 6.535343285878698616e-01 1.837060495225877887e-01 0.000000000000000000e+00 1.483624896461187781e+00 2.000000000000000000e+00 1.000000000000000000e+00 4.600000000000000000e+05 6.599962404781503644e-02 1.519385057533943666e+02 4.098767424701968451e+40 9.972192910026463589e+45 2.310000000000000000e+02
7.000000000000000000e+00 1.172463139890008961e+03 4.415222325897212130e+01 3.648341585711515900e-01 7.663573810822147392e-01 0.000000000000000000e+00 2.182625153945931729e+01 2.510055747402278215e+01 5.345707385669067058e-02 6.743227934929374445e-01 1.403206049133884470e+00 0.000000000000000000e+00 1.000000000000000000e+00 2.000000000000000000e+00 4.600000000000000000e+05 4.492779192425672835e-02 1.218938048422462828e+02 1.645506999867484430e+40 1.750201619670474835e+46 2.320000000000000000e+02
7.000000000000000000e+00 1.244094245139292752e+03 5.565243850457525099e+01 6.916570804820671992e-01 8.756765138057667208e-01 0.000000000000000000e+00 2.217155285131780573e+01 3.719608210376575386e+01 6.978656156371445540e-01 6.879563448794289160e-01 0.000000000000000000e+00 0.000000000000000000e+00 2.000000000000000000e+00 3.000000000000000000e+00 4.600000000000000000e+05 0.000000000000000000e+00 8.571749213848264048e+01 3.911175639236019872e+39 4.102985024953577427e+46 2.340000000000000000e+02
7.000000000000000000e+00 1.114397949894929297e+04 3.124369906679519815e+01 -1.258422106175738180e-02 6.360970602555300335e-01 0.000000000000000000e+00 2.140970780689618636e+01 1.132021763822626070e+01 1.283505968681670217e-01 4.096048199023771819e-02 1.736431174130574018e+00 1.481831150263256625e+00 1.000000000000000000e+00 1.000000000000000000e+00 4.700000000000000000e+05 1.224969860791692983e-01 2.656103533449930865e+02 1.129821673314120514e+42 1.328742103576346843e+43 2.250000000000000000e+02
7.000000000000000000e+00 9.155203339468149352e+03 2.357854732359693983e+01 5.612142328296641780e-02 7.030095333695896009e-01 0.000000000000000000e+00 1.193051448362181510e+01 1.292436537637801663e+01 1.727133410614789533e-01 1.239380454275652993e-01 1.172877084991573060e+00 1.189266825362466751e+00 1.000000000000000000e+00 1.000000000000000000e+00 4.800000000000000000e+05 1.012575998554554740e-01 6.922168055355366789e+01 1.984034567577939044e+40 2.389181904702405719e+44 2.170000000000000000e+02
7.000000000000000000e+00 1.996694819636965985e+04 4.266327561141588376e+01 -5.292381106284659020e-02 6.633201500804366546e-01 0.000000000000000000e+00 1.927207735507213116e+01 2.551644962391939941e+01 8.705175354289516887e-02 1.154514614920127552e-01 1.895127191004586820e+00 2.243562209241879657e+00 1.000000000000000000e+00 1.000000000000000000e+00 4.800000000000000000e+05 8.675219287623836539e-02 9.506603510455978778e+01 6.520863366379956321e+40 4.924808683750440157e+43 2.290000000000000000e+02
7.000000000000000000e+00 1.158551431890792628e+04 3.581715168172549113e+01 4.710043779315364332e-01 5.722848509951592444e-01 0.000000000000000000e+00 1.043564465629929572e+01 2.714416710501418351e+01 1.255398586529886396e-01 6.856819037011275819e-01 2.340805840319876374e+00 0.000000000000000000e+00 1.000000000000000000e+00 2.000000000000000000e+00 4.800000000000000000e+05 4.050275041164776157e-02 1.022562449040242427e+02 6.243328882748682152e+40 2.070383231079191634e+44 2.300000000000000000e+02
8.000000000000000000e+00 1.100793160511716678e+03 4.135215793806421658e+01 8.934313300207580300e-03 6.294458145857572129e-01 0.000000000000000000e+00 1.445446151598055984e+01 2.883993862603779235e+01 3.320557463314421920e-02 1.632933482509463241e-02 1.499326727144569160e+00 7.248857523351674992e-01 1.000000000000000000e+00 1.000000000000000000e+00 2.200000000000000000e+05 1.509551364469625089e-02 1.547269957253305108e+02 3.783185231797871814e+40 1.287938185835965665e+46 2.040000000000000000e+02
8.000000000000000000e+00 1.431974463266383827e+04 2.182336550252127694e+01 -3.855004448508730919e-02 6.730237845802899965e-01 0.000000000000000000e+00 1.094638125539813522e+01 1.199962585701583251e+01 4.415868457759981186e-02 3.581243889653768636e-02 3.072080000000000144e+00 2.782722181847182785e+00 1.000000000000000000e+00 1.000000000000000000e+00 2.400000000000000000e+05 4.868937250323230621e-18 2.992660041623676648e+01 2.165776577622207210e+39 1.241761895204055166e+44 2.030000000000000000e+02
8.000000000000000000e+00 1.326397567185685830e+03 4.670398200024106927e+01 3.963780254747813897e-02 5.069659450439965021e-01 0.000000000000000000e+00 3.651252331763885906e+01 1.191145968156538260e+01 1.326387989512243515e-01 9.012289228916187112e-02 9.078845099140833153e-01 2.988981128119329700e+00 1.000000000000000000e+00 1.000000000000000000e+00 2.500000000000000000e+05 1.045463789627988221e-01 2.255551282444623098e+02 8.248536668407961846e+40 1.483587905280159319e+46 2.060000000000000000e+02
8.000000000000000000e+00 1.074633563367827810e+04 4.586476581989595047e+01 -1.305238498965029595e-02 5.394715717256238774e-01 0.000000000000000000e+00 3.661927629742356771e+01 1.094978546752743220e+01 2.785991936522929507e-02 4.383432207954025134e-02 3.079060000000000130e+00 5.956145481357287830e-01 1.000000000000000000e+00 1.000000000000000000e+00 3.000000000000000000e+05 6.300782822231323389e-03 1.752281105051687575e+02 2.688338022019761501e+41 1.365679953537333581e+44 2.080000000000000000e+02
8.000000000000000000e+00 8.902696500278390886e+03 5.662064423724729778e+01 3.491675579354390491e-02 6.740004956210565723e-01 0.000000000000000000e+00 2.106577813066072480e+01 3.823981439749560707e+01 1.196791346715767174e-01 2.342031812886112216e-02 3.397691278062159315e-01 1.919787010070401534e+00 1.000000000000000000e+00 1.000000000000000000e+00 3.000000000000000000e+05 2.200850216521250610e-02 1.571571933571141244e+02 1.534995893890455534e+41 3.091967303848429209e+44 2.100000000000000000e+02
8.000000000000000000e+00 1.400773427941163027e+04 3.147558160698081764e+01 4.585082249660832332e-01 6.787172958812154322e-01 0.000000000000000000e+00 2.186355746030757885e+01 1.132184238536112098e+01 6.832237845802898724e-01 2.794439372833901897e-02 0.000000000000000000e+00 4.971911122233634295e-01 2.000000000000000000e+00 1.000000000000000000e+00 3.300000000000000000e+05 3.193963476473329899e-02 9.281637176460787941e+01 5.534562378944035787e+40 7.771087033749491529e+43 2.090000000000000000e+02
8.000000000000000000e+00 1.254317357686041987e+03 2.454014420954242581e+01 -3.077556648579978307e-02 6.705094283727777160e-01 0.000000000000000000e+00 1.109835526982639564e+01 1.468877852350331459e+01 7.224121836271873162e-04 1.082056177292013838e-01 2.713946915339679133e+00 2.088313274896352212e+00 1.000000000000000000e+00 1.000000000000000000e+00 3.400000000000000000e+05 9.403612263303158525e-02 2.130485376768726553e+02 1.404696633518162641e+41 2.528237551965708903e+45 2.150000000000000000e+02
8.000000000000000000e+00 1.022631945677049407e+04 3.064693475245490717e+01 4.551331285720251058e-02 6.965842469056409136e-01 0.000000000000000000e+00 1.533940475896701194e+01 1.696363707664025711e+01 2.928489159779178522e-02 8.162967337011940716e-02 1.290105734734310561e+00 2.377689006987742104e-01 1.000000000000000000e+00 1.000000000000000000e+00 3.500000000000000000e+05 8.161144195951761104e-02 1.871662804518973999e+01 3.773076546592276150e+38 7.277598236022437472e+44 2.070000000000000000e+02
8.000000000000000000e+00 1.174018590048978695e+04 2.537481607639602288e+01 3.349527997330060958e-02 6.867217907639717733e-01 0.000000000000000000e+00 1.455453757172275253e+01 1.212194116593425264e+01 1.080011674661019577e-01 1.109391141446448015e-01 6.269037254149800731e-01 1.856857672085846733e+00 1.000000000000000000e+00 1.000000000000000000e+00 3.500000000000000000e+05 3.772396378892965002e-02 6.356576552204825958e+01 1.739986573530535398e+40 1.547296660413096031e+44 2.110000000000000000e+02
8.000000000000000000e+00 1.263423140845517628e+04 3.219054287371019285e+01 -6.224292618461843563e-02 6.212339774665556202e-01 0.000000000000000000e+00 1.331795444122792027e+01 2.049818667808527550e+01 1.761059952161551645e-01 1.223032474531411673e-01 3.051140000000000185e+00 1.478536050320084394e+00 1.000000000000000000e+00 1.000000000000000000e+00 3.700000000000000000e+05 1.133403568248174953e-01 2.148640866429477967e+02 6.389560549689174613e+41 1.820048852992251102e+43 2.120000000000000000e+02
8.000000000000000000e+00 1.193266386747146680e+04 2.343368194084347422e+01 7.810659831610040904e-02 7.097036586496083821e-01 0.000000000000000000e+00 1.232631603412039034e+01 1.239876848981083945e+01 1.461428435224536027e-01 4.552791151153351423e-02 6.575614837221168685e-01 4.616085865051902104e-01 1.000000000000000000e+00 1.000000000000000000e+00 4.100000000000000000e+05 1.777786262488726216e-17 1.110904543119934687e+02 9.679095100512200764e+40 4.438999097253095151e+43 2.130000000000000000e+02
8.000000000000000000e+00 1.516837866165770902e+04 3.273244999878386352e+01 -1.021568662454412635e-02 5.851825509259920288e-01 0.000000000000000000e+00 2.360359470261110459e+01 1.055812789613531422e+01 2.452108893371220122e-02 1.192642688316255528e-01 6.677361112666932996e-01 2.262785817836538538e+00 1.000000000000000000e+00 1.000000000000000000e+00 4.300000000000000000e+05 3.458395078955238400e-02 1.583093125772389840e+02 2.836546370727165346e+41 2.718923252833253665e+43 2.160000000000000000e+02
8.000000000000000000e+00 3.991324599738906272e+03 2.397733938805503939e+01 -5.023521649041054471e-02 6.517768126021332709e-01 0.000000000000000000e+00 1.063339577333553798e+01 1.456290679374386698e+01 1.308648906936346890e-01 9.638760256241897528e-02 2.440671452127624264e+00 1.715392591290260782e+00 1.000000000000000000e+00 1.000000000000000000e+00 4.300000000000000000e+05 8.584572419993019565e-02 7.502790658909822241e+01 1.373669550555764625e+40 3.085704481817546633e+45 2.180000000000000000e+02
8.000000000000000000e+00 4.333575229890511764e+03 4.011630379509626465e+01 -1.025168672908150780e-01 6.142091253450461252e-01 0.000000000000000000e+00 1.483675769923217302e+01 2.708485202901915301e+01 1.994072807233063793e-01 1.671797348188059085e-01 2.013478748424139209e+00 2.303977557288363620e+00 1.000000000000000000e+00 1.000000000000000000e+00 4.400000000000000000e+05 1.206813863061534514e-01 1.677180965018937115e+02 1.214087171194513484e+41 1.377693454800110936e+45 2.190000000000000000e+02
8.000000000000000000e+00 7.308872680748163475e+03 5.338611991494943254e+01 2.042289470670607954e-02 6.383702611271321326e-01 0.000000000000000000e+00 1.880899924076016561e+01 3.708787722488122540e+01 2.597580739324138743e-02 6.572540507629973106e-02 3.213317424234430897e-01 1.288936511609407809e+00 1.000000000000000000e+00 1.000000000000000000e+00 4.500000000000000000e+05 6.313186784601922119e-02 1.788798276975377348e+02 1.996736743329043357e+41 3.984607925270499187e+44 2.210000000000000000e+02
8.000000000000000000e+00 1.234759412538348624e+04 4.256376391692397476e+01 4.666982503912524005e-01 6.049664313408330552e-01 0.000000000000000000e+00 3.224982799818600654e+01 1.230027914349667029e+01 6.388339774665554582e-01 1.820122489821320716e-02 0.000000000000000000e+00 5.642942948923627133e-01 2.000000000000000000e+00 1.000000000000000000e+00 4.600000000000000000e+05 1.028294851345853272e-01 1.018411852774960238e+02 5.975571211841934887e+40 2.178658548029431822e+44 2.220000000000000000e+02
8.000000000000000000e+00 1.039353448937696157e+03 8.273234738213706407e+01 5.873142748906530208e-01 8.544922096130433964e-01 0.000000000000000000e+00 4.157149047663595098e+01 4.691931520410689416e+01 6.538458145857571902e-01 5.283659450439964766e-01 0.000000000000000000e+00 0.000000000000000000e+00 2.000000000000000000e+00 2.000000000000000000e+00 4.600000000000000000e+05 0.000000000000000000e+00 4.454301170874921212e+01 4.462103171489808000e+38 7.624385316822879993e+46 2.230000000000000000e+02
8.000000000000000000e+00 1.277934815371393597e+03 2.911728783843287971e+01 -3.982140149489492992e-02 6.309284128156548155e-01 0.000000000000000000e+00 1.941567315621250955e+01 1.108891853933137384e+01 3.197875782606733608e-02 1.001524579985305086e-01 2.991818805199716103e+00 2.142392383079168905e+00 1.000000000000000000e+00 1.000000000000000000e+00 4.600000000000000000e+05 4.449653585067087774e-02 1.619856304645572607e+02 5.345633318241080867e+40 7.759455485189057169e+45 2.250000000000000000e+02
8.000000000000000000e+00 1.405857801925577041e+04 2.850389653402961443e+01 -6.705464604129623973e-02 6.610237718215585812e-01 0.000000000000000000e+00 1.314834688042432376e+01 1.675572193152710199e+01 1.124950565053530055e-01 8.984479891466599921e-02 1.959938772557626052e+00 2.855051040449027244e+00 1.000000000000000000e+00 1.000000000000000000e+00 4.700000000000000000e+05 5.880652083307649769e-02 1.333884826193585127e+02 1.711729506529768001e+41 3.072871184361864749e+43 2.170000000000000000e+02
8.000000000000000000e+00 2.154793136872192918e+04 2.681665398920102206e+01 -1.866450626537314444e-02 6.404751825096240969e-01 0.000000000000000000e+00 1.728979575567038651e+01 1.081194604534675463e+01 6.235641264449383325e-02 7.840573407497528069e-02 1.279994028907237791e+00 2.959007697495065425e+00 1.000000000000000000e+00 1.000000000000000000e+00 4.900000000000000000e+05 6.115137435345716077e-02 1.510349476218226812e+02 3.253082722476836033e+41 5.967826537442209255e+42 2.260000000000000000e+02
9.000000000000000000e+00 2.256603877458962597e+04 6.796709306571851528e+01 1.763553110529860607e-03 6.869119135710904933e-01 0.000000000000000000e+00 3.543835622630821547e+01 3.603912452707045588e+01 7.009159640357204291e-02 7.148977003166583077e-02 9.891868054628356610e-01 2.072272323560307328e+00 1.000000000000000000e+00 1.000000000000000000e+00 2.500000000000000000e+05 6.112051665822790941e-02 2.208728017803374755e+01 7.330348094045097297e+38 3.276182646418840098e+44 2.040000000000000000e+02
9.000000000000000000e+00 1.433844064623266831e+03 3.361829515013217673e+01 -1.003302781414207832e-03 6.825213944413147660e-01 0.000000000000000000e+00 1.905045092249669025e+01 1.632125106146796156e+01 2.439037407288565176e-02 7.118797651504653323e-02 1.378283386997977145e+00 1.678059457016263467e+00 1.000000000000000000e+00 1.000000000000000000e+00 3.100000000000000000e+05 5.931673395929461939e-02 4.245974023440245304e+01 7.651042950412693857e+38 6.869936583673413645e+46 2.050000000000000000e+02
9.000000000000000000e+00 2.145145021129260203e+04 5.763157292272349252e+01 -2.174091808353308813e-02 6.600672627651407165e-01 0.000000000000000000e+00 3.525481635599134478e+01 2.526439144197661690e+01 2.012600298484569505e-02 5.774476813241868206e-02 1.443405553031899435e+00 2.871220908490239143e+00 1.000000000000000000e+00 1.000000000000000000e+00 3.400000000000000000e+05 1.996291720941228975e-02 8.261774741025324431e+01 3.972147650522866970e+40 9.454685762231507981e+43 2.070000000000000000e+02
9.000000000000000000e+00 2.905217675058608438e+04 5.861423659064826808e+01 -5.946541117518971964e-02 6.551072751765080193e-01 0.000000000000000000e+00 2.624803189664591585e+01 3.528202920494060635e+01 1.644092110103430038e-01 1.071203145260426759e-01 2.038047949901114375e+00 2.041820437524637821e+00 1.000000000000000000e+00 1.000000000000000000e+00 4.000000000000000000e+05 8.298677709094862132e-02 8.179450753950935393e+01 4.573123966510428663e+40 4.062379900402044229e+43 2.080000000000000000e+02
9.000000000000000000e+00 1.454804119387728133e+04 3.260509362847297155e+01 -2.372752630362550547e-02 6.571175350303802842e-01 0.000000000000000000e+00 1.420419706976619345e+01 2.008024116604185139e+01 6.591113482555883973e-02 9.858261649820175207e-03 2.903428258884091839e+00 1.062732911336065511e+00 1.000000000000000000e+00 1.000000000000000000e+00 4.100000000000000000e+05 1.047366665407908556e-02 8.429997896719930850e+01 4.183571863945071018e+40 9.464875036693056893e+43 2.110000000000000000e+02
9.000000000000000000e+00 1.072911401185085742e+04 2.152353858817081900e+01 -6.281839319660142973e-02 6.689056258380641218e-01 0.000000000000000000e+00 1.052357840980286419e+01 1.208858852402611817e+01 5.177916892973147972e-03 1.230179999639871707e-01 8.397986057311407349e-01 2.939463479183386241e+00 1.000000000000000000e+00 1.000000000000000000e+00 4.100000000000000000e+05 2.469655381695465626e-02 6.607082140498187073e+01 1.974909879063695199e+40 1.459033911583288564e+44 2.120000000000000000e+02
9.000000000000000000e+00 3.448720104060335143e+04 2.624806238312190132e+01 1.785750439322240229e-02 6.916876302506013152e-01 0.000000000000000000e+00 1.373621561679020786e+01 1.392864774354329604e+01 1.159915645949149143e-01 2.632954322715929177e-02 1.411276697359792553e+00 8.539752239382973897e-01 1.000000000000000000e+00 1.000000000000000000e+00 4.200000000000000000e+05 1.140645055556447490e-01 1.306572993602415522e+02 2.746256010010207087e+41 1.688970369762968830e+42 2.130000000000000000e+02
9.000000000000000000e+00 1.542460423626278271e+03 2.188566297271007244e+01 6.058199484237546117e-03 6.755393767759084733e-01 0.000000000000000000e+00 1.253140540451858342e+01 1.044084059168472045e+01 9.291887347460378588e-02 9.018597409245714125e-02 4.294598077447030482e-01 2.924398894825584794e+00 1.000000000000000000e+00 1.000000000000000000e+00 4.200000000000000000e+05 3.868953501920686239e-02 3.190903668640569890e+01 4.806581294969258506e+38 4.215576760694543697e+46 2.140000000000000000e+02
9.000000000000000000e+00 8.383019296120346553e+03 3.775387703046462207e+01 2.551732781088543109e-02 5.795428428506175234e-01 0.000000000000000000e+00 1.087915564657176937e+01 2.846211537716156670e+01 6.520067686663850830e-03 3.802519822748622741e-02 1.272410886296670540e+00 4.315970372190476301e-01 1.000000000000000000e+00 1.000000000000000000e+00 4.200000000000000000e+05 1.590677401931169660e-02 1.693417934291580593e+02 2.231369408806230874e+41 1.844674593183499996e+44 2.150000000000000000e+02
9.000000000000000000e+00 8.844586416568294226e+03 3.386972825241180374e+01 5.093041211807896457e-02 5.436326125351317318e-01 0.000000000000000000e+00 1.057151787090502459e+01 2.489078378852716966e+01 2.015048804708411412e-01 1.602455865975131455e-01 2.672716663643683876e+00 3.784319005874633435e-01 1.000000000000000000e+00 1.000000000000000000e+00 4.500000000000000000e+05 1.197100704494531848e-01 1.370941615064234611e+02 1.290531735021107670e+41 2.417905894864787114e+44 2.160000000000000000e+02
9.000000000000000000e+00 1.340411264557327740e+04 2.573848261777549240e+01 -5.661145987499771604e-02 6.676822814079064194e-01 0.000000000000000000e+00 1.545134122299438850e+01 1.160529572415835275e+01 8.763453977601697031e-02 2.514152680178595722e-01 3.023220000000000240e+00 1.634972060470854638e+00 1.000000000000000000e+00 1.000000000000000000e+00 4.600000000000000000e+05 5.808010007397398922e-02 4.221055833327563960e+02 5.486640650107257328e+42 1.246100850370396293e+42 2.100000000000000000e+02
9.000000000000000000e+00 2.806492979201279741e+04 2.749024125301768962e+01 -3.677080471529509120e-02 6.323649012290123439e-01 0.000000000000000000e+00 1.172182610609766051e+01 1.723694580971950430e+01 1.728401964843500060e-01 6.198327106890186983e-02 3.043008410660962948e+00 4.725263612983825467e-01 1.000000000000000000e+00 1.000000000000000000e+00 4.600000000000000000e+05 2.821089624247001548e-02 8.071963714037676141e+01 5.696170499675757962e+40 1.088106575057522607e+43 2.210000000000000000e+02
9.000000000000000000e+00 1.083598422769543322e+04 2.230617568564236208e+01 -1.234325405668418654e-02 6.826487456251516539e-01 0.000000000000000000e+00 1.167097168484808378e+01 1.175683352241337154e+01 8.163316158494637875e-02 8.248281521662974292e-02 7.820164295893289319e-01 3.044160000000000199e+00 1.000000000000000000e+00 1.000000000000000000e+00 4.800000000000000000e+05 7.597895875604147864e-02 5.781063773500437719e+01 1.312195919958223515e+40 1.736394252515476686e+44 2.200000000000000000e+02
1.000000000000000000e+01 2.059830998839592212e+03 3.882422625922065862e+01 -7.201686295366755038e-03 5.693356762243926283e-01 0.000000000000000000e+00 2.990247591466949828e+01 1.048153870916542907e+01 2.845873993899042387e-02 8.722475862026261850e-02 2.175327515751935170e+00 1.358264320370980105e+00 1.000000000000000000e+00 1.000000000000000000e+00 3.500000000000000000e+05 2.659127515161262278e-02 1.787678426763498294e+02 4.800973398215855722e+40 1.189346927003839908e+46 2.050000000000000000e+02
1.000000000000000000e+01 1.533636142969261982e+03 2.271362488370580124e+01 -3.143726870298491072e-02 6.690426044915099846e-01 0.000000000000000000e+00 1.048162493822179009e+01 1.339716268557235956e+01 3.311390364921752011e-02 1.700813276664508988e-01 2.970659314808980600e+00 1.751115977376686450e+00 1.000000000000000000e+00 1.000000000000000000e+00 3.700000000000000000e+05 1.673236997086887667e-01 7.687807438999324461e+01 6.514646321838855300e+39 2.190723414040638081e+46 2.060000000000000000e+02
1.000000000000000000e+01 9.458606494495723382e+03 3.041410208357270051e+01 -1.061207979115073169e-02 6.804082812279017567e-01 0.000000000000000000e+00 1.742691678350162476e+01 1.457661191879471652e+01 1.037936083846785346e-01 6.768138174152572850e-02 1.775068272210151399e+00 1.543121665947709165e+00 1.000000000000000000e+00 1.000000000000000000e+00 4.200000000000000000e+05 8.926676247836168310e-02 8.812447232409755316e+01 3.756233655940768151e+40 2.586394697905383571e+44 2.070000000000000000e+02
1.000000000000000000e+01 8.613037008677415542e+02 4.769860183017635080e+01 6.457057193442568288e-02 5.723479316431181463e-01 0.000000000000000000e+00 1.259588200084419363e+01 3.702299771014875063e+01 6.144898691440769944e-02 1.225996745069303923e-01 8.689828243277406550e-01 9.325681802665912734e-01 1.000000000000000000e+00 1.000000000000000000e+00 4.200000000000000000e+05 9.846625237472829417e-02 1.733828275449285172e+02 5.503082971377573366e+40 7.972237835761786576e+45 2.080000000000000000e+02
1.000000000000000000e+01 1.029428819502611623e+04 2.542122904168403608e+01 1.315466747769048449e-03 6.686236115488014553e-01 0.000000000000000000e+00 1.063555179789774208e+01 1.605592704733676612e+01 5.059442465313047921e-02 2.843000655517143038e-02 1.183370626895145161e+00 1.948135587617352726e+00 1.000000000000000000e+00 1.000000000000000000e+00 4.500000000000000000e+05 2.928051711227909470e-02 1.137476810313960698e+02 9.188507110031520513e+40 8.717164731132385829e+43 2.100000000000000000e+02
1.000000000000000000e+01 3.748075114212388144e+03 2.236222870719488753e+01 5.865392534600120771e-03 6.801243677430941492e-01 0.000000000000000000e+00 1.031344060197709922e+01 1.320955426644850128e+01 1.251137652255427876e-02 2.616541012126364155e-02 1.049015820413667255e+00 1.356041450753418864e+00 1.000000000000000000e+00 1.000000000000000000e+00 4.600000000000000000e+05 2.556435562631813319e-02 6.902189767880736326e+01 1.053335527422380159e+40 3.383930601373659008e+45 2.110000000000000000e+02
1.000000000000000000e+01 4.793214713671793106e+03 2.510475662467442604e+01 -4.340471795786541437e-02 6.533150843364057270e-01 0.000000000000000000e+00 1.623464740382584282e+01 1.012937594441580025e+01 7.303011588116913033e-02 7.394491754478866100e-03 3.044160000000000199e+00 1.074409081012721145e+00 1.000000000000000000e+00 1.000000000000000000e+00 4.800000000000000000e+05 7.104265244748406670e-03 1.363947517343513312e+02 9.365921200955847325e+40 5.860121310521016705e+44 2.140000000000000000e+02
1.000000000000000000e+01 1.027292396307315721e+04 5.214199362557540240e+01 6.778999818995560256e-01 8.736777619395316163e-01 0.000000000000000000e+00 3.044909842000535960e+01 2.543292549702168515e+01 6.828082812279017144e-01 6.720236115488014139e-01 0.000000000000000000e+00 0.000000000000000000e+00 2.000000000000000000e+00 2.000000000000000000e+00 4.800000000000000000e+05 1.312086972067255664e-01 3.226545651950520721e+01 1.534897210836142777e+39 1.101806737011519418e+45 2.160000000000000000e+02
1.000000000000000000e+01 1.181040086000740075e+03 3.440635126886601114e+01 4.545498609491726572e-01 7.217506540679788918e-01 0.000000000000000000e+00 2.276592634456206454e+01 1.357335148035169681e+01 6.770426044915099917e-01 1.148420449571054408e-01 0.000000000000000000e+00 7.833278353282763229e-01 2.000000000000000000e+00 1.000000000000000000e+00 4.800000000000000000e+05 4.494527490505543371e-02 9.144542029823787743e+01 8.725595299689777206e+39 1.838471172376126520e+46 2.170000000000000000e+02
1.100000000000000000e+01 2.906854200024207785e+03 2.378781140234858071e+01 6.395374254805757941e-02 7.111443346641395102e-01 0.000000000000000000e+00 1.038820002138812981e+01 1.457727537403263263e+01 2.279366387949112172e-01 4.422478204995887452e-02 6.599289282631880527e-01 2.009868137701299684e+00 1.000000000000000000e+00 1.000000000000000000e+00 1.000000000000000000e+04 9.491982100087950625e-02 1.564992262196717832e+02 9.274134964894034417e+40 1.427526158558435427e+45 2.010000000000000000e+02
1.100000000000000000e+01 2.730837296502756544e+03 3.026163708225255533e+01 -8.706674844084093257e-02 6.146605021424097481e-01 0.000000000000000000e+00 1.076768374329329170e+01 2.085769234095451807e+01 5.918634716135676155e-02 1.155706638754874088e-01 2.251350969015262216e+00 2.921738905627922378e+00 1.000000000000000000e+00 1.000000000000000000e+00 2.000000000000000000e+05 2.520444709397927710e-02 1.707763297463929746e+02 9.339811613280297846e+40 2.991121736459724525e+45 2.100000000000000000e+02
1.100000000000000000e+01 1.277998163507629442e+03 3.912941499651136468e+01 4.206258924656779419e-01 4.952374494339898403e-01 0.000000000000000000e+00 3.029645798307755200e+01 1.013487317531670406e+01 6.210605021424097094e-01 2.006279698590197058e-01 0.000000000000000000e+00 2.667922499086942789e+00 2.000000000000000000e+00 1.000000000000000000e+00 2.600000000000000000e+05 2.654298104259123284e-02 1.160970277685804177e+02 1.479739044019375247e+40 4.346678562360834352e+46 2.120000000000000000e+02
1.100000000000000000e+01 7.040434764630320387e+03 3.652906082057246806e+01 -3.611494830863647837e-02 5.953995958165616553e-01 0.000000000000000000e+00 2.795782374016282290e+01 1.007881340248661139e+01 7.299374206472364346e-02 1.564645588163070811e-01 2.873409756607047338e+00 1.184524539394703480e+00 1.000000000000000000e+00 1.000000000000000000e+00 2.700000000000000000e+05 4.567407893785667417e-02 1.962761737917058724e+02 3.109187699883008036e+41 1.880635492312636192e+44 2.130000000000000000e+02
1.100000000000000000e+01 1.949529189813693392e+03 2.784994866143320635e+01 -6.878661482274972538e-02 6.015330559728467863e-01 0.000000000000000000e+00 1.771632750795680522e+01 1.140609940581083848e+01 7.200024255560361075e-02 2.655965498231873667e-01 6.634868359509353830e-01 3.023155961260072022e+00 1.000000000000000000e+00 1.000000000000000000e+00 2.700000000000000000e+05 4.434262324678746314e-02 8.276989474522109447e+01 6.842584733929128013e+39 3.585302638213146830e+46 2.140000000000000000e+02
1.100000000000000000e+01 1.128653072725275251e+03 5.949460697075769389e+01 3.102153130985013663e-01 6.897109980061091328e-01 0.000000000000000000e+00 2.363198406825673459e+01 3.918345086538055710e+01 1.852425756171059701e-02 4.992374494339898439e-01 1.744214035965240939e+00 0.000000000000000000e+00 1.000000000000000000e+00 3.000000000000000000e+00 3.300000000000000000e+05 1.025279028905883363e-02 7.834357214630072974e+01 3.258718330054796520e+39 6.132745986031424307e+46 2.180000000000000000e+02
1.100000000000000000e+01 1.215982712465372242e+04 3.208260769787046485e+01 4.373604804401805962e-02 6.983026121013233833e-01 0.000000000000000000e+00 1.629691272380411604e+01 1.753866680310520465e+01 9.817693063774673989e-02 7.164512310518166005e-02 1.312137837793651007e+00 5.510085929456463028e-01 1.000000000000000000e+00 1.000000000000000000e+00 3.400000000000000000e+05 8.727127322730608705e-02 9.809800073527843267e+01 5.946495592874710377e+40 1.048246587374246491e+44 2.150000000000000000e+02
1.100000000000000000e+01 8.014134357271757835e+03 2.354909133205291027e+01 7.762940838360571361e-03 6.870435676006171333e-01 0.000000000000000000e+00 1.227689007562786649e+01 1.259019120404059500e+01 1.258142151610517900e-01 1.138218128872217905e-01 2.452031962479061633e+00 2.603478253975725631e-01 1.000000000000000000e+00 1.000000000000000000e+00 3.500000000000000000e+05 7.777050533408580435e-02 5.319914880987646200e+01 8.270914464202721672e+39 5.203923969039152242e+44 2.210000000000000000e+02
1.100000000000000000e+01 1.295109727203484545e+04 2.666615983943188795e+01 4.458780992502651280e-02 6.827112630029739115e-01 0.000000000000000000e+00 1.604645275931183335e+01 1.198275546937029645e+01 8.866529666664282883e-02 1.631177448111652967e-02 4.227639291406147248e-01 1.817537516492853555e+00 1.000000000000000000e+00 1.000000000000000000e+00 3.600000000000000000e+05 3.637782893154550140e-02 8.073725833760573778e+01 3.709581304226300310e+40 8.960292058633045692e+43 2.200000000000000000e+02
1.100000000000000000e+01 4.594650891865559970e+03 3.597678961406486309e+01 -4.075768388738819359e-02 5.905291494774365102e-01 0.000000000000000000e+00 1.135396637036384249e+01 2.618129554720882979e+01 5.507158450929603571e-02 9.124008608832875900e-02 2.136391804893928104e+00 2.094568549938488733e+00 1.000000000000000000e+00 1.000000000000000000e+00 3.900000000000000000e+05 7.582212700680236728e-02 1.762711349486667132e+02 1.596676436384623559e+41 8.850550779769757120e+44 2.220000000000000000e+02
1.100000000000000000e+01 1.145110929934466913e+04 3.583666726531697577e+01 4.203054726594154106e-02 6.602545292617201245e-01 0.000000000000000000e+00 1.208776757035801452e+01 2.539101141476930579e+01 1.366566172044174077e-01 4.838046982961240888e-02 4.336071849247205012e-01 1.508684470210209572e+00 1.000000000000000000e+00 1.000000000000000000e+00 4.000000000000000000e+05 5.370400007524666480e-02 1.732195611194424316e+02 3.011626127305442654e+41 4.738522239635466678e+43 2.170000000000000000e+02
1.100000000000000000e+01 8.188046789051654741e+03 4.804562906652640208e+01 -1.180291169718301891e-02 5.139005787923436319e-01 0.000000000000000000e+00 3.769009770417600436e+01 1.217008027057377539e+01 1.024962762764517789e-02 6.183804854349744112e-02 1.139607673242696739e+00 3.058120000000000172e+00 1.000000000000000000e+00 1.000000000000000000e+00 4.000000000000000000e+05 9.311475036151145926e-03 1.701360122080057806e+02 1.982925999853124030e+41 4.029064928904249870e+44 2.330000000000000000e+02
1.100000000000000000e+01 1.149339234700180896e+03 4.379339871003522688e+01 3.757548481517223316e-01 7.199207699243967973e-01 0.000000000000000000e+00 1.845403024180684781e+01 2.792692069227945950e+01 5.010866164956020996e-02 6.095330559728467934e-01 1.116865009042315338e+00 0.000000000000000000e+00 1.000000000000000000e+00 2.000000000000000000e+00 4.000000000000000000e+05 2.807113909005341454e-02 1.081067958064476073e+02 1.180385342228852722e+40 2.221799802556167255e+46 2.340000000000000000e+02
1.100000000000000000e+01 9.676057925356884880e+03 4.572535492650477806e+01 4.636184335863596795e-01 5.344574446914032162e-01 0.000000000000000000e+00 3.663844616201841831e+01 1.078891048928365848e+01 5.991995958165615699e-01 1.709338203281491816e-02 0.000000000000000000e+00 1.382863802508479623e+00 2.000000000000000000e+00 1.000000000000000000e+00 4.100000000000000000e+05 4.230447842878955027e-03 1.048529499415696478e+02 5.365178775168620679e+40 6.313372638404325367e+44 2.300000000000000000e+02
1.100000000000000000e+01 1.048482666527369247e+03 9.027375365245490002e+01 4.582445524611503673e-01 7.191601675919587766e-01 0.000000000000000000e+00 3.601212246101871273e+01 5.959047043736389071e+01 6.565655799786807023e-02 7.001109980061090976e-01 4.871095957754336681e-01 0.000000000000000000e+00 1.000000000000000000e+00 4.000000000000000000e+00 4.100000000000000000e+05 1.730807625607991285e-02 9.215699806389314119e+01 3.330266736212973316e+39 8.522775830679237332e+46 2.350000000000000000e+02
1.100000000000000000e+01 1.157809386792891746e+04 4.077977323550844346e+01 5.461245105798970823e-01 5.711774499501732771e-01 0.000000000000000000e+00 1.045555050234409222e+01 3.213430229925166515e+01 4.749299115880124128e-02 7.169026121013232222e-01 1.106863929924877699e+00 0.000000000000000000e+00 1.000000000000000000e+00 2.000000000000000000e+00 4.200000000000000000e+05 1.200366861323745767e-02 1.029234848917075595e+02 6.024684157248312934e+40 2.664046020567245159e+44 2.270000000000000000e+02
1.100000000000000000e+01 1.124502415058366569e+04 2.308475181502562990e+01 2.241334081147442966e-02 6.853884187581810172e-01 0.000000000000000000e+00 1.089200728643517913e+01 1.341045601604400161e+01 3.086105605357635645e-02 1.867917741968027068e-01 1.682267035233508068e+00 1.336277211017504740e+00 1.000000000000000000e+00 1.000000000000000000e+00 4.300000000000000000e+05 1.425308674927260322e-01 3.312310396388498361e+02 2.490119666957260336e+42 3.250654626602778275e+42 2.290000000000000000e+02
1.100000000000000000e+01 2.221733348105716868e+04 4.813981428142061958e+01 4.425328880670062470e-02 6.479356810211760465e-01 0.000000000000000000e+00 1.815379930291116750e+01 3.238190366334370651e+01 6.180929699687828793e-02 8.799386438463059623e-02 1.690244389828946536e+00 5.884892014941798255e-01 1.000000000000000000e+00 1.000000000000000000e+00 4.300000000000000000e+05 6.374941907389994333e-02 1.291301635721972616e+02 1.660678508217456269e+41 2.489883752950342941e+43 2.360000000000000000e+02
1.100000000000000000e+01 9.175594982252205227e+03 2.200022615851788288e+01 9.718839530147141414e-02 7.168270947131856197e-01 0.000000000000000000e+00 1.144262513886800470e+01 1.180850946818803671e+01 2.346125297708416269e-01 6.846809922526467251e-02 9.881884137166423443e-01 2.534675139874885130e-01 1.000000000000000000e+00 1.000000000000000000e+00 4.300000000000000000e+05 1.889868432070268001e-01 3.236105389493316125e+02 2.088748188080741639e+42 5.311417911270831138e+42 2.400000000000000000e+02
1.100000000000000000e+01 9.040652666983787640e+03 6.731363730922008415e+01 3.808396109967852050e-01 7.018820934629218522e-01 0.000000000000000000e+00 2.530972042233075570e+01 4.575691630882875671e+01 9.309402965839894128e-02 5.422574446914031343e-01 2.970948516214362845e-01 0.000000000000000000e+00 1.000000000000000000e+00 3.000000000000000000e+00 4.500000000000000000e+05 1.388411966777302817e-02 8.433231377570183440e+01 2.197934826424964628e+40 1.475516706384399147e+45 2.420000000000000000e+02
1.100000000000000000e+01 7.274045137536883885e+03 5.882048592979801782e+01 4.162173111555810268e-01 5.288994070560599781e-01 0.000000000000000000e+00 1.298607483750848068e+01 4.808985138441466489e+01 7.176125784958846399e-02 5.193005787923435923e-01 1.069579416732163057e+00 0.000000000000000000e+00 1.000000000000000000e+00 2.000000000000000000e+00 4.500000000000000000e+05 1.441565200075750099e-02 1.104338933812807255e+02 4.438660645503961381e+40 2.255154991154198945e+45 2.440000000000000000e+02
1.100000000000000000e+01 1.409380282979337971e+04 4.257084232773230781e+01 9.809235138112545882e-02 5.924364885695276861e-01 0.000000000000000000e+00 3.021633344300715152e+01 1.413668269181295223e+01 2.318486571231595794e-01 1.049508624491575920e-01 5.931262788006096409e-01 2.956614955772613573e+00 1.000000000000000000e+00 1.000000000000000000e+00 4.600000000000000000e+05 2.297025738747305867e-01 1.240796683492288679e+02 1.175345383526947021e+41 1.000258058446212911e+44 2.310000000000000000e+02
1.100000000000000000e+01 6.335065770135079219e+03 2.821900464201239700e+01 7.723641866548648649e-02 6.837583271503105964e-01 0.000000000000000000e+00 1.227178471005427696e+01 1.744266349309806330e+01 3.016703738272723603e-02 1.671580436706588124e-01 1.382077899370262930e+00 7.023652166944478470e-01 1.000000000000000000e+00 1.000000000000000000e+00 4.800000000000000000e+05 1.238729118753571917e-01 1.677983289178603741e+02 2.034835548845829994e+41 1.757038170109080902e+44 2.430000000000000000e+02
1.100000000000000000e+01 1.010553855161327556e+04 3.252907754609093871e+01 4.469031093102097119e-01 6.612283134738664581e-01 0.000000000000000000e+00 2.202554097182791892e+01 1.178020138339299727e+01 7.226270947131855360e-01 7.697145938046727476e-02 0.000000000000000000e+00 2.671449759251198319e+00 2.000000000000000000e+00 1.000000000000000000e+00 4.900000000000000000e+05 1.298036185478578519e-01 1.016339489243263756e+02 5.846095696538545188e+40 1.952427616162303445e+44 2.450000000000000000e+02
1.200000000000000000e+01 1.311052622352794060e+03 4.106225908887993370e+01 -7.416546119911743284e-04 5.871805146401317677e-01 0.000000000000000000e+00 3.178427285035048300e+01 1.092844561278516125e+01 2.291058806825149383e-02 1.339124173824258468e-01 3.086040000000000116e+00 1.075635033823990172e+00 1.000000000000000000e+00 1.000000000000000000e+00 2.600000000000000000e+05 3.522977242077488663e-02 1.851803299470627735e+02 5.517550785561274879e+40 1.366114202095227464e+46 2.080000000000000000e+02
1.200000000000000000e+01 9.859010522909497013e+03 3.680432167219674255e+01 1.503813692225528659e-02 6.917865676112932016e-01 0.000000000000000000e+00 2.016090305925943582e+01 1.863252673187980690e+01 4.097793732982549231e-02 6.902175262116221066e-02 2.449900750961258478e+00 3.227251926235160662e-01 1.000000000000000000e+00 1.000000000000000000e+00 2.900000000000000000e+05 2.613741441312120856e-02 4.241844734851531484e+01 3.965030525373133852e+39 8.303545787919342833e+44 2.070000000000000000e+02
1.200000000000000000e+01 5.455374485863731934e+03 4.456473678564950092e+01 -4.477305568554960230e-02 4.483792844681647183e-01 0.000000000000000000e+00 3.569258361364599352e+01 1.039927415590380733e+01 1.400397678233507026e-01 1.458886750781771269e-01 1.681095663640335136e+00 3.072080000000000144e+00 1.000000000000000000e+00 1.000000000000000000e+00 3.000000000000000000e+05 1.391887731450515420e-01 2.550854719320637116e+02 4.983169547421842005e+41 5.195536982378696396e+44 2.090000000000000000e+02
1.200000000000000000e+01 5.240689757398058646e+03 4.407823549860271584e+01 2.595269800847051916e-02 6.882965717159075236e-01 0.000000000000000000e+00 2.545782582917027526e+01 2.096088183600609156e+01 6.486466040183419546e-02 1.902647198718258881e-02 1.013778228094783129e+00 5.885430432826157521e-01 1.000000000000000000e+00 1.000000000000000000e+00 3.500000000000000000e+05 6.060126505553407872e-02 1.066101201201765889e+02 3.529892714358530008e+40 2.156609869443589373e+45 2.140000000000000000e+02
1.200000000000000000e+01 6.157058475352824644e+03 2.529456019621268581e+01 3.163867521606718997e-02 6.919253009844166247e-01 0.000000000000000000e+00 1.427669610368173281e+01 1.237421223794646075e+01 9.223820170159387211e-02 1.872152373925534130e-02 1.048495469985454065e+00 6.368491798638379331e-01 1.000000000000000000e+00 1.000000000000000000e+00 3.600000000000000000e+05 8.911818666520808507e-02 3.572180724297139420e+01 2.024995347391800065e+39 1.823260924244891831e+45 2.150000000000000000e+02
1.200000000000000000e+01 9.878576954427246164e+03 2.941213185626086002e+01 -1.947388263817084395e-02 6.396364811509795967e-01 0.000000000000000000e+00 1.143168138051768068e+01 1.941247836484823353e+01 4.283587816906184870e-02 2.094896260371443067e-02 2.888460592631354906e+00 1.887299058332510659e+00 1.000000000000000000e+00 1.000000000000000000e+00 3.600000000000000000e+05 1.990842207053965598e-02 1.298907365136969645e+02 1.254863202271077022e+41 1.072245104623672042e+44 2.160000000000000000e+02
1.200000000000000000e+01 1.173842495796887306e+04 2.386011621099315150e+01 -9.247810977864157067e-02 6.491926389427694621e-01 0.000000000000000000e+00 1.300892717585471381e+01 1.196990683700309788e+01 1.029074547132079465e-01 3.245984723398430694e-01 2.795951415286675457e-01 2.753676751624638097e+00 1.000000000000000000e+00 1.000000000000000000e+00 3.600000000000000000e+05 1.116412517854272340e-01 1.874713738205699087e+02 4.573340466212610887e+41 1.642522024849348183e+43 2.170000000000000000e+02
1.200000000000000000e+01 5.237128697271149576e+03 5.714713880794031553e+01 5.055938222179284791e-01 5.821389566572879870e-01 0.000000000000000000e+00 1.570901298162252147e+01 4.408837465872611006e+01 2.808396643265523643e-02 6.872965717159075227e-01 1.726922638659263987e+00 0.000000000000000000e+00 1.000000000000000000e+00 2.000000000000000000e+00 3.700000000000000000e+05 8.629561620768484362e-03 1.026611954420347388e+02 2.668925552183551792e+40 5.488672592088255484e+45 2.200000000000000000e+02
1.200000000000000000e+01 1.265333560729957389e+04 2.326143295763768037e+01 -4.216971311590761787e-03 6.818351578576705707e-01 0.000000000000000000e+00 1.097194299270892692e+01 1.348403716743863789e+01 9.834707747008493428e-02 5.755736233535147656e-02 1.438472162259490705e+00 1.892646324978898953e+00 1.000000000000000000e+00 1.000000000000000000e+00 3.800000000000000000e+05 7.703090804509253597e-02 8.218780499127646522e+01 4.070907644257544821e+40 7.111189406995929272e+43 2.210000000000000000e+02
1.200000000000000000e+01 1.306381570962042679e+04 2.586047741705096570e+01 1.848436249298530780e-03 6.787908464788749985e-01 0.000000000000000000e+00 1.530896421874999547e+01 1.189447192676656861e+01 1.274089135271419537e-02 6.293530625783138287e-03 1.561112740958498390e+00 8.678221258650579140e-01 1.000000000000000000e+00 1.000000000000000000e+00 3.900000000000000000e+05 1.274029398900359232e-02 7.249068489789918601e+01 2.731683771718559665e+40 9.882076329648882818e+43 2.230000000000000000e+02
1.200000000000000000e+01 1.363794950334100940e+04 4.979036294294007803e+01 9.951468561246028591e-03 5.556836123822497253e-01 0.000000000000000000e+00 1.224591476375136878e+01 3.940986933801893599e+01 6.337210419937312766e-02 2.905074435621399567e-02 6.351446139800880353e-01 1.667601533861545526e+00 1.000000000000000000e+00 1.000000000000000000e+00 4.000000000000000000e+05 2.822374949513505732e-02 1.763322165833237420e+02 3.094968732274352869e+41 7.299759319392492799e+43 2.180000000000000000e+02
1.200000000000000000e+01 1.021132748734151573e+04 3.907589929994692568e+01 -1.791042324516214229e-02 6.065519518517081821e-01 0.000000000000000000e+00 2.864758219622661173e+01 1.215074431084634021e+01 4.057238368165964199e-02 5.805333772810015308e-02 2.678275993646914266e+00 1.117283819350899599e+00 1.000000000000000000e+00 1.000000000000000000e+00 4.000000000000000000e+05 2.192128408848946497e-02 1.793132688767921934e+02 2.987034994675884621e+41 8.611752819779360999e+43 2.190000000000000000e+02
1.200000000000000000e+01 1.058979820198960397e+03 8.037776586897903996e+01 5.272921261963008366e-01 8.379112446165017936e-01 0.000000000000000000e+00 4.465708133442980454e+01 4.118521897698222034e+01 4.587792844681647386e-01 6.015805146401317360e-01 0.000000000000000000e+00 0.000000000000000000e+00 2.000000000000000000e+00 2.000000000000000000e+00 4.000000000000000000e+05 0.000000000000000000e+00 4.262499560165714030e+01 3.900752162664996646e+38 8.274232728011261360e+46 2.240000000000000000e+02
1.200000000000000000e+01 3.926107397474764184e+03 6.866340534782749216e+01 4.726409491910843474e-01 4.860497686575971921e-01 0.000000000000000000e+00 1.393681633930848385e+01 5.718658394072360096e+01 9.330717723226751581e-03 5.865389566572879465e-01 9.685048026203220140e-01 0.000000000000000000e+00 1.000000000000000000e+00 3.000000000000000000e+00 4.100000000000000000e+05 1.574298013009555689e-03 9.992599873994720383e+01 1.464638807828227248e+40 2.853617718205078494e+46 2.250000000000000000e+02
1.200000000000000000e+01 1.060209330566319477e+04 3.430426928707264267e+01 1.260460641072448304e-02 6.631901138952031038e-01 0.000000000000000000e+00 1.461996261449262313e+01 2.147340160820249366e+01 1.624389729372242852e-01 1.639394462885255810e-01 1.900769387315359493e+00 1.215553697185203896e+00 1.000000000000000000e+00 1.000000000000000000e+00 4.300000000000000000e+05 1.389699388952695958e-01 1.062679962069494479e+02 6.740302156293779249e+40 1.705827564421871133e+44 2.220000000000000000e+02
1.200000000000000000e+01 1.216558755162955777e+03 2.753335162934875413e+01 -4.041068925078689089e-03 6.849290325670318591e-01 0.000000000000000000e+00 1.170171448523488067e+01 1.716077074418990733e+01 1.094934760348632991e-01 8.566069608763918208e-02 2.838941550250478896e-01 2.728937514157196542e+00 1.000000000000000000e+00 1.000000000000000000e+00 4.300000000000000000e+05 3.435362286094167245e-02 1.363126955222634820e+02 3.409947741640594121e+40 7.623413400027601369e+45 2.270000000000000000e+02
1.200000000000000000e+01 6.963414533240221544e+02 8.471091157260192972e+01 3.851260225050588404e-01 5.232602668902727183e-01 0.000000000000000000e+00 6.872660474801388375e+01 1.905158059782673163e+01 4.880497686575971938e-01 4.645359410973112085e-02 0.000000000000000000e+00 1.268287681104765863e+00 4.000000000000000000e+00 1.000000000000000000e+00 4.600000000000000000e+05 1.045366510546350165e-02 1.129001677640783328e+02 1.160919485398616664e+40 1.551267821633197171e+46 2.340000000000000000e+02
1.200000000000000000e+01 2.693854458926263760e+04 2.539990675780792984e+01 -1.030706290210801380e-02 6.805680884651119644e-01 0.000000000000000000e+00 1.429145785829289217e+01 1.242918609359753468e+01 5.882171575474179348e-02 6.450642541434525867e-02 1.700826500253642237e+00 1.779870843531909053e+00 1.000000000000000000e+00 1.000000000000000000e+00 4.800000000000000000e+05 5.684575562900170270e-02 3.959180313512221971e+01 6.762299336850006249e+39 2.095239604108976096e+43 2.290000000000000000e+02
1.200000000000000000e+01 8.865207156359285364e+03 4.983699423808621987e+01 4.833180472496071411e-01 5.870291329010324244e-01 0.000000000000000000e+00 3.914786514293037811e+01 1.275866217264421998e+01 6.227519518517080632e-01 1.030416368971682761e-01 0.000000000000000000e+00 1.002140067816923663e+00 2.000000000000000000e+00 1.000000000000000000e+00 4.900000000000000000e+05 2.446520456969675239e-02 1.095042306313020646e+02 5.510747578766208413e+40 7.385423011161806880e+44 2.350000000000000000e+02
1.200000000000000000e+01 1.428702327915838396e+03 2.320637139697134188e+01 -4.287247022384653439e-02 6.675924138310758149e-01 0.000000000000000000e+00 1.426686005387960066e+01 1.015379742475711033e+01 8.986167871049648148e-02 2.606889930092059701e-02 2.953561295677605614e+00 6.389900690888675738e-01 1.000000000000000000e+00 1.000000000000000000e+00 4.900000000000000000e+05 1.679742263456615245e-02 1.138214352353911210e+02 2.135194246613960882e+40 1.071314522537706876e+46 2.390000000000000000e+02
1.300000000000000000e+01 4.015520883080760996e+03 2.152612614981404349e+01 2.612257078360327722e-02 6.932616918304965736e-01 0.000000000000000000e+00 1.090807461352073560e+01 1.181129314499139760e+01 1.820692888185289349e-01 6.473913283806485841e-02 1.584940324189203276e+00 6.217013843352728886e-01 1.000000000000000000e+00 1.000000000000000000e+00 2.500000000000000000e+05 1.662305462818103319e-01 1.507684282304309420e+02 1.188370252871897972e+41 5.112554414663519000e+44 2.070000000000000000e+02
1.300000000000000000e+01 1.242951069273459552e+03 3.158635181842479867e+01 4.451399425846923608e-01 6.806911148858981742e-01 0.000000000000000000e+00 1.185124864528430955e+01 2.157569322023876524e+01 1.486354255886590536e-01 7.046616918304965393e-01 1.755722895024832475e+00 0.000000000000000000e+00 1.000000000000000000e+00 2.000000000000000000e+00 3.600000000000000000e+05 7.384720972019689911e-02 1.748952736670358661e+02 6.371085295816617027e+40 6.349465436682270597e+45 2.090000000000000000e+02
1.300000000000000000e+01 1.777319747219864803e+04 3.644865621106065134e+01 -8.834173215333052109e-02 6.436207408076116687e-01 0.000000000000000000e+00 2.216770934198018494e+01 1.604183885694989797e+01 1.237447603760568338e-01 1.011131114025739935e-01 2.305193809971096908e+00 2.816753822390915207e+00 1.000000000000000000e+00 1.000000000000000000e+00 3.900000000000000000e+05 9.122065742234546082e-02 1.496103182521841859e+02 2.522304884452341001e+41 1.991834317961800576e+43 2.100000000000000000e+02
1.300000000000000000e+01 7.123148385708258502e+03 2.148435267979886731e+01 6.611772636646756629e-02 6.961162126037220288e-01 0.000000000000000000e+00 1.242282823892523247e+01 1.020283785502279805e+01 1.152780717917015751e-01 2.152861055919028793e-02 2.717524434737201289e-01 1.012107997765128387e+00 1.000000000000000000e+00 1.000000000000000000e+00 4.000000000000000000e+05 3.094293775567098087e-02 4.784230615033945355e+01 5.789697503773663219e+39 6.696282614156835247e+44 2.140000000000000000e+02
1.300000000000000000e+01 1.425322144804483105e+04 2.507484835860034877e+01 -1.162276528076147154e-02 6.777165656303759667e-01 0.000000000000000000e+00 1.406990233566198256e+01 1.229417252640976166e+01 2.448233046513897948e-02 8.000946451421354910e-02 2.805598898873358227e-01 2.275770327716486907e+00 1.000000000000000000e+00 1.000000000000000000e+00 4.400000000000000000e+05 4.880733659483969811e-02 9.260266666582175787e+01 6.068364344220229592e+40 4.715463322740193739e+43 2.120000000000000000e+02
1.300000000000000000e+01 7.124645419400741048e+03 2.409653136871983392e+01 -9.532412728659669932e-02 6.354982763184497951e-01 0.000000000000000000e+00 1.012544388787089744e+01 1.512692093524522186e+01 9.067539988066129764e-02 9.892685237324234937e-02 3.072080000000000144e+00 3.058120000000000172e+00 1.000000000000000000e+00 1.000000000000000000e+00 4.600000000000000000e+05 8.248100727171003496e-03 1.143484758761134259e+02 7.518925778021537525e+40 2.588946894571688605e+44 2.200000000000000000e+02
1.300000000000000000e+01 1.366732498583346751e+04 4.840441961900334888e+01 1.673285684962053099e-02 6.651416516681829538e-01 0.000000000000000000e+00 2.012953963164810034e+01 3.074693117522900465e+01 5.787220383201913815e-02 5.747994429151481038e-02 1.688363952194995576e+00 9.776073509632892122e-01 1.000000000000000000e+00 1.000000000000000000e+00 4.600000000000000000e+05 4.766019908227989849e-02 1.043212996181378713e+02 6.494648300171123149e+40 1.636041292671527670e+44 2.210000000000000000e+02
1.300000000000000000e+01 1.093707655501498721e+03 4.036482968953830408e+01 4.977551061501782614e-01 5.356624101122531290e-01 0.000000000000000000e+00 1.054176193702871878e+01 3.165908403759640422e+01 1.329476981575803129e-01 6.920911148858981399e-01 2.273047856984142356e+00 0.000000000000000000e+00 1.000000000000000000e+00 3.000000000000000000e+00 4.700000000000000000e+05 2.928492854622887984e-02 1.095965155996929639e+02 1.378816800426823532e+40 2.891508003159799884e+46 2.250000000000000000e+02
1.300000000000000000e+01 1.655148417347255236e+04 3.421630436384464247e+01 -5.689526551697886986e-02 6.736962563923952763e-01 0.000000000000000000e+00 1.637332975112764899e+01 1.951116247730418962e+01 1.041126845948452534e-01 1.459586900860927738e-01 1.120042072299219260e+00 2.929963075729846267e+00 1.000000000000000000e+00 1.000000000000000000e+00 4.800000000000000000e+05 7.418853506566515377e-02 1.247322322726588197e+02 1.436243787121667206e+41 3.047674817690820636e+43 2.130000000000000000e+02
1.300000000000000000e+01 8.811306028975082882e+03 3.233557586159970754e+01 -3.208550372378583815e-02 6.567195133348925351e-01 0.000000000000000000e+00 2.009228079369326636e+01 1.385298349723233535e+01 4.790431697409292672e-02 6.564052164141540024e-02 2.118767302781704664e+00 2.273572652646780767e+00 1.000000000000000000e+00 1.000000000000000000e+00 4.900000000000000000e+05 1.608290043901671254e-02 9.903518457888488058e+01 4.953004913590802596e+40 3.109169756405994148e+44 2.190000000000000000e+02
1.300000000000000000e+01 1.176549222167568223e+04 2.363109181466894881e+01 -1.128590994522601504e-01 6.310637258881942602e-01 0.000000000000000000e+00 1.064318391509802808e+01 1.412796358996302004e+01 1.867113263818509783e-01 6.191761594847226130e-02 2.959306163710540449e+00 2.864371571944959616e+00 1.000000000000000000e+00 1.000000000000000000e+00 4.900000000000000000e+05 3.365363335098280409e-03 6.634119517041584402e+01 2.037203707019636445e+40 1.489158932170484735e+44 2.240000000000000000e+02
1.400000000000000000e+01 2.796881073401644244e+03 2.262070563939041179e+01 -1.248499120705900689e-01 6.295109381084706968e-01 0.000000000000000000e+00 1.055104394426427739e+01 1.318604160200061770e+01 2.337991871238831454e-01 6.029603245725194405e-02 3.079060000000000130e+00 2.253447216669441922e+00 1.000000000000000000e+00 1.000000000000000000e+00 3.000000000000000000e+05 4.678388016292293200e-02 4.017601486860826299e+01 1.559168121912513018e+39 1.756019480689000001e+46 2.040000000000000000e+02
1.400000000000000000e+01 5.540852398920810629e+03 1.929091973944314375e+01 -8.958123088073367823e-02 6.592918789973115645e-01 0.000000000000000000e+00 1.009704736587207208e+01 1.015372715732236486e+01 1.845661204649113318e-01 3.970463635736603408e-02 2.466158867070721072e+00 2.672988617151713431e+00 1.000000000000000000e+00 1.000000000000000000e+00 3.300000000000000000e+05 1.146614708470855143e-01 1.681970744594676432e+02 2.223066679908432722e+41 1.312444652530145492e+44 2.060000000000000000e+02
1.400000000000000000e+01 2.274430211372694248e+04 3.904574445116369930e+01 -6.534179975815079811e-02 6.499816782977699825e-01 0.000000000000000000e+00 2.471256370805697600e+01 1.624158529010925989e+01 1.025064072289930545e-01 3.239763157041469083e-02 2.675229991357263692e+00 2.474364810472405196e+00 1.000000000000000000e+00 1.000000000000000000e+00 3.400000000000000000e+05 4.609101801606885207e-02 1.255736598375859643e+02 1.676270005733833201e+41 1.617216747734979574e+43 2.070000000000000000e+02
1.400000000000000000e+01 4.803783922229646123e+03 2.464231675132309007e+01 -5.562579992634945902e-02 6.606378798042447098e-01 0.000000000000000000e+00 1.207051099532398375e+01 1.389556360767681475e+01 1.952674129008681314e-01 2.229843571713588934e-01 2.720139221290751141e+00 1.340809452352961673e+00 1.000000000000000000e+00 1.000000000000000000e+00 4.500000000000000000e+05 2.225509088283405545e-01 2.721558303094670919e+02 7.525357884344943842e+41 8.941830072770772155e+43 2.090000000000000000e+02
1.400000000000000000e+01 1.059310063534988331e+04 2.035042133576505918e+01 -1.289853463064806471e-01 6.519684972653629895e-01 0.000000000000000000e+00 1.121190210666261322e+01 1.027871117652346555e+01 2.623211103642870135e-01 1.818328626201625581e-02 3.072080000000000144e+00 5.216616349481201231e-01 1.000000000000000000e+00 1.000000000000000000e+00 4.700000000000000000e+05 1.030034236040064735e-02 8.595422351653671456e+01 4.411582046767528732e+40 9.386448475965823168e+43 2.100000000000000000e+02
1.500000000000000000e+01 1.931067461701136199e+04 3.218528441499385906e+01 -2.287481924989509530e-02 6.776651880209242362e-01 0.000000000000000000e+00 1.480521343080509666e+01 1.900667180810789247e+01 4.876165614867757070e-02 1.320268828358394930e-01 8.783987734104983236e-01 2.085038550755641928e+00 1.000000000000000000e+00 1.000000000000000000e+00 3.100000000000000000e+05 1.042276889158659653e-01 9.531898265072088350e+01 7.178754605695585660e+40 2.953741058035212074e+43 2.040000000000000000e+02
1.500000000000000000e+01 2.438859562609634395e+03 4.962881823411031945e+01 1.828301593864173347e-02 5.663168381197899448e-01 0.000000000000000000e+00 3.888888411629771724e+01 1.267359856828811537e+01 6.966615250998369445e-03 5.624930447714433096e-02 0.000000000000000000e+00 3.411682224727196622e-01 1.000000000000000000e+00 1.000000000000000000e+00 3.300000000000000000e+05 5.302789454424171496e-03 1.751130637275122979e+02 4.620131782221059193e+40 1.247734075220107706e+46 2.070000000000000000e+02
1.500000000000000000e+01 7.914479992331588619e+03 3.090810348722626344e+01 1.659150918387058971e-02 6.876785660270873235e-01 0.000000000000000000e+00 1.460406466101761502e+01 1.792683033900101108e+01 3.846824456999048403e-02 6.100046584681618686e-04 3.336813961667091655e-01 6.151702290804815787e-01 1.000000000000000000e+00 1.000000000000000000e+00 3.400000000000000000e+05 9.968736096414786488e-03 6.352264816018344362e+01 1.239463332952573935e+40 7.498302501585395624e+44 2.080000000000000000e+02
1.500000000000000000e+01 2.684406241035348103e+03 2.453636449253465202e+01 -8.238121290939643196e-03 6.682372513417141890e-01 0.000000000000000000e+00 1.021886945483876730e+01 1.553099113177553825e+01 3.461284998277924796e-02 3.768853153338486833e-02 5.869769039931461707e-01 2.617009704407070814e+00 1.000000000000000000e+00 1.000000000000000000e+00 3.600000000000000000e+05 1.887637929904039877e-02 1.208831799969386509e+02 3.829255063968296655e+40 4.033715639109176318e+45 2.090000000000000000e+02
1.500000000000000000e+01 1.183931939512600184e+04 2.540594093975788326e+01 -5.543271022640412077e-02 6.630306886273158451e-01 0.000000000000000000e+00 1.230972402883027961e+01 1.438190104635175359e+01 1.269648569740741695e-01 2.354361983764713395e-02 2.457757956982334679e+00 2.484504509321584731e+00 1.000000000000000000e+00 1.000000000000000000e+00 3.700000000000000000e+05 6.714924124440521669e-02 5.289538131986873282e+01 1.007245732379140113e+40 2.023778746377922614e+44 2.120000000000000000e+02
1.500000000000000000e+01 3.319076171552113374e+04 2.537281982695029825e+01 -5.666248306628678122e-02 6.626477038733459279e-01 0.000000000000000000e+00 1.501316276946255179e+01 1.163577625844845187e+01 7.336829293795513185e-02 3.804119031284408647e-02 3.044160000000000199e+00 2.778176234194607908e+00 1.000000000000000000e+00 1.000000000000000000e+00 3.800000000000000000e+05 8.985024510537211786e-18 7.998852670445936042e+01 6.247287915500948044e+40 5.179691867380693833e+42 2.050000000000000000e+02
1.500000000000000000e+01 7.099452835123307523e+03 3.051876064954769419e+01 1.938379470706801111e-02 6.367408678144006462e-01 0.000000000000000000e+00 2.150022959817504642e+01 1.044024665744412417e+01 9.376439113112058216e-03 5.080526733055720084e-02 5.115239569158349653e-01 5.811677546765487978e-01 1.000000000000000000e+00 1.000000000000000000e+00 3.800000000000000000e+05 1.226725764278936183e-02 1.625506407800155557e+02 1.935651689626397199e+41 1.824569294488255532e+44 2.100000000000000000e+02
1.500000000000000000e+01 1.569992606480864742e+04 4.959370563764024098e+01 5.545704226420971467e-02 5.131453071449397774e-01 0.000000000000000000e+00 1.103149246278755236e+01 4.033019000784019426e+01 5.261649762472135616e-02 6.879707920819333467e-02 1.264759459106817863e+00 2.707916585925252417e-01 1.000000000000000000e+00 1.000000000000000000e+00 3.900000000000000000e+05 3.135925146469348973e-02 1.564373273372173685e+02 2.366963430298009206e+41 7.540070969010888027e+43 2.110000000000000000e+02
1.500000000000000000e+01 7.948390896278804576e+03 3.726893696374256848e+01 -6.614043730124677389e-02 6.132085622876479736e-01 0.000000000000000000e+00 1.197957473195162592e+01 2.688046684597989255e+01 1.086556610705485815e-01 1.585975944599844201e-01 1.335573485940009686e+00 2.310470159705685589e+00 1.000000000000000000e+00 1.000000000000000000e+00 3.900000000000000000e+05 1.171542112206382519e-01 2.005492182746527021e+02 3.590032840987479824e+41 1.210910940969238042e+44 2.130000000000000000e+02
1.500000000000000000e+01 1.583843540203408111e+03 2.473272602457945624e+01 -3.092787937021700129e-02 6.764686114096566394e-01 0.000000000000000000e+00 1.351128723964710687e+01 1.249037075295304966e+01 9.186007173723753638e-02 4.177596785793248613e-02 1.956080386566147578e+00 2.274746703456221208e+00 1.000000000000000000e+00 1.000000000000000000e+00 3.900000000000000000e+05 8.512596733006234928e-02 8.150741216996904370e+01 7.043599672054996679e+39 2.460436302330772661e+46 2.180000000000000000e+02
1.500000000000000000e+01 9.051716477896139622e+03 4.163800876618516611e+01 7.259992313020828709e-03 5.249927555925957279e-01 0.000000000000000000e+00 1.022733289673072932e+01 3.297990090772703553e+01 6.305112176232011145e-02 8.893781456047011869e-02 1.899058906906406552e+00 1.392023251031453412e+00 1.000000000000000000e+00 1.000000000000000000e+00 4.000000000000000000e+05 8.752037774127414960e-02 1.733481488671802140e+02 2.415103392594310789e+41 2.045366981803810997e+44 2.140000000000000000e+02
1.500000000000000000e+01 2.469907031313159678e+04 3.648145698389744496e+01 -8.306988736807900675e-02 6.590386172777611407e-01 0.000000000000000000e+00 1.823355264247900465e+01 2.004396261143361002e+01 1.793404582294702287e-01 5.701870675833124735e-02 2.256844317903476060e+00 2.894635654383737933e+00 1.000000000000000000e+00 1.000000000000000000e+00 4.000000000000000000e+05 1.245377148312044324e-01 1.986596881867590625e+01 7.133771629975084707e+38 8.017000199879294071e+43 2.160000000000000000e+02
1.500000000000000000e+01 1.193637710761461312e+04 2.470232600548665403e+01 -3.546077799150432197e-02 6.683547906431429597e-01 0.000000000000000000e+00 1.404015978583693247e+01 1.191933178588362274e+01 1.810053389928014192e-02 8.486180382086709606e-02 1.461013496654188559e+00 2.786483684909492720e+00 1.000000000000000000e+00 1.000000000000000000e+00 4.000000000000000000e+05 2.447088358202762284e-02 3.747014423469979505e+01 3.638460886699470823e+39 2.465679739326052410e+44 2.170000000000000000e+02
1.500000000000000000e+01 1.149848795678679153e+03 6.538888443978163423e+01 4.116179657684231330e-01 5.791331267272901151e-01 0.000000000000000000e+00 4.969735328157960197e+01 1.819943238855161027e+01 5.703168381197899484e-01 4.664710798982317497e-02 0.000000000000000000e+00 2.055679940597356925e+00 2.000000000000000000e+00 1.000000000000000000e+00 4.000000000000000000e+05 1.323461891058171254e-02 1.086950882869051611e+02 7.344463763487527536e+39 7.605196389276952463e+46 2.210000000000000000e+02
1.500000000000000000e+01 2.724142764041879491e+04 5.061950630864702561e+01 3.690306609444380520e-02 6.422360855081514774e-01 0.000000000000000000e+00 3.674963654071778052e+01 1.617370186299430657e+01 1.417029234516493930e-02 1.163939558935589286e-01 1.011454708644020206e+00 4.719772350147323214e-01 1.000000000000000000e+00 1.000000000000000000e+00 4.400000000000000000e+05 2.216585520239320109e-02 1.767581071636790568e+02 4.700836933519793910e+41 7.037648247961528374e+42 2.230000000000000000e+02
1.500000000000000000e+01 7.837972396625166766e+03 5.425426306155515732e+01 3.784017726059702991e-01 5.465646156314107884e-01 0.000000000000000000e+00 4.166674890644193852e+01 1.449170832356591809e+01 5.327927555925956460e-01 6.849418648022459477e-02 0.000000000000000000e+00 2.845080511678187207e+00 2.000000000000000000e+00 1.000000000000000000e+00 4.400000000000000000e+05 6.060429904122068868e-03 1.076844841966684783e+02 4.570082476314839345e+40 1.514085426175502697e+45 2.260000000000000000e+02
1.500000000000000000e+01 4.732846174222580885e+03 2.760797998349899274e+01 5.415434952577546923e-02 6.772524531300363471e-01 0.000000000000000000e+00 1.775251790932305695e+01 1.126050823251892297e+01 6.023113968039074673e-02 8.996999898126385731e-02 2.517994067560502813e-01 1.013710333940354369e+00 1.000000000000000000e+00 1.000000000000000000e+00 4.400000000000000000e+05 4.543871528401809134e-02 1.217047474066782513e+02 6.264886401863955244e+40 8.910061770153473586e+44 2.300000000000000000e+02
1.500000000000000000e+01 1.145758958789242752e+04 4.051545726038397532e+01 4.377612307018419191e-01 7.430797607334053145e-01 0.000000000000000000e+00 2.544687744971876597e+01 1.735247484249038052e+01 6.884306886273156012e-01 1.356674762133445178e-01 0.000000000000000000e+00 1.027264404265817443e+00 2.000000000000000000e+00 1.000000000000000000e+00 4.500000000000000000e+05 2.092231351876208956e-01 1.344070454072144685e+02 1.336290406649004611e+41 8.919546017217581676e+43 2.200000000000000000e+02
1.500000000000000000e+01 2.071650219756133447e+04 3.600194054070831129e+01 -4.748357583060908854e-02 6.444001706587768608e-01 0.000000000000000000e+00 2.110871817871809597e+01 1.658948161981809122e+01 1.313399532218909038e-01 2.839114718717455910e-01 7.337360106200914167e-01 2.527366338243272725e+00 1.000000000000000000e+00 1.000000000000000000e+00 4.600000000000000000e+05 1.081621839597752821e-01 4.757701825450981659e+01 8.909771044036492765e+39 8.897580480676462878e+43 2.190000000000000000e+02
1.500000000000000000e+01 5.656623781574535315e+03 4.000653507004489740e+01 5.006292542885535379e-01 6.362211670233166583e-01 0.000000000000000000e+00 3.056793542926896023e+01 1.133698379664172862e+01 6.451408678144006092e-01 1.175677339108256725e-01 0.000000000000000000e+00 3.362891395140767958e-01 2.000000000000000000e+00 1.000000000000000000e+00 4.600000000000000000e+05 1.261796282688476545e-02 1.057304570581701455e+02 3.895905734045252393e+40 1.681646676971178438e+45 2.330000000000000000e+02
1.500000000000000000e+01 1.614664250679157158e+04 3.213348567851816284e+01 1.439656915807905994e-02 6.596617510059271661e-01 0.000000000000000000e+00 2.208432600737835827e+01 1.163196075425326192e+01 1.012211923945197101e-01 1.007466786028903827e-01 1.782906770501494487e+00 6.167108069065050380e-01 1.000000000000000000e+00 1.000000000000000000e+00 4.700000000000000000e+05 4.578075718663374150e-02 2.036127475431553648e+02 6.308501078886993832e+41 8.903222293372518025e+42 2.150000000000000000e+02
1.500000000000000000e+01 7.479328843710354704e+02 4.573911898583494917e+01 -1.243750324778951227e-01 5.438429941411774271e-01 0.000000000000000000e+00 1.175616365272700570e+01 3.568755465386973924e+01 2.020057975821165294e-02 1.807966310299937152e-01 1.167223922394272195e+00 2.762493724355282954e+00 1.000000000000000000e+00 1.000000000000000000e+00 4.800000000000000000e+05 6.690985477132128934e-02 2.003911024548349076e+02 9.012455973855565207e+40 3.622654619378069651e+45 2.370000000000000000e+02
1.500000000000000000e+01 4.655944081409717000e+03 4.043763964702581148e+01 5.439207072571736745e-01 6.268868559237222859e-01 0.000000000000000000e+00 3.100778798636799038e+01 1.130142147792844298e+01 7.098785660270872100e-01 1.145325695969944685e-01 0.000000000000000000e+00 6.865884951875558251e-01 2.000000000000000000e+00 1.000000000000000000e+00 4.900000000000000000e+05 2.315972837982120322e-02 1.095696397814688368e+02 3.614363219572601772e+40 2.947574782327935463e+45 2.350000000000000000e+02
1.700000000000000000e+01 3.753001294924077683e+03 1.977481750450614228e+01 -1.054284155931290989e-01 6.578829239896946124e-01 0.000000000000000000e+00 1.016995116860157111e+01 1.054000001313658075e+01 1.685102701472308284e-01 2.478288675668367524e-01 1.483621223587686444e+00 2.674767206795642949e+00 1.000000000000000000e+00 1.000000000000000000e+00 3.600000000000000000e+05 1.611518018498881988e-01 6.059060874864908186e+01 7.633330953650024296e+39 3.367646317299845031e+45 2.050000000000000000e+02
1.700000000000000000e+01 2.244826594985312840e+04 3.446602001558463257e+01 -6.586554863561354389e-02 5.834661279013984014e-01 0.000000000000000000e+00 2.455105884646446057e+01 1.140231139676141936e+01 1.220200086655758714e-01 9.472795717235683866e-02 2.047716166183846109e+00 2.737014715903218764e+00 1.000000000000000000e+00 1.000000000000000000e+00 4.000000000000000000e+05 1.017706234147236766e-01 2.257234434587029170e+02 1.012586236145416673e+42 3.686278408620893787e+42 2.060000000000000000e+02
1.700000000000000000e+01 1.440276198805097920e+03 2.098056955361242970e+01 -2.986695408179671982e-02 6.764938587441123863e-01 0.000000000000000000e+00 1.010261230651024533e+01 1.195208069279492413e+01 1.055086323751434040e-02 6.344363642510199297e-02 4.192558933292542811e-01 3.065100000000000158e+00 1.000000000000000000e+00 1.000000000000000000e+00 4.000000000000000000e+05 4.848240929303990719e-03 6.191746086392255677e+01 3.723916409241232514e+39 2.066141788238515475e+46 2.080000000000000000e+02
1.700000000000000000e+01 4.363381781427136957e+03 2.197213638370515554e+01 -1.513288138936631499e-01 6.531470410317650188e-01 0.000000000000000000e+00 1.304748100179530468e+01 1.009528237771757553e+01 2.954002144258172091e-01 1.311341114361878335e-01 3.079060000000000130e+00 1.307515006429981197e+00 1.000000000000000000e+00 1.000000000000000000e+00 4.100000000000000000e+05 9.762266957440897397e-02 1.698347588838645379e+02 1.797596015299292019e+41 3.467529675080156011e+44 2.070000000000000000e+02
1.700000000000000000e+01 1.429491169664516065e+03 2.585230954583734686e+01 3.693988209951418189e-02 6.643502790627444643e-01 0.000000000000000000e+00 1.638886593455437790e+01 1.073790464600171290e+01 8.108835281595570821e-02 4.401428968373360950e-02 2.950262436404132993e-01 2.177494196461742249e+00 1.000000000000000000e+00 1.000000000000000000e+00 4.400000000000000000e+05 2.357765166258282002e-02 9.369629604160208203e+01 1.082504378723449481e+40 1.880179336788932100e+46 2.100000000000000000e+02
1.700000000000000000e+01 1.272074336032926567e+03 2.975971950672199640e+01 4.583682914886765269e-01 6.583319106956773137e-01 0.000000000000000000e+00 2.099988055930229081e+01 1.021986188388662242e+01 6.804938587441123898e-01 4.922541085150649448e-03 0.000000000000000000e+00 1.165189045160354819e+00 2.000000000000000000e+00 1.000000000000000000e+00 4.500000000000000000e+05 1.994287951760005846e-03 9.435235245500578571e+01 1.039382888905368345e+40 1.942407004036095719e+46 2.110000000000000000e+02
1.700000000000000000e+01 1.307209069748638740e+03 4.267379635228109436e+01 6.684152206603639623e-01 8.711058254006794899e-01 0.000000000000000000e+00 2.586420434382221956e+01 1.982035192928189460e+01 6.677502790627444229e-01 6.692829239896945781e-01 0.000000000000000000e+00 0.000000000000000000e+00 2.000000000000000000e+00 2.000000000000000000e+00 4.700000000000000000e+05 0.000000000000000000e+00 4.872849752927267275e+01 9.619477894383119326e+38 4.673652507655023443e+46 2.130000000000000000e+02
1.700000000000000000e+01 1.124258987706851804e+04 4.449470855366505617e+01 -2.896544021593407472e-02 5.262194550070043997e-01 0.000000000000000000e+00 1.151741085969999467e+01 3.469332808999376283e+01 4.716210460394895665e-02 6.546782484266572277e-02 3.020183702521229474e+00 1.930423837794270181e+00 1.000000000000000000e+00 1.000000000000000000e+00 4.800000000000000000e+05 6.127971564771188956e-02 1.765822889907720992e+02 2.874057681476633259e+41 1.156469552204961851e+44 2.160000000000000000e+02
1.700000000000000000e+01 4.258161272346415899e+03 3.149765825874467140e+01 4.147414014211819877e-01 6.436625330881348139e-01 0.000000000000000000e+00 1.123775683734879927e+01 2.200754001555907280e+01 8.265206237639831366e-02 6.677470410317648541e-01 2.925735502676403588e+00 0.000000000000000000e+00 1.000000000000000000e+00 2.000000000000000000e+00 4.900000000000000000e+05 1.004509506575810007e-01 9.612661422067186834e+01 2.614473485155058020e+40 2.896087567704405326e+45 2.120000000000000000e+02
1.700000000000000000e+01 2.427026572721234334e+04 4.713688040353694930e+01 -5.501989708218835845e-02 5.875235116855427320e-01 0.000000000000000000e+00 1.479112396358968162e+01 3.433961083846187989e+01 1.967728645608911309e-01 9.689024626304647281e-02 1.869244553515335028e+00 2.159445966285126417e+00 1.000000000000000000e+00 1.000000000000000000e+00 4.900000000000000000e+05 6.894716110362947292e-02 1.751259112269796958e+02 4.395527881374722255e+41 1.056232209219278514e+43 2.140000000000000000e+02
1.800000000000000000e+01 1.536445074722730624e+03 2.527142668094798950e+01 -9.072933858309565822e-03 6.820846795282414776e-01 0.000000000000000000e+00 1.376130943321665612e+01 1.282728157270617864e+01 5.906902823973327402e-03 2.495475534958926586e-02 2.686329038648483936e-01 3.086040000000000116e+00 1.000000000000000000e+00 1.000000000000000000e+00 2.600000000000000000e+05 1.567772463729330589e-03 1.536383967336623257e+01 4.691231390552669809e+37 6.395787039228265925e+46 2.040000000000000000e+02
1.800000000000000000e+01 1.334216984172534012e+03 5.125138206415613240e+01 -3.203567265534898456e-02 6.241774412209518674e-01 0.000000000000000000e+00 3.540345606092311215e+01 1.821703476197377825e+01 1.676284927449183670e-01 7.552117588429242689e-02 1.800267282963429194e+00 1.841476879073214334e+00 1.000000000000000000e+00 1.000000000000000000e+00 2.800000000000000000e+05 1.632344250790839224e-01 2.491489343424013043e+02 9.473580544224022237e+40 9.174763381453639132e+45 2.050000000000000000e+02
1.800000000000000000e+01 1.186487557154852993e+03 6.009706265656338076e+01 5.195450844565492332e-01 4.413611375366312539e-01 0.000000000000000000e+00 5.128675772097845709e+01 1.053075090620586174e+01 6.285774412209518269e-01 7.719820691685690128e-02 0.000000000000000000e+00 1.719838112240748895e+00 2.000000000000000000e+00 1.000000000000000000e+00 3.200000000000000000e+05 1.297682474985844582e-02 8.881591533830462026e+01 4.263007340463696655e+39 1.574656333574124681e+47 2.060000000000000000e+02
1.800000000000000000e+01 1.904755750442774297e+04 1.975620166053892746e+01 -7.172062992887139055e-02 6.637303541156261977e-01 0.000000000000000000e+00 1.051054413242639640e+01 1.024161433970987467e+01 4.953445926731212499e-03 1.916996510896475103e-01 4.408157629560422452e-01 2.468773057191536058e+00 1.000000000000000000e+00 1.000000000000000000e+00 4.100000000000000000e+05 1.159790333922778721e-01 2.272087219140124716e+02 1.156359198744261149e+42 1.505088393383563281e+42 2.080000000000000000e+02
1.800000000000000000e+01 1.392617024899955322e+04 3.157924224650407297e+01 -7.186675548594978480e-02 6.601222440043640338e-01 0.000000000000000000e+00 1.904762380178664927e+01 1.412751546209190501e+01 1.156680168550593690e-01 3.056515466639925932e-02 3.057340681917998459e+00 2.023321870360937691e+00 1.000000000000000000e+00 1.000000000000000000e+00 4.300000000000000000e+05 1.888600420415482636e-02 1.055469279956900266e+02 8.099356734326228112e+40 6.523701792109635144e+43 2.090000000000000000e+02
1.800000000000000000e+01 9.321782123406332175e+03 4.791567821186054488e+01 3.517379920317315056e-02 6.446497451341546281e-01 0.000000000000000000e+00 3.513823522435524893e+01 1.495360072348437619e+01 9.037381005251583777e-02 1.828434530737302610e-01 1.555596931509810821e+00 8.934137489474687222e-01 1.000000000000000000e+00 1.000000000000000000e+00 4.600000000000000000e+05 9.036337110161891950e-02 1.827872045833200048e+02 2.708680411298594182e+41 1.433669145869263709e+44 2.110000000000000000e+02
1.900000000000000000e+01 1.083401903656098511e+04 4.775182731448386164e+01 -7.716286406981084922e-02 5.471064115305048769e-01 0.000000000000000000e+00 1.280383927059817495e+01 3.679257422130240229e+01 4.841971152579380849e-02 9.735777396383914206e-02 1.984425438877535308e+00 3.093020000000000103e+00 1.000000000000000000e+00 1.000000000000000000e+00 4.000000000000000000e+05 1.343469168761829251e-02 1.897193913810200456e+02 3.369823341120460634e+41 1.141956218461306014e+44 2.050000000000000000e+02
1.900000000000000000e+01 9.191710060366187463e+03 2.666912089408118192e+01 -1.202047537452406722e-02 6.618792199657971276e-01 0.000000000000000000e+00 1.146530865183655123e+01 1.657490933508840314e+01 1.533108039775798459e-01 3.232792897739807797e-02 1.841216141048359178e+00 1.320919549226978296e+00 1.000000000000000000e+00 1.000000000000000000e+00 4.400000000000000000e+05 9.128243118893708541e-02 1.031905037573639135e+02 6.259190258081759011e+40 1.688289823089246465e+44 2.070000000000000000e+02
1.900000000000000000e+01 4.347716108507513127e+03 3.731842829131381478e+01 -6.032250056192972436e-03 6.336953326304947121e-01 0.000000000000000000e+00 1.350544275370606861e+01 2.557611396306363005e+01 3.788969236778087085e-02 3.567451647069579124e-02 1.767924838411200072e+00 1.719885345208381322e+00 1.000000000000000000e+00 1.000000000000000000e+00 4.400000000000000000e+05 3.436080850822730709e-02 1.503502296524411577e+02 9.193144291110582253e+40 1.458424965987717905e+45 2.080000000000000000e+02
1.900000000000000000e+01 1.169460158566129940e+04 2.276412905300280443e+01 -1.121397359311095132e-01 6.550046835011000823e-01 0.000000000000000000e+00 1.228767941368944427e+01 1.163109835057310448e+01 2.190253874286280655e-01 3.531206041402133455e-01 2.277917061143539978e+00 1.800170024010246728e+00 1.000000000000000000e+00 1.000000000000000000e+00 4.600000000000000000e+05 6.604877337706406559e-02 1.660110105255202200e+02 3.227796757554062624e+41 2.032981106410831788e+43 2.060000000000000000e+02
1.900000000000000000e+01 1.131864001203718772e+03 4.080977662437111775e+01 -7.546872590717884632e-02 5.921091893960623853e-01 0.000000000000000000e+00 2.977977083613030373e+01 1.276950549081015929e+01 2.063136121007415336e-01 1.868062837667275322e-02 2.096080224228230815e+00 2.148116395144382906e+00 1.000000000000000000e+00 1.000000000000000000e+00 4.700000000000000000e+05 1.784987438389293857e-01 2.244267221069574987e+02 1.143713910711006262e+41 6.803595550969253653e+45 2.110000000000000000e+02
1.900000000000000000e+01 7.342247586061069342e+03 3.169774270228285573e+01 2.908240669652394084e-02 6.402950255104902233e-01 0.000000000000000000e+00 1.087603251389643333e+01 2.232651007412752975e+01 1.864997152461628227e-01 5.608283866841774767e-02 1.413974591904146427e+00 1.026086274798867493e+00 1.000000000000000000e+00 1.000000000000000000e+00 4.900000000000000000e+05 5.897098341871331514e-03 1.701260137131271790e+02 2.233194405275177328e+41 1.567333169708898282e+44 2.100000000000000000e+02
1.900000000000000000e+01 1.263450631265349875e+04 5.926415702236383964e+01 4.454422729467523157e-01 5.650198514471734823e-01 0.000000000000000000e+00 4.783977156063692604e+01 1.368067991006840955e+01 5.539064115305047942e-01 1.357437067102680861e-01 0.000000000000000000e+00 1.061736341123524330e+00 2.000000000000000000e+00 1.000000000000000000e+00 4.900000000000000000e+05 2.891419019281864927e-02 1.154933306099057688e+02 7.665848481424232461e+40 3.469776680925748030e+44 2.120000000000000000e+02
2.000000000000000000e+01 1.296232471556521659e+03 5.041940141723761570e+01 1.988203029996671312e-02 6.805406113670693369e-01 0.000000000000000000e+00 2.322268880571450822e+01 2.985647852259670643e+01 4.544311249580684775e-02 8.979994282091217916e-02 1.904771731076336350e+00 1.020852287359230282e+00 1.000000000000000000e+00 1.000000000000000000e+00 3.200000000000000000e+05 7.655927985135604907e-02 1.024150785240157973e+02 7.171485997849129681e+39 4.835357128915206403e+46 2.040000000000000000e+02
2.000000000000000000e+01 1.536653558579222226e+04 3.524124953927402260e+01 -1.208564377382068816e-01 5.962557872520334312e-01 0.000000000000000000e+00 1.233163366488096990e+01 2.446536465135694627e+01 7.826980838015891451e-02 1.431059565087087482e-01 2.958391960038041280e+00 3.100000000000000089e+00 1.000000000000000000e+00 1.000000000000000000e+00 3.600000000000000000e+05 6.540507750087901605e-03 1.757155689381806667e+02 3.797310093935877535e+41 2.240203782533785517e+43 2.070000000000000000e+02
2.000000000000000000e+01 8.627174704941358868e+03 3.396007336499751261e+01 -1.073338652253681136e-01 6.430820349015147208e-01 0.000000000000000000e+00 1.252206120393727140e+01 2.295082306141966910e+01 8.659169017544851576e-02 1.933549037569631535e-01 9.603743219678050336e-01 3.079060000000000130e+00 1.000000000000000000e+00 1.000000000000000000e+00 3.800000000000000000e+05 3.783517368207861553e-02 1.976680629803710758e+02 3.798726219843084900e+41 7.429455992778194353e+43 2.060000000000000000e+02
2.000000000000000000e+01 1.689799977326648150e+04 2.346856460083553486e+01 1.200576579184324186e-02 6.854726372126190848e-01 0.000000000000000000e+00 1.132373880424888668e+01 1.337856809422048521e+01 5.089937009837064430e-03 2.688217432547168606e-02 7.598398833396114993e-01 7.835133201791235624e-01 1.000000000000000000e+00 1.000000000000000000e+00 3.800000000000000000e+05 1.897270584453250933e-02 5.251567092892094024e+01 1.252429141114716823e+40 5.587396119557078470e+43 2.080000000000000000e+02
2.000000000000000000e+01 7.367195206781539127e+03 2.500895995844275888e+01 -6.806335671528002118e-02 6.653012575438316256e-01 0.000000000000000000e+00 1.316453956850413221e+01 1.310439762076005721e+01 2.474895843763440240e-02 1.319919867447355288e-01 1.756999300569113132e+00 3.093020000000000103e+00 1.000000000000000000e+00 1.000000000000000000e+00 3.900000000000000000e+05 2.432115429271153664e-02 4.195904686929998917e+01 3.738207006817415071e+39 1.004695712814433536e+45 2.090000000000000000e+02
2.000000000000000000e+01 1.004397319373860773e+04 2.772199171159195430e+01 -2.206901252076634221e-02 6.628779176410203311e-01 0.000000000000000000e+00 1.721713829912472349e+01 1.188400600190652057e+01 2.198145992430732276e-01 7.216693686198072388e-02 1.681330632190769059e+00 1.835962147878062778e+00 1.000000000000000000e+00 1.000000000000000000e+00 4.100000000000000000e+05 2.184731368954674346e-01 3.564484164365763945e+02 2.686563314525814646e+42 5.694695564528151945e+42 2.130000000000000000e+02
2.000000000000000000e+01 8.158492846454692881e+03 4.278609450494352018e+01 4.950015344079295998e-01 5.497779720435287398e-01 0.000000000000000000e+00 1.063731287844716533e+01 3.398351390167449892e+01 5.002534200370176154e-02 6.508820349015146389e-01 1.630743612406470699e+00 0.000000000000000000e+00 1.000000000000000000e+00 2.000000000000000000e+00 4.200000000000000000e+05 1.345640769378342837e-02 1.028638443478687350e+02 4.624119974127113224e+40 9.069570812479793609e+44 2.140000000000000000e+02
2.000000000000000000e+01 1.583113538654735748e+04 3.562707076290911345e+01 5.247510237982097592e-02 6.948478098009224224e-01 0.000000000000000000e+00 2.142129417583272755e+01 1.615272500108219944e+01 1.786027617802419254e-01 8.065815017676741805e-02 1.347901744002704572e+00 5.271629194238071081e-01 1.000000000000000000e+00 1.000000000000000000e+00 4.300000000000000000e+05 1.380140100917148782e-01 2.031942914448441400e+02 5.952202741854141955e+41 1.052357495986269307e+43 2.100000000000000000e+02
2.000000000000000000e+01 1.231355342574719180e+04 2.386229493348194097e+01 -1.925824365027687946e-01 6.091574771906543839e-01 0.000000000000000000e+00 1.406757750518561600e+01 1.089713677963402283e+01 1.426003016101200227e-01 2.582522265362342528e-01 3.058120000000000172e+00 3.079060000000000130e+00 1.000000000000000000e+00 1.000000000000000000e+00 4.400000000000000000e+05 2.362587950465696946e-17 6.052475650173410315e+01 1.583783931303685168e+40 1.605954363323062006e+44 2.150000000000000000e+02
2.000000000000000000e+01 2.808321284847100833e+04 5.024469545133037229e+01 3.555434487543578798e-02 6.242776355363955920e-01 0.000000000000000000e+00 3.436354031075142501e+01 1.812527714736342332e+01 2.170788131162133816e-01 7.120997963298898725e-02 1.171163965793265538e+00 2.502769717640980662e+00 1.000000000000000000e+00 1.000000000000000000e+00 4.400000000000000000e+05 2.025935443144196435e-01 2.559892985832738077e+02 1.456935857989834073e+42 2.469909166884284725e+42 2.160000000000000000e+02
2.000000000000000000e+01 7.073919993612939834e+03 3.016633066444276423e+01 -1.066717253403043908e-01 6.424262652612771074e-01 0.000000000000000000e+00 1.372144196344398104e+01 1.790061612327533069e+01 1.512031228912324166e-01 9.614552209855917186e-02 2.497586677834545910e+00 3.051140000000000185e+00 1.000000000000000000e+00 1.000000000000000000e+00 4.400000000000000000e+05 6.700929661345675359e-02 1.395835132128670182e+02 1.229118175639905198e+41 2.573702369692816147e+44 2.170000000000000000e+02
2.000000000000000000e+01 8.510557768755431880e+02 4.682077592158662327e+01 -6.453461075857443163e-02 5.087103099172773923e-01 0.000000000000000000e+00 1.071488215276973754e+01 3.774853880737533984e+01 9.222924816131846532e-03 1.260401019766561326e-01 1.624399234692584182e+00 2.286619802072626939e+00 1.000000000000000000e+00 1.000000000000000000e+00 4.500000000000000000e+05 9.510394973628831516e-02 1.919180090198571236e+02 7.584949797509567414e+40 7.913157579775624395e+45 2.210000000000000000e+02
2.000000000000000000e+01 1.007175632976620909e+04 6.355923358662235501e+01 -1.227296240651707705e-02 6.718391835398351830e-01 0.000000000000000000e+00 2.905610833322236175e+01 3.795911399518172402e+01 2.264090169191574353e-01 2.115531260437626335e-02 1.794070628347061547e+00 6.604410054974295674e-01 1.000000000000000000e+00 1.000000000000000000e+00 4.600000000000000000e+05 1.395100921908735137e-01 3.210727704836813814e+02 1.356890606766352777e+42 3.902669020806358733e+43 2.200000000000000000e+02
2.000000000000000000e+01 1.700299191051906746e+04 2.421540922771072246e+01 9.291789085205920395e-03 6.861236469533709137e-01 0.000000000000000000e+00 1.188901348936395230e+01 1.360160909258414641e+01 5.185402089750021197e-03 1.488597934963178937e-02 8.822529260736624579e-01 2.180096014832657025e-01 1.000000000000000000e+00 1.000000000000000000e+00 4.600000000000000000e+05 3.433328366209483559e-03 3.623662030031991321e+01 4.081018746700533391e+39 7.925089112310633913e+43 2.220000000000000000e+02
2.000000000000000000e+01 1.667206306724303067e+04 4.000134758151964576e+01 4.008807108521153517e-01 7.641965280842731856e-01 0.000000000000000000e+00 1.899673685697365499e+01 2.350637942260607360e+01 5.902877540714067395e-02 6.824726372126190821e-01 4.769333122581607132e-01 0.000000000000000000e+00 1.000000000000000000e+00 2.000000000000000000e+00 4.600000000000000000e+05 2.124501369590147196e-02 1.171104104101603127e+02 1.123102984461264244e+41 3.645691211519640343e+43 2.230000000000000000e+02
2.000000000000000000e+01 1.151114702331742956e+04 2.027208779465476951e+01 -1.253806623511782847e-01 6.469536018453415638e-01 0.000000000000000000e+00 1.027125156856045862e+01 1.100878686075013846e+01 1.500887622917311537e-01 1.650847479808487672e-01 2.988909984087693594e+00 2.251987328043370429e+00 1.000000000000000000e+00 1.000000000000000000e+00 4.700000000000000000e+05 2.021705082027939217e-17 1.368405190783127523e+02 1.873814431986437276e+41 2.784725387964796890e+43 2.120000000000000000e+02
2.000000000000000000e+01 7.586107302946510572e+03 5.013257420851068247e+01 -1.034624190998494342e-01 5.739277992049710564e-01 0.000000000000000000e+00 1.444679049763525391e+01 3.770948189804020956e+01 6.926008172927496966e-03 1.796617444694493526e-01 9.752744725213458032e-01 2.506100009678518425e+00 1.000000000000000000e+00 1.000000000000000000e+00 4.800000000000000000e+05 1.066425503777385236e-01 2.505148768243786321e+02 5.841235880598867642e+41 1.568837979562739151e+44 2.250000000000000000e+02
2.000000000000000000e+01 1.350117251702035173e+04 2.938485983442219407e+01 -1.214741927892710738e-01 6.279704148263501873e-01 0.000000000000000000e+00 1.313211914116854118e+01 1.765343493800499530e+01 2.036609948454448094e-01 7.310796542032281520e-02 2.735552642068137086e+00 3.030200000000000227e+00 1.000000000000000000e+00 1.000000000000000000e+00 4.900000000000000000e+05 1.779090466782460007e-17 1.179381700905567811e+02 1.141091989582046430e+41 5.404632333078862712e+43 2.180000000000000000e+02
2.000000000000000000e+01 6.647154677620690563e+03 5.616390475109893998e+01 3.841712438679749653e-01 5.598747174590662512e-01 0.000000000000000000e+00 1.597589229954095025e+01 4.284518007502679637e+01 1.281660197097707621e-01 5.605779720435286606e-01 2.337615044103655837e+00 0.000000000000000000e+00 1.000000000000000000e+00 3.000000000000000000e+00 4.900000000000000000e+05 3.019812550926220460e-02 1.204499614568852905e+02 5.468770976318740776e+40 1.990664879706477609e+45 2.240000000000000000e+02
2.100000000000000000e+01 2.348894583888666966e+04 2.923302328312119513e+01 -3.490031490838010203e-02 6.043839208278174446e-01 0.000000000000000000e+00 1.981823526444130579e+01 1.075348977690007857e+01 4.199414276939578833e-02 1.264461834451060807e-01 1.217386752870455613e+00 3.058120000000000172e+00 1.000000000000000000e+00 1.000000000000000000e+00 2.900000000000000000e+05 3.977851000615482274e-02 1.305183533289742286e+02 2.134277662674907214e+41 8.711207277448757745e+42 2.040000000000000000e+02
2.100000000000000000e+01 1.311322336125462471e+03 3.979497905086954290e+01 5.430981385640766546e-02 6.443268844563196929e-01 0.000000000000000000e+00 1.638329425330910283e+01 2.558336758411314094e+01 1.997869497882006351e-01 1.966011455253581508e-01 2.304424536333913753e+00 4.759032340813839079e-01 1.000000000000000000e+00 1.000000000000000000e+00 3.300000000000000000e+05 9.007114371440080869e-02 7.438583388489026049e+01 3.712476420343047520e+39 5.278359666475357909e+46 2.100000000000000000e+02
2.100000000000000000e+01 4.274695501044795492e+03 2.326646857765980414e+01 6.033539747990653013e-03 6.742114308993566452e-01 0.000000000000000000e+00 1.090711807176650261e+01 1.363320624051728025e+01 1.463511883893976739e-01 8.217286159552403269e-02 2.116361192685487946e+00 5.124572642718154825e-01 1.000000000000000000e+00 1.000000000000000000e+00 3.700000000000000000e+05 9.696277484166496152e-02 4.592043888118934802e+01 3.391213600553178255e+39 4.044260030894732055e+45 2.120000000000000000e+02
2.100000000000000000e+01 1.885811668061194723e+04 2.625026348221772210e+01 2.851726404545447749e-02 6.842549856714273959e-01 0.000000000000000000e+00 1.652939901651570054e+01 1.108201230959009642e+01 2.658492234595620160e-02 8.656581238787304511e-02 1.777115194690117361e+00 4.162113092756513089e-01 1.000000000000000000e+00 1.000000000000000000e+00 3.900000000000000000e+05 3.690382089156340334e-02 1.178472945443935913e+02 1.444780590681667705e+41 1.334249362205505561e+43 2.110000000000000000e+02
2.100000000000000000e+01 1.127624168098076552e+03 5.533051240831734674e+01 4.192018588508525934e-01 6.175634571506716242e-01 0.000000000000000000e+00 1.843337142776940851e+01 3.984076960129802103e+01 9.367423248199875652e-02 6.527268844563196559e-01 2.721384426144229707e+00 0.000000000000000000e+00 1.000000000000000000e+00 2.000000000000000000e+00 3.900000000000000000e+05 1.591767699160995947e-02 9.951982840596292590e+01 7.317793836804084196e+39 5.087618471264922751e+46 2.170000000000000000e+02
2.100000000000000000e+01 1.208816295039881425e+03 2.371018408544990308e+01 -3.364024401000692034e-03 6.690227717012313668e-01 0.000000000000000000e+00 1.030511418919468092e+01 1.461343952646153710e+01 7.198687122965312900e-03 2.003742769698614590e-02 2.946440000000000392e+00 1.608547360355167877e+00 1.000000000000000000e+00 1.000000000000000000e+00 4.400000000000000000e+05 2.002315131738150247e-02 9.693086229135920462e+01 1.370673712601276133e+40 1.007537299962236641e+46 2.210000000000000000e+02
2.100000000000000000e+01 2.448098456424700998e+03 3.219013751123780764e+01 4.591916255978164552e-01 6.289995000540916648e-01 0.000000000000000000e+00 1.058014889228956434e+01 2.330395776276585451e+01 4.826655647069920396e-02 6.860114308993565668e-01 2.562770113998233956e+00 0.000000000000000000e+00 1.000000000000000000e+00 2.000000000000000000e+00 4.500000000000000000e+05 6.986790261880806985e-02 9.792268922478307047e+01 1.425367703776537031e+40 1.613648356240660023e+46 2.220000000000000000e+02
2.100000000000000000e+01 1.339355470924522251e+03 3.190869638458923419e+01 -1.653934686198191978e-02 6.832167225746879069e-01 0.000000000000000000e+00 1.604201606217784359e+01 1.748321361174694033e+01 7.556143588150528168e-02 9.784459045583729364e-02 9.223403004203145628e-01 2.422043733897929929e+00 1.000000000000000000e+00 1.000000000000000000e+00 4.500000000000000000e+05 6.448403509600826589e-02 5.083361909440537829e+01 1.474118998275430321e+39 4.477026390697164939e+46 2.230000000000000000e+02
2.100000000000000000e+01 7.276981852104668178e+02 4.315547111064485364e+01 -1.297207119920306198e-02 5.432170212648301799e-01 0.000000000000000000e+00 1.057434262727092822e+01 3.417201341864495845e+01 1.250407651993774016e-01 3.991481430751114834e-02 1.510447437403325210e+00 2.076048170033415907e+00 1.000000000000000000e+00 1.000000000000000000e+00 4.700000000000000000e+05 3.492756215968261663e-02 1.746730695221774567e+02 6.163314839363430734e+40 3.368314499145702031e+45 2.320000000000000000e+02
2.100000000000000000e+01 7.451680884927044644e+03 3.299525023246505384e+01 5.830482276981048886e-03 6.516364780320691441e-01 0.000000000000000000e+00 2.242434213186313130e+01 1.217486547687964027e+01 3.005548382880358915e-02 4.940251219376837893e-02 2.065882151374692999e+00 5.200873898734291734e-01 1.000000000000000000e+00 1.000000000000000000e+00 4.800000000000000000e+05 1.965680924824533132e-02 1.548835520896856792e+02 1.671505928898316396e+41 1.987062314400890193e+44 2.300000000000000000e+02
2.100000000000000000e+01 6.547897083909875619e+03 2.068947101942232791e+01 1.609534240944109074e-02 6.941612508193890640e-01 0.000000000000000000e+00 1.045497329256501295e+01 1.125848528710424823e+01 1.327263444046265783e-01 8.186860477237589695e-02 4.183275252542939526e-01 3.058120000000000172e+00 1.000000000000000000e+00 1.000000000000000000e+00 4.800000000000000000e+05 4.954310686284619375e-02 6.687801233971190129e+01 1.519496592715210221e+40 5.431898317853678014e+44 2.310000000000000000e+02
2.100000000000000000e+01 1.244065144690232955e+03 4.073471462126138931e+01 5.161950151534786535e-01 5.537993146534415656e-01 0.000000000000000000e+00 3.192337776138391803e+01 1.027286575668719593e+01 6.852167225746879087e-01 2.047379166689924923e-02 0.000000000000000000e+00 2.028508305784987087e+00 2.000000000000000000e+00 1.000000000000000000e+00 4.800000000000000000e+05 5.102988260320672279e-03 1.016191394024413341e+02 9.765671735123343615e+39 4.376624491261090850e+46 2.340000000000000000e+02
2.100000000000000000e+01 2.189134780043108185e+04 2.530464060233877177e+01 1.231279643255562550e-01 7.083837829788403040e-01 0.000000000000000000e+00 1.527016828854345221e+01 1.142335064343480866e+01 1.715635743779410083e-01 8.769867018961426119e-02 4.702720044513954978e-01 3.188854346069093237e-01 1.000000000000000000e+00 1.000000000000000000e+00 4.900000000000000000e+05 1.713466407574460726e-01 1.397649724712788952e+02 2.656728893896405247e+41 4.998014262093400595e+42 2.150000000000000000e+02
2.200000000000000000e+01 3.556918658203479936e+03 2.317684228033029470e+01 6.701260444303797081e-02 7.106307848418119688e-01 0.000000000000000000e+00 1.313722795431036872e+01 1.132152278640597842e+01 4.282384362870968880e-02 1.744191225304289605e-01 2.051868849092064906e+00 2.770829927931106051e-01 1.000000000000000000e+00 1.000000000000000000e+00 2.800000000000000000e+05 4.025518669682835032e-02 7.655192019359434141e+01 1.343909997385986096e+40 3.321222724449876965e+45 2.040000000000000000e+02
2.200000000000000000e+01 2.060421621903986761e+03 3.521793591961434089e+01 -5.084997712236562911e-02 5.664206461662243397e-01 0.000000000000000000e+00 2.539167305350822090e+01 1.133925849096736016e+01 4.135373561737685361e-02 1.292669149517083615e-01 2.084645887175510470e+00 2.744324393925164696e+00 1.000000000000000000e+00 1.000000000000000000e+00 3.000000000000000000e+05 3.601326365953986391e-02 1.629417097118308106e+02 4.259169345387904571e+40 1.253118135333712473e+46 2.050000000000000000e+02
2.200000000000000000e+01 1.452712141663682132e+03 5.477967005956502078e+01 7.371804151602857902e-02 7.052302574053472828e-01 0.000000000000000000e+00 2.341181914695582833e+01 3.427188661970919981e+01 1.691905664369368900e-01 2.042221038463995497e-02 4.263805308988228293e-01 3.953805058467000366e-01 1.000000000000000000e+00 1.000000000000000000e+00 3.100000000000000000e+05 4.529642953761380680e-02 1.351853082154084689e+02 1.020714156618134231e+40 3.885740385351679587e+46 2.060000000000000000e+02
2.200000000000000000e+01 1.088494759270157374e+03 8.450857672275523669e+01 6.572949390673885617e-01 8.499669022899771775e-01 0.000000000000000000e+00 3.529091255172401276e+01 5.488055744040125461e+01 5.734206461662243459e-01 7.112302574053472881e-01 0.000000000000000000e+00 0.000000000000000000e+00 2.000000000000000000e+00 2.000000000000000000e+00 4.000000000000000000e+05 0.000000000000000000e+00 6.726132536317199140e+01 1.297877152966011812e+39 8.051810707159661282e+46 2.080000000000000000e+02
2.200000000000000000e+01 3.599334888283769033e+03 2.322003688736424465e+01 1.566766087651002073e-02 6.852529814992392998e-01 0.000000000000000000e+00 1.340627000637860355e+01 1.102865886619214031e+01 2.458807418279171722e-02 2.457564033837189577e-02 4.311293973657441825e-01 1.258140423963189924e+00 1.000000000000000000e+00 1.000000000000000000e+00 4.300000000000000000e+05 1.870952981951831337e-02 5.445992178128350503e+01 4.885542602289944308e+39 5.515150256168925857e+45 2.130000000000000000e+02
2.200000000000000000e+01 1.478490344673712934e+04 3.284179635650005480e+01 -4.671728484623811212e-02 6.615194409785823959e-01 0.000000000000000000e+00 1.385110765259211441e+01 2.060278657661011081e+01 2.133894337448558054e-02 8.986746879048843062e-02 9.286156520271802162e-01 2.876041541735328444e+00 1.000000000000000000e+00 1.000000000000000000e+00 4.400000000000000000e+05 2.358491756726627253e-02 1.250841744212918769e+02 1.376097177280901765e+41 4.060583649476231113e+43 2.140000000000000000e+02
2.200000000000000000e+01 1.051826952832785992e+03 9.284805086805707219e+01 7.531151924726271485e-01 2.500224394518366644e-01 0.000000000000000000e+00 1.029304326128411162e+01 8.456690776258837161e+01 1.004993427130069644e-01 8.563669022899771388e-01 2.815199491744313498e+00 0.000000000000000000e+00 1.000000000000000000e+00 3.000000000000000000e+00 4.400000000000000000e+05 3.132887250169362221e-03 4.848160767362493573e+01 4.548187517621968644e+38 1.151301173506071093e+48 2.150000000000000000e+02
2.200000000000000000e+01 6.291814265231440686e+02 4.147512535157984104e+01 4.573404944128430481e-03 5.738848052258357368e-01 0.000000000000000000e+00 3.169804052142522011e+01 1.146791603671534432e+01 6.352093105247208146e-04 3.467048913365681356e-02 2.910543391014620784e+00 9.934344222049469320e-01 1.000000000000000000e+00 1.000000000000000000e+00 4.400000000000000000e+05 9.191085026271739872e-03 1.771534364343414438e+02 6.497815539283080997e+40 1.216270801386860044e+45 2.170000000000000000e+02
2.200000000000000000e+01 1.233514530494258361e+04 2.622648179898667564e+01 -3.943651902192610997e-02 6.585469447995625503e-01 0.000000000000000000e+00 1.682555641502090182e+01 1.073766610066306804e+01 7.484071107984938132e-02 1.861832217265172937e-02 3.086040000000000116e+00 5.513185582661618289e-01 1.000000000000000000e+00 1.000000000000000000e+00 4.600000000000000000e+05 7.126392640682027886e-03 1.338269885913977646e+02 1.651325007730614521e+41 3.851734052891393413e+43 2.160000000000000000e+02
2.200000000000000000e+01 1.558135450059538925e+04 2.446650632528673341e+01 5.596491271135948381e-02 7.037924712213939893e-01 0.000000000000000000e+00 1.231627463312126913e+01 1.344883839029195194e+01 1.057120184026005411e-01 7.608050074282808606e-02 3.448150946973683184e-01 1.357491382536041069e+00 1.000000000000000000e+00 1.000000000000000000e+00 4.700000000000000000e+05 7.435625992215363911e-02 4.593426503678634987e+01 7.874844036229160691e+39 8.373327970423982586e+43 2.190000000000000000e+02
2.200000000000000000e+01 1.223381420440065313e+03 2.441641608926505214e+01 -3.983970757494726539e-02 6.537245417201122955e-01 0.000000000000000000e+00 1.015381930140748246e+01 1.546962680898663933e+01 2.499741476650912952e-02 1.005997558865220076e-01 2.946440000000000392e+00 2.089733560734090556e+00 1.000000000000000000e+00 1.000000000000000000e+00 4.800000000000000000e+05 8.735547176260265168e-02 1.392208979150225900e+02 3.964609715419413031e+40 6.397927950064721984e+45 2.220000000000000000e+02
2.200000000000000000e+01 1.461571889466273024e+04 3.774560702609688434e+01 -3.561203983606885115e-02 6.321840233841045098e-01 0.000000000000000000e+00 1.494531671976077014e+01 2.465281878900176693e+01 1.109945109171373567e-01 2.976553310879080302e-02 2.485074323882249026e+00 1.702217567960932598e+00 1.000000000000000000e+00 1.000000000000000000e+00 4.800000000000000000e+05 3.829096033990254250e-02 1.187218487359602506e+02 1.105611821803494767e+41 6.833802363689087957e+43 2.240000000000000000e+02
2.200000000000000000e+01 1.428231774480009335e+04 3.134543685809594749e+01 2.442572722013463832e-03 6.639198580778262748e-01 0.000000000000000000e+00 1.300677488772699597e+01 1.991474828743918835e+01 6.440924025918802476e-03 6.143627752101634906e-03 1.346586321686325860e+00 1.041407637452291146e+00 1.000000000000000000e+00 1.000000000000000000e+00 4.900000000000000000e+05 5.302663086492363613e-03 1.114573531144833254e+02 9.712279365357017731e+40 5.253051959615886834e+43 2.230000000000000000e+02
2.300000000000000000e+01 1.613606704169648083e+03 4.550866958786534155e+01 3.118988207401004326e-02 5.108933611399069097e-01 0.000000000000000000e+00 3.592114328313461158e+01 1.124654042542766064e+01 1.239475022586733477e-01 6.198433694174122766e-02 1.080457374019438088e+00 2.684557929685505773e+00 1.000000000000000000e+00 1.000000000000000000e+00 3.700000000000000000e+05 1.093431756040724179e-01 1.795794798633573066e+02 2.792616876688164425e+40 2.874901160486198139e+46 2.050000000000000000e+02
2.300000000000000000e+01 5.938896166003864892e+03 2.630903356414181715e+01 -2.413270308347090221e-02 6.522219535293032333e-01 0.000000000000000000e+00 1.722508445343143535e+01 1.039347039975170439e+01 4.374463471058259723e-02 4.927470622696878202e-03 2.800203989918586434e+00 5.555937588183303966e-01 1.000000000000000000e+00 1.000000000000000000e+00 3.700000000000000000e+05 1.464552606853041991e-02 1.367104331385872626e+02 1.085295651671139349e+41 3.373929331342201544e+44 2.060000000000000000e+02
2.300000000000000000e+01 9.123778690358240056e+03 3.081233485311628684e+01 -9.365213633017351047e-02 6.044024065973542248e-01 0.000000000000000000e+00 2.154243086881007230e+01 1.064136795417131509e+01 1.180395321495225358e-01 4.544759577199847939e-02 3.062667407535617503e+00 3.005288051491465939e+00 1.000000000000000000e+00 1.000000000000000000e+00 3.900000000000000000e+05 9.306629957915833751e-03 1.763646834217136359e+02 2.924002389043538750e+41 7.893136566862116696e+43 2.080000000000000000e+02
2.300000000000000000e+01 1.842259560902756857e+04 4.475905995061771137e+01 -2.125842917296937029e-02 6.688382621538965234e-01 0.000000000000000000e+00 2.620895378128401632e+01 2.082272199471661267e+01 3.376505337375545340e-02 1.512982677969154921e-01 1.131969446713483096e+00 2.022729039971494114e+00 1.000000000000000000e+00 1.000000000000000000e+00 3.900000000000000000e+05 9.443634493019277543e-02 6.168499163897394766e+01 1.667072147889988222e+40 1.363071329987539106e+44 2.090000000000000000e+02
2.300000000000000000e+01 1.366012645308424726e+04 2.955850994708178803e+01 4.468654345865838429e-03 6.696445296313175977e-01 0.000000000000000000e+00 1.769425284895693906e+01 1.333483478140625600e+01 1.663311592129185501e-01 1.413934801074372416e-01 1.248210364960040675e+00 2.005687389527891717e+00 1.000000000000000000e+00 1.000000000000000000e+00 4.200000000000000000e+05 1.647252669968134742e-01 6.700356115001817159e+01 2.102336540265098369e+40 1.302691259768828293e+44 2.100000000000000000e+02
2.300000000000000000e+01 1.054393832353277503e+04 2.554388237528919703e+01 7.386762300367422616e-03 6.887932757248809157e-01 0.000000000000000000e+00 1.319178106021148267e+01 1.369505497661083204e+01 1.809784570504054113e-02 1.394580071060770865e-01 2.645746486871290992e-01 1.587462400859557476e+00 1.000000000000000000e+00 1.000000000000000000e+00 4.300000000000000000e+05 1.394386397640763331e-01 2.652064510117825193e+02 1.179770768587948175e+42 8.981300559469881669e+42 2.140000000000000000e+02
2.300000000000000000e+01 4.437742841081549159e+03 2.968513385881673372e+01 -2.063455256157140788e-02 6.366909158792626311e-01 0.000000000000000000e+00 1.236801472881674790e+01 1.888211640402532154e+01 1.583472562320538402e-01 6.102644061295615929e-02 2.562778575547068005e+00 5.293433414260616532e-01 1.000000000000000000e+00 1.000000000000000000e+00 4.300000000000000000e+05 4.523550701941739249e-02 1.018357815107306266e+02 3.338850405134220099e+40 2.070393521106082181e+45 2.150000000000000000e+02
2.300000000000000000e+01 1.736097457460614169e+04 6.442509355809914950e+01 -2.247956867709641204e-02 6.670055032090524971e-01 0.000000000000000000e+00 2.830035202525584381e+01 3.938081927922317504e+01 1.901755737240318558e-02 4.372888488630210374e-02 2.148012150692275135e+00 2.364486939018481504e+00 1.000000000000000000e+00 1.000000000000000000e+00 4.300000000000000000e+05 3.066352010930142868e-02 9.465623475195860692e+01 5.013861555804166021e+40 1.704434616084070990e+44 2.200000000000000000e+02
2.300000000000000000e+01 6.520371905240128399e+03 3.358993030672318980e+01 2.480483994791488067e-02 5.979330221970737824e-01 0.000000000000000000e+00 2.428542452830620135e+01 1.076450449444244306e+01 6.796625307304275665e-02 3.360594850564947028e-02 7.466746034719492497e-01 2.809997333034116362e+00 1.000000000000000000e+00 1.000000000000000000e+00 4.500000000000000000e+05 4.616280414627364076e-02 1.726039822958425987e+02 2.079784491869841672e+41 2.777510877917650126e+44 2.280000000000000000e+02
2.300000000000000000e+01 1.428010375909194863e+03 2.221169777028233483e+01 -1.168875663775679197e-01 6.487689829950632481e-01 0.000000000000000000e+00 1.297080693456824285e+01 1.030756876029432512e+01 2.467624476954300428e-01 9.932424136584019903e-02 2.205534468523991709e+00 2.504642184268912164e+00 1.000000000000000000e+00 1.000000000000000000e+00 4.500000000000000000e+05 1.986997848062012073e-01 2.377369558055885932e+02 2.018392786416692622e+41 1.910740762857792698e+45 2.290000000000000000e+02
2.300000000000000000e+01 7.537520463451850446e+03 2.983176752676567389e+01 -4.988590092501502676e-02 6.794690796597032678e-01 0.000000000000000000e+00 1.722292405806476978e+01 1.424160559049659902e+01 1.673932276652981554e-01 1.584691151452642111e-01 2.967727965448264449e+00 9.731656924884715121e-01 1.000000000000000000e+00 1.000000000000000000e+00 4.600000000000000000e+05 1.255304261036766789e-01 1.716245655319637251e+02 2.401386552209846498e+41 1.114063696646260933e+44 2.160000000000000000e+02
2.300000000000000000e+01 9.112004863219868639e+03 4.158046099253759564e+01 4.301684473037067358e-01 6.109473457125935703e-01 0.000000000000000000e+00 1.283843385906121703e+01 3.085488522821964708e+01 1.403778416878322666e-01 6.254024065973540214e-01 1.852630110106015859e+00 0.000000000000000000e+00 1.000000000000000000e+00 2.000000000000000000e+00 4.600000000000000000e+05 2.598105791378940710e-01 1.079075779133252553e+02 5.856433365602889968e+40 4.507924859325137159e+44 2.170000000000000000e+02
2.300000000000000000e+01 2.026503909478137575e+04 6.690228704376519886e+01 4.408411019743566084e-01 7.046276698797033777e-01 0.000000000000000000e+00 4.482087009253820042e+01 2.584408082992495181e+01 6.702382621538964802e-01 5.063338216775289946e-02 0.000000000000000000e+00 5.561651842305977977e-01 2.000000000000000000e+00 1.000000000000000000e+00 4.600000000000000000e+05 1.427440738154625056e-02 9.091537934437724289e+01 4.817968869636371359e+40 1.117095784415808688e+44 2.270000000000000000e+02
2.300000000000000000e+01 9.329252363335292102e+03 2.608995491095256725e+01 -7.355591379289144749e-02 6.633311146856896157e-01 0.000000000000000000e+00 1.408766575598064286e+01 1.332097447346747465e+01 7.319226055267324949e-02 1.104923386737434315e-01 2.583547586388537542e+00 2.458254688379824415e+00 1.000000000000000000e+00 1.000000000000000000e+00 4.700000000000000000e+05 3.535762244356604328e-02 1.313454486855648184e+01 1.315196863418784809e+38 8.065516118330711257e+44 2.220000000000000000e+02
2.300000000000000000e+01 8.493520784867436305e+03 2.249782981458170639e+01 -9.892226427435937830e-02 6.585056316131779885e-01 0.000000000000000000e+00 1.226210435909848329e+01 1.136874635031841763e+01 2.063208681528457544e-01 8.770652815860814633e-02 2.373229100886177889e+00 2.117619578948573889e+00 1.000000000000000000e+00 1.000000000000000000e+00 4.800000000000000000e+05 2.526701907806856372e-17 1.247985130677687664e+02 1.130245044385940916e+41 1.021086372515288216e+44 2.070000000000000000e+02
2.300000000000000000e+01 1.363326806152901099e+03 3.240165314755258663e+01 5.249818934658476155e-02 7.010278340616976633e-01 0.000000000000000000e+00 1.672372381283411613e+01 1.742882389269498589e+01 2.129564220424979420e-02 1.266548776362328155e-01 4.960173509486782706e-01 8.361380326948379960e-01 1.000000000000000000e+00 1.000000000000000000e+00 4.900000000000000000e+05 9.398549996612153012e-02 7.796592267307360657e+01 5.164482991928595854e+39 3.096467822010832260e+46 2.360000000000000000e+02
2.400000000000000000e+01 1.436076975358279697e+03 2.363628571113340726e+01 -1.564055462057854506e-01 6.342446679307868207e-01 0.000000000000000000e+00 1.276100859125383913e+01 1.200667885947067681e+01 5.764418102146887102e-02 2.721725348567509140e-01 2.550905097746787309e+00 3.086040000000000116e+00 1.000000000000000000e+00 1.000000000000000000e+00 3.100000000000000000e+05 3.210390110005342801e-02 3.775596215677325063e+01 7.655615005685191922e+38 4.196417394740150059e+46 2.040000000000000000e+02
2.400000000000000000e+01 1.342428625864583637e+03 2.523237119181991517e+01 -1.351691911293328649e-02 6.804488415134716250e-01 0.000000000000000000e+00 1.204294937286891631e+01 1.448415957817322663e+01 1.958740995990664036e-02 4.152421489557621415e-02 1.518244053286529338e-01 2.961734136830171948e+00 1.000000000000000000e+00 1.000000000000000000e+00 3.800000000000000000e+05 7.428282342722699640e-03 6.388495176206829029e+01 3.612477879033063892e+39 2.371034092603032818e+46 2.060000000000000000e+02
2.400000000000000000e+01 4.287872923593429732e+03 2.295026793937350007e+01 -8.015483479616204721e-03 6.787780744436545666e-01 0.000000000000000000e+00 1.304763044875300437e+01 1.109119761627649225e+01 1.089444916727057462e-02 4.414024458287511138e-02 7.211083513134085576e-01 2.231015261237579317e+00 1.000000000000000000e+00 1.000000000000000000e+00 4.100000000000000000e+05 2.895830721430737650e-02 4.870819261183613946e+01 4.086893949664029410e+39 3.641374589349892080e+45 2.070000000000000000e+02
2.400000000000000000e+01 2.706128649088321254e+04 3.486329188742342211e+01 1.728662786378110106e-02 6.033159415035797002e-01 0.000000000000000000e+00 2.615479756678376333e+01 1.019230511765795910e+01 5.202365368148126334e-02 1.377126574063322340e-01 1.407971753645078206e+00 1.276048673722212090e+00 1.000000000000000000e+00 1.000000000000000000e+00 4.400000000000000000e+05 5.133555449670837434e-02 1.754959091979337416e+02 5.263309492552102163e+41 3.931015528369079954e+42 2.090000000000000000e+02
2.400000000000000000e+01 1.286668336801118357e+03 2.409808223901021407e+01 5.278106537908674317e-02 6.901534412016330222e-01 0.000000000000000000e+00 1.086349533330581174e+01 1.452935639123072953e+01 1.057556867951621737e-01 6.998373433873453231e-02 1.217827726901911323e+00 3.830927370587381975e-01 1.000000000000000000e+00 1.000000000000000000e+00 4.400000000000000000e+05 7.119935173813146667e-02 9.245391264038413226e+01 1.154070013908688111e+40 1.226250715047958062e+46 2.100000000000000000e+02
2.400000000000000000e+01 1.697685559762121193e+04 3.740793871362935619e+01 6.251271348588088601e-04 6.520086753870963925e-01 0.000000000000000000e+00 2.472362123691203450e+01 1.451979635375700717e+01 1.687993041045556322e-02 8.998099563014760535e-03 1.674897357226309280e+00 1.024302004897036600e+00 1.000000000000000000e+00 1.000000000000000000e+00 4.500000000000000000e+05 1.666832075192929349e-02 1.358060576664842927e+02 1.817653681754529337e+41 2.960526477262760178e+43 2.110000000000000000e+02
2.500000000000000000e+01 2.988845776894420851e+03 2.276635849762433139e+01 -6.478250300806843998e-02 6.683770666970884067e-01 0.000000000000000000e+00 1.090103931398420301e+01 1.301219597899737046e+01 6.638238649347271564e-03 1.599241843962186937e-01 5.431959184413311936e-01 2.456264739324855562e+00 1.000000000000000000e+00 1.000000000000000000e+00 3.800000000000000000e+05 1.012203215512825494e-01 1.672983339210198892e+02 1.200825917515923928e+41 1.150695026522264802e+45 2.060000000000000000e+02
2.500000000000000000e+01 5.100669644272535152e+03 2.227152022398996678e+01 -4.365503575848021095e-02 6.682226843949448103e-01 0.000000000000000000e+00 1.231809865246520097e+01 1.106568313092371802e+01 8.857744627855969333e-02 1.213063875545720288e-01 1.467221451314866476e+00 2.576461329335509642e+00 1.000000000000000000e+00 1.000000000000000000e+00 4.000000000000000000e+05 8.810275230938868773e-02 6.403226146011292030e+01 1.079537577292581108e+40 1.529272119567463934e+45 2.070000000000000000e+02
2.500000000000000000e+01 2.581088454755297425e+04 5.365355520395677758e+01 -1.216703702645130919e-01 5.934602017843702004e-01 0.000000000000000000e+00 1.594511630853858364e+01 3.987778794451407549e+01 4.005685526406253111e-02 1.893336084156736210e-01 2.825761875891968922e-01 2.945408254766821887e+00 1.000000000000000000e+00 1.000000000000000000e+00 4.200000000000000000e+05 3.937342788379111919e-03 2.168847681621771812e+02 8.236055007684769537e+41 6.331775994055353130e+42 2.050000000000000000e+02
2.500000000000000000e+01 4.178194980098238375e+03 3.925901031716843903e+01 -3.087706768220455089e-03 5.531683074007659462e-01 0.000000000000000000e+00 1.108449565036893958e+01 2.981162559266581980e+01 5.827900255871363427e-02 1.651125100473157734e-02 2.572252185214771281e+00 5.570290494220717648e-01 1.000000000000000000e+00 1.000000000000000000e+00 4.300000000000000000e+05 1.233734497554794113e-02 1.699426419616347914e+02 1.234541008448993987e+41 1.755127679638271988e+45 2.080000000000000000e+02
2.500000000000000000e+01 1.711064012948620802e+04 2.826390070583115843e+01 1.330373236584400654e-02 7.031147159488342346e-01 0.000000000000000000e+00 1.193694402236446983e+01 1.765911035364485926e+01 2.035157234485639177e-01 1.481881035772937838e-01 3.002155135949028386e-01 2.398471476450168005e+00 1.000000000000000000e+00 1.000000000000000000e+00 4.500000000000000000e+05 9.710404366143458865e-02 1.977435818257335143e+02 6.278914423051012994e+41 5.507793683353765687e+42 2.110000000000000000e+02
2.500000000000000000e+01 1.483191187936951610e+04 5.026823219426377420e+01 -9.836178525917095572e-03 6.591895137888174050e-01 0.000000000000000000e+00 3.301905051191778284e+01 1.982122515364560300e+01 1.415400234123901091e-01 3.239948360269295086e-02 1.808314840035072146e+00 4.441369327377058251e-01 1.000000000000000000e+00 1.000000000000000000e+00 4.700000000000000000e+05 1.309780176025384657e-01 2.056088234738876395e+02 5.156384908223039594e+41 2.742754833250276437e+43 2.100000000000000000e+02
2.500000000000000000e+01 1.286781347327044614e+03 3.165286549574398123e+01 4.740167976898573277e-01 6.514182491165921851e-01 0.000000000000000000e+00 2.280828715979966859e+01 1.032192585376247607e+01 6.777770666970883706e-01 1.050922431181259831e-01 0.000000000000000000e+00 1.342647959322776696e+00 2.000000000000000000e+00 1.000000000000000000e+00 4.700000000000000000e+05 4.159349231648707540e-02 1.041823937299054990e+02 1.315319170742751762e+40 1.992188113502350213e+46 2.130000000000000000e+02
2.500000000000000000e+01 9.906794413553096092e+03 4.374092683701046980e+01 2.215492746459205367e-02 5.638763510686636282e-01 0.000000000000000000e+00 1.080368049429993782e+01 3.460746398826741199e+01 7.627446545952266954e-02 9.367676860975957323e-03 5.101619086419786342e-01 4.839342722434769040e-01 1.000000000000000000e+00 1.000000000000000000e+00 4.800000000000000000e+05 1.272365117582469930e-02 1.737355105971280693e+02 2.531569427989956667e+41 1.483682518529146297e+44 2.140000000000000000e+02
2.500000000000000000e+01 8.364149345248857571e+03 3.901548959695128360e+01 -1.314056222792945317e-01 6.310979110651468993e-01 0.000000000000000000e+00 2.520611747309788697e+01 1.565844562355451153e+01 1.842792002792417450e-01 6.770375451839812098e-02 3.086040000000000116e+00 2.332992216178683353e+00 1.000000000000000000e+00 1.000000000000000000e+00 4.800000000000000000e+05 2.845671613479793319e-02 1.582712066089602274e+02 1.791342542265500873e+41 1.984190151968724911e+44 2.180000000000000000e+02
2.500000000000000000e+01 1.415284932678336918e+04 5.037011880634349836e+01 4.074992932582045119e-02 6.886370866701675419e-01 0.000000000000000000e+00 3.210914688940943051e+01 2.085565113463417930e+01 6.893762199898437540e-03 1.553307664451169245e-01 1.300300871251150792e+00 8.658599553367898327e-01 1.000000000000000000e+00 1.000000000000000000e+00 4.800000000000000000e+05 7.231644943018074312e-02 1.927517642636805704e+02 4.119875081977599183e+41 3.449128725361194564e+43 2.190000000000000000e+02
2.600000000000000000e+01 1.785854866559629954e+04 5.116062129175049478e+01 -1.120510382008864728e-02 5.922973448073066693e-01 0.000000000000000000e+00 3.958224274264406972e+01 1.366061745546893391e+01 4.552514760487257756e-02 1.031083371136703730e-01 3.079060000000000130e+00 5.485411345214051826e-01 1.000000000000000000e+00 1.000000000000000000e+00 3.500000000000000000e+05 2.356177072159027983e-02 1.874065381164293171e+02 4.350944879907744875e+41 2.577352588630979241e+43 2.120000000000000000e+02
2.600000000000000000e+01 1.088202732709281372e+04 3.406116921572493084e+01 1.192809158935106278e-02 6.027669281085276110e-01 0.000000000000000000e+00 1.065572525237218038e+01 2.490622468917461418e+01 1.117577629648429730e-02 1.484480318580918418e-02 9.819860548719594462e-01 2.520133839762814798e-01 1.000000000000000000e+00 1.000000000000000000e+00 3.600000000000000000e+05 3.701614753341063782e-03 1.684032977388079644e+02 2.736074827766306906e+41 6.433068203188715246e+43 2.160000000000000000e+02
2.600000000000000000e+01 4.949352252192325977e+03 3.323488607731128042e+01 2.244348337117293025e-03 6.750203605022602193e-01 0.000000000000000000e+00 1.479132208765866352e+01 2.014986126064974670e+01 5.087908530231388671e-03 5.479391682787156104e-02 5.413314645844145012e-01 1.558185360767857741e+00 1.000000000000000000e+00 1.000000000000000000e+00 3.600000000000000000e+05 5.478955977022206131e-02 1.337264078165085266e+02 7.797102948390053279e+40 9.153633627946989154e+44 2.170000000000000000e+02
2.600000000000000000e+01 1.677521124027279802e+04 2.333874322680305369e+01 -1.096256653256117569e-01 6.260801706832448410e-01 0.000000000000000000e+00 1.416980285198672185e+01 1.027572524538646270e+01 1.031612757871155778e-01 2.952156470393330068e-01 1.955740745570405004e+00 2.349643747259080317e+00 1.000000000000000000e+00 1.000000000000000000e+00 4.100000000000000000e+05 2.505124796181501463e-17 1.306438595233403248e+02 1.924188932952563579e+41 1.418212652998894954e+43 2.150000000000000000e+02
2.600000000000000000e+01 3.406274139250882854e+03 4.394334571648372645e+01 4.987456595115553615e-01 6.147886650758759286e-01 0.000000000000000000e+00 1.279491871937115555e+01 3.327312818129536964e+01 3.892800660072492230e-02 6.780203605022602220e-01 5.808999399414074283e-01 0.000000000000000000e+00 1.000000000000000000e+00 2.000000000000000000e+00 4.200000000000000000e+05 7.233845652772596425e-03 1.011368849085296802e+02 1.885853686367367760e+40 1.092850513325926242e+46 2.200000000000000000e+02
2.600000000000000000e+01 1.715276273061871689e+04 3.339383618035073908e+01 3.092669286538409987e-02 6.936451076721149578e-01 0.000000000000000000e+00 1.665578258545555812e+01 1.854219896635278175e+01 1.189630024238398504e-01 9.615791591772426816e-02 1.474563220758335458e+00 1.042863819159332683e+00 1.000000000000000000e+00 1.000000000000000000e+00 4.300000000000000000e+05 9.978457727540530897e-02 3.125516493589314493e+01 2.329565982177062972e+39 1.558300421465492732e+44 2.180000000000000000e+02
2.600000000000000000e+01 1.933961945840191038e+04 2.770063762134652663e+01 -1.889378798378096858e-02 6.623617948425942759e-01 0.000000000000000000e+00 1.790459928282889734e+01 1.118809805826394310e+01 4.893733503116104444e-02 8.634449899740470613e-02 2.979593775074411255e+00 1.238580443615993731e+00 1.000000000000000000e+00 1.000000000000000000e+00 4.600000000000000000e+05 4.774731378521115954e-02 1.597057878892244958e+02 3.575304320977002402e+41 7.171204282284928489e+42 2.210000000000000000e+02
2.600000000000000000e+01 2.170574912817426230e+04 7.169386698042629291e+01 3.698262402451101827e-01 5.910084509157401689e-01 0.000000000000000000e+00 5.131382046804667851e+01 2.304492993354340058e+01 5.960973448073065839e-01 1.342618973324856135e-01 0.000000000000000000e+00 3.080136991608827035e+00 2.000000000000000000e+00 1.000000000000000000e+00 4.900000000000000000e+05 3.270507351662099715e-02 9.606867896649717409e+01 5.766166325417683320e+40 1.336005018900077939e+44 2.280000000000000000e+02
2.600000000000000000e+01 7.189234881357043605e+02 6.016428710267621938e+01 4.105749898620175697e-01 6.113298290251215628e-01 0.000000000000000000e+00 1.927351919200437536e+01 4.400402939568058969e+01 1.138936921032750599e-01 6.187886650758759322e-01 2.176077581165568375e+00 0.000000000000000000e+00 1.000000000000000000e+00 3.000000000000000000e+00 4.900000000000000000e+05 3.668385597822067246e-02 1.213342921640198426e+02 1.737295338288960765e+40 6.671641841935394671e+45 2.290000000000000000e+02
2.700000000000000000e+01 1.413567972366561207e+03 4.533992113015595038e+01 5.068658457430133546e-02 6.290569397612519875e-01 0.000000000000000000e+00 3.359340157755495682e+01 1.375176615075545961e+01 3.329827191426094207e-02 1.058455929209575347e-01 3.377914278155133010e-01 3.933978698636869109e-01 1.000000000000000000e+00 1.000000000000000000e+00 2.500000000000000000e+05 1.473278501418476445e-02 1.744393881825830022e+02 3.554588861386638964e+40 1.826298134897387965e+46 2.040000000000000000e+02
2.700000000000000000e+01 3.996139363499853062e+03 5.005481184425141805e+01 -4.137430161090181746e-02 5.637701148342231239e-01 0.000000000000000000e+00 1.359838762269211365e+01 3.842494847796929491e+01 7.579570776873567617e-02 1.050165875246052288e-01 1.497947933127844466e+00 2.155552962714620158e+00 1.000000000000000000e+00 1.000000000000000000e+00 3.100000000000000000e+05 8.382122348560580583e-02 1.946996922673695281e+02 1.479996003367684120e+41 2.202690663473631780e+45 2.050000000000000000e+02
2.700000000000000000e+01 4.451575352608278990e+03 3.143108628004691241e+01 1.251016749383157024e-02 6.861533471568329601e-01 0.000000000000000000e+00 1.793016503972813425e+01 1.517452888307552783e+01 7.698189348806623589e-02 1.201170180553642365e-02 1.373817380001979060e+00 6.598473748162916319e-01 1.000000000000000000e+00 1.000000000000000000e+00 3.100000000000000000e+05 7.549324035170576486e-02 1.432580163355755190e+02 9.019714891187967116e+40 9.247165323225621185e+44 2.060000000000000000e+02
2.700000000000000000e+01 1.424493680752822729e+04 3.015621902821929012e+01 -5.337823323901497163e-02 6.621067717029244237e-01 0.000000000000000000e+00 1.842892649934374916e+01 1.324782926634492775e+01 8.836668349166691694e-02 1.542738835227135119e-02 2.910448261574833495e+00 2.114094546817547826e+00 1.000000000000000000e+00 1.000000000000000000e+00 3.100000000000000000e+05 2.024406756376793265e-02 1.069579980199593905e+02 8.700710715736416442e+40 5.374706293791028489e+43 2.080000000000000000e+02
2.700000000000000000e+01 1.022806201449726541e+04 2.482395023488887631e+01 9.141770334114538571e-03 6.734073859248448368e-01 0.000000000000000000e+00 1.534138998250613994e+01 1.075161452030233811e+01 7.974694401578047431e-02 7.899433092342318663e-02 1.440962080328944683e+00 1.476298510191228042e+00 1.000000000000000000e+00 1.000000000000000000e+00 3.200000000000000000e+05 7.907574328788498363e-02 1.079837970402773948e+02 7.905941117125722679e+40 9.333285161306321783e+43 2.070000000000000000e+02
2.700000000000000000e+01 1.541152172021328806e+04 4.124026253571543776e+01 -3.082628616425230061e-02 6.752286035942262066e-01 0.000000000000000000e+00 1.970383420205973124e+01 2.365283196282852529e+01 2.433666689420835652e-03 6.665700878838765053e-02 5.719606301893408462e-01 2.632701909287201048e+00 1.000000000000000000e+00 1.000000000000000000e+00 3.400000000000000000e+05 3.247588459126930088e-02 6.781416918965730645e+01 2.054137651841207601e+40 1.706243934622138936e+44 2.170000000000000000e+02
2.700000000000000000e+01 1.564283681460555090e+04 2.560213271577678640e+01 -5.292847116938348417e-02 6.430823612147182899e-01 0.000000000000000000e+00 1.522805831017506506e+01 1.160434074235736723e+01 7.391049682110650831e-02 2.603959209713855305e-01 6.206432497867744313e-01 2.454361237071778223e+00 1.000000000000000000e+00 1.000000000000000000e+00 3.500000000000000000e+05 1.211192824127324263e-01 1.859211497041804648e+02 5.144238136783047164e+41 8.319833338217046230e+42 2.120000000000000000e+02
2.700000000000000000e+01 6.093501431649623555e+03 2.510370230850467976e+01 1.057192769858556793e-02 6.672069647370211243e-01 0.000000000000000000e+00 1.076787403951037625e+01 1.562696206800350751e+01 2.230685453536114873e-02 3.426897720388948076e-02 2.534836937767603438e+00 4.744568366907707113e-01 1.000000000000000000e+00 1.000000000000000000e+00 3.500000000000000000e+05 1.565596552533603594e-02 9.274657369677520080e+01 3.530331426603775645e+40 6.245772052057779302e+44 2.140000000000000000e+02
2.700000000000000000e+01 1.006781079267595487e+04 3.802229488061655616e+01 4.201746875217784449e-01 7.096330379701990543e-01 0.000000000000000000e+00 1.540806159720999524e+01 2.483537187877361063e+01 6.635941185421874271e-03 6.768073859248447954e-01 1.846438381248869387e-01 0.000000000000000000e+00 1.000000000000000000e+00 2.000000000000000000e+00 3.500000000000000000e+05 7.069125095625349324e-04 9.213398288349404197e+01 4.062039077436782541e+40 2.836815133232744613e+44 2.150000000000000000e+02
2.700000000000000000e+01 1.177672619796229446e+04 3.983197659995008166e+01 -1.758731816897050187e-02 6.734069868451575402e-01 0.000000000000000000e+00 1.786772266319423252e+01 2.398704622655702323e+01 1.137368045566262628e-02 4.661346832730023371e-02 2.514206412029958981e-01 2.557818120776756743e+00 1.000000000000000000e+00 1.000000000000000000e+00 3.600000000000000000e+05 2.569228473729544271e-02 9.687287062470272758e+01 5.130092616117337151e+40 1.960588878017155984e+44 2.160000000000000000e+02
2.700000000000000000e+01 1.696354108019513660e+04 5.355254464849362961e+01 4.889087999533923146e-01 5.523134047294556703e-01 0.000000000000000000e+00 4.125923742037073794e+01 1.411326963822718916e+01 6.732286035942262048e-01 5.320164694292312674e-02 0.000000000000000000e+00 2.789522810591111845e+00 2.000000000000000000e+00 1.000000000000000000e+00 3.700000000000000000e+05 5.454059318940708730e-03 1.017796878675501233e+02 6.629044415095895140e+40 1.596101247561125178e+44 2.250000000000000000e+02
2.700000000000000000e+01 1.574587824104138053e+04 3.635897527704586452e+01 -9.497250558487378702e-02 6.045034104022410926e-01 0.000000000000000000e+00 1.129389138757716715e+01 2.658527553054131332e+01 3.980761688831008921e-02 1.557652402785628942e-01 4.788823401456080431e-01 2.876575329568334727e+00 1.000000000000000000e+00 1.000000000000000000e+00 3.900000000000000000e+05 1.337369909233064418e-02 2.059938163427420932e+02 6.132349214364392637e+41 1.418839087954333798e+43 2.130000000000000000e+02
2.700000000000000000e+01 7.055032622386443109e+03 4.506452171142029073e+01 7.394226137042367308e-03 6.628093500065768140e-01 0.000000000000000000e+00 1.959068777954530916e+01 2.781779514365602779e+01 6.813303201954841459e-02 1.487497791463356922e-01 2.577239209785619156e+00 1.205452820768014188e+00 1.000000000000000000e+00 1.000000000000000000e+00 3.900000000000000000e+05 1.437011942163064493e-01 1.761406581397943114e+02 2.025670509526276938e+41 3.047873332768550955e+44 2.220000000000000000e+02
2.700000000000000000e+01 1.184189205527162130e+03 6.005428659761405896e+01 4.555954314908512992e-01 4.692239321200493141e-01 0.000000000000000000e+00 5.013546499968899894e+01 1.175545939215684754e+01 5.721701148342230869e-01 1.313005342810966425e-01 0.000000000000000000e+00 1.893021829094457154e+00 2.000000000000000000e+00 1.000000000000000000e+00 3.900000000000000000e+05 2.444915085665875371e-02 1.042700543889220910e+02 6.933199630954500332e+39 1.123822551364106793e+47 2.260000000000000000e+02
2.700000000000000000e+01 1.357588053765564155e+03 4.003784660430700626e+01 5.490385613750388138e-01 6.132252589664347608e-01 0.000000000000000000e+00 3.148897271799338782e+01 1.029704978919356506e+01 6.921533471568329654e-01 1.418751106329961265e-01 0.000000000000000000e+00 6.679486066237200204e-01 2.000000000000000000e+00 1.000000000000000000e+00 4.000000000000000000e+05 2.485279794998848310e-02 1.153405137372334082e+02 1.316619834060301687e+40 3.379831947133558152e+46 2.280000000000000000e+02
2.700000000000000000e+01 8.229434650293787854e+03 4.123864867248735777e+01 -9.272985775308795198e-02 5.588665658866932562e-01 0.000000000000000000e+00 3.057334181273582630e+01 1.236202530534694866e+01 1.036543949352787680e-01 7.115479789797196641e-02 2.976214242348945938e+00 2.907213296196037522e+00 1.000000000000000000e+00 1.000000000000000000e+00 4.100000000000000000e+05 1.706416602755898154e-02 1.868649648994886263e+02 2.839184969947479931e+41 1.938834814702399823e+44 2.270000000000000000e+02
2.700000000000000000e+01 6.432404544361951594e+03 5.436288216610680735e+01 5.260108605312303620e-01 4.806949395882408327e-01 0.000000000000000000e+00 1.128708923258658103e+01 4.509562696147833094e+01 4.905778657354416261e-02 6.638093500065768149e-01 2.094641086775014482e+00 0.000000000000000000e+00 1.000000000000000000e+00 2.000000000000000000e+00 4.300000000000000000e+05 8.954422003029656463e-03 9.620032393393026382e+01 2.757900446579405476e+40 4.470248084141494374e+45 2.320000000000000000e+02
2.700000000000000000e+01 1.055774933628715735e+04 2.685183068796488470e+01 -1.591015085031365350e-01 6.089693988437943073e-01 0.000000000000000000e+00 1.122262181268035519e+01 1.686438520779650574e+01 1.935302219361872411e-01 1.459883960222447541e-01 2.794471819764093645e+00 2.971103916073341900e+00 1.000000000000000000e+00 1.000000000000000000e+00 4.600000000000000000e+05 1.787842219012982286e-17 1.122825441150796166e+02 8.780091537873412332e+40 1.117546042777776767e+44 2.240000000000000000e+02
2.700000000000000000e+01 3.743076561116311041e+03 3.491605413803567615e+01 4.857268642028225170e-01 6.716092905349775322e-01 0.000000000000000000e+00 1.163864351482505910e+01 2.516150727404222920e+01 1.387415589136707095e-01 6.786069647370210900e-01 1.052434130954034819e+00 0.000000000000000000e+00 1.000000000000000000e+00 2.000000000000000000e+00 4.600000000000000000e+05 5.018444832790492499e-02 1.079577723662592632e+02 3.056066703501475850e+40 3.806428632925962196e+45 2.350000000000000000e+02
2.700000000000000000e+01 1.807025501582712968e+04 2.249160101339733941e+01 2.472742038128539904e-02 6.929025935262844715e-01 0.000000000000000000e+00 1.118313251085981364e+01 1.250335901290674201e+01 4.572772024087775472e-02 9.395497239777585857e-03 3.132161461236602218e-01 5.651866617968034356e-01 1.000000000000000000e+00 1.000000000000000000e+00 4.700000000000000000e+05 1.240280097963480758e-02 3.869272149964523777e+01 5.286606039431636309e+39 5.348430297700353756e+43 2.330000000000000000e+02
2.700000000000000000e+01 7.126645255010608707e+03 5.052153520356953464e+01 4.462778025487994515e-01 5.081780927017033322e-01 0.000000000000000000e+00 1.117725227296747370e+01 4.128610039797327858e+01 2.671015078243239513e-02 5.686665658866931761e-01 1.789573177571536666e+00 0.000000000000000000e+00 1.000000000000000000e+00 2.000000000000000000e+00 4.700000000000000000e+05 5.989047558061413000e-03 1.047678943249709533e+02 4.047187611207258864e+40 2.139856730445704051e+45 2.340000000000000000e+02
2.700000000000000000e+01 1.034187679034098619e+04 2.603546375744220853e+01 4.486651497458072485e-02 7.024046546398988733e-01 0.000000000000000000e+00 1.348950020395735372e+01 1.391965434430819037e+01 8.937529962993558119e-02 2.810657722802139546e-01 3.703934505557163748e-01 1.543728696997168637e+00 1.000000000000000000e+00 1.000000000000000000e+00 4.900000000000000000e+05 1.491998243289226200e-01 4.105493677951636187e+02 4.290722016440264917e+42 2.720067986585928257e+42 2.310000000000000000e+02
2.800000000000000000e+01 3.038017978444310575e+04 4.758983339343536301e+01 6.230397039695141637e-03 4.851305273109681737e-01 0.000000000000000000e+00 3.878652131430547456e+01 1.041692029192214797e+01 1.073764091658318542e-01 3.941393965193721455e-02 1.429096341574809470e+00 2.326652513055037286e+00 1.000000000000000000e+00 1.000000000000000000e+00 4.100000000000000000e+05 1.063002123819019040e-01 1.977786736365841023e+02 7.167291240037998751e+41 5.854435652366415793e+42 2.060000000000000000e+02
2.800000000000000000e+01 2.525069645880777443e+03 3.509241376590020423e+01 -3.205595906741506851e-03 6.253982352723099769e-01 0.000000000000000000e+00 1.256106779953434227e+01 2.419241857382238692e+01 5.566910108659063605e-02 6.719162692413377380e-02 2.132546551402346946e+00 1.413486247977900678e+00 1.000000000000000000e+00 1.000000000000000000e+00 4.200000000000000000e+05 6.636196249723352869e-02 1.703346691522328911e+02 7.210040186558253906e+40 4.948762840624262512e+45 2.080000000000000000e+02
2.800000000000000000e+01 1.039455800331415412e+04 3.718205127280945987e+01 -3.349367771162461982e-02 5.868772484159233693e-01 0.000000000000000000e+00 1.016760046801326745e+01 2.844813856929993534e+01 1.770878734050957137e-01 6.370589994033963588e-02 1.397477053716759565e+00 2.657286132652536104e+00 1.000000000000000000e+00 1.000000000000000000e+00 4.400000000000000000e+05 5.484063618508871335e-02 1.858773923588263699e+02 3.440214182998228916e+41 7.189390846025987504e+43 2.050000000000000000e+02
2.800000000000000000e+01 5.400404767963407721e+03 2.687477011940528726e+01 1.414812973935008766e-01 6.740164260733650936e-01 0.000000000000000000e+00 1.787973291538443377e+01 1.035391088779902269e+01 2.407742046894063292e-01 8.483069446856840445e-02 5.846095780633133732e-01 1.092210456534215890e+00 1.000000000000000000e+00 1.000000000000000000e+00 4.500000000000000000e+05 1.328769850992270740e-01 1.612388043893305678e+02 1.640610793190838312e+41 2.929817782052060236e+44 2.100000000000000000e+02
2.800000000000000000e+01 7.506631583786742112e+02 4.047595638989925249e+01 -2.798844193028274946e-02 6.420732747258688367e-01 0.000000000000000000e+00 1.510005939376806339e+01 2.728669282303475541e+01 4.562413706183034157e-02 8.767545700316804747e-02 1.418413051564800353e+00 2.140753148224274316e+00 1.000000000000000000e+00 1.000000000000000000e+00 4.600000000000000000e+05 7.381609556549412199e-02 1.833403101516748279e+02 7.350794691201259325e+40 2.332123674628399016e+45 2.130000000000000000e+02
2.800000000000000000e+01 1.221081302172128926e+04 3.385708372143370326e+01 -1.464594501354197220e-01 5.847242671938590597e-01 0.000000000000000000e+00 2.317238795563295639e+01 1.216928709293705424e+01 1.648960885631022832e-01 1.412220116527065916e-01 2.735212092705037623e+00 2.894277867249070102e+00 1.000000000000000000e+00 1.000000000000000000e+00 4.700000000000000000e+05 4.624100363093664595e-02 1.690566064254479102e+02 2.985154407577880463e+41 4.732852705411951423e+43 2.090000000000000000e+02
2.800000000000000000e+01 1.735317686966684778e+04 4.200499127772327768e+01 -3.390270552668220999e-02 6.216121321727106075e-01 0.000000000000000000e+00 1.563979221072210990e+01 2.845109846390405650e+01 2.676661700507022013e-01 9.366326773125618552e-03 1.970717755594907361e+00 1.039139324701722877e+00 1.000000000000000000e+00 1.000000000000000000e+00 4.700000000000000000e+05 1.247248244678835633e-01 2.909278938827033585e+02 1.730072484666310245e+42 5.152713245193252821e+42 2.110000000000000000e+02
2.800000000000000000e+01 7.718717307410412104e+03 5.277777153405689603e+01 -2.437286410370512538e-02 6.357755774303749385e-01 0.000000000000000000e+00 3.609328660005751743e+01 1.921695162365875120e+01 1.383583811643136208e-01 1.167186224986964914e-02 1.856998332770954718e+00 1.291950633433675888e+00 1.000000000000000000e+00 1.000000000000000000e+00 4.700000000000000000e+05 1.327303781976993391e-01 2.906372902254917108e+02 9.004386425584473529e+41 8.865621455580965818e+43 2.120000000000000000e+02
2.800000000000000000e+01 6.475675673288701546e+03 3.682364512368368281e+01 4.269227774000939474e-02 5.696057646717082035e-01 0.000000000000000000e+00 1.096041637565566518e+01 2.747017042102530837e+01 5.368470059745097250e-02 1.095703446747598869e-01 2.988548187470038808e+00 7.402512397425766721e-01 1.000000000000000000e+00 1.000000000000000000e+00 4.900000000000000000e+05 7.390228543161364572e-02 1.569736500362915024e+02 1.486473138317189302e+41 4.775216935536561809e+44 2.150000000000000000e+02
2.800000000000000000e+01 5.394526242741050737e+03 3.463926755943943903e+01 3.819869782722204454e-02 6.598503456646069854e-01 0.000000000000000000e+00 1.296892582020776352e+01 2.335926861142285205e+01 5.637389317246785381e-02 8.318151778591624523e-02 4.765788027899749979e-01 1.181174686108736216e+00 1.000000000000000000e+00 1.000000000000000000e+00 4.900000000000000000e+05 7.694729938637476230e-02 1.923024122745747775e+02 2.437280291781000964e+41 3.232652765967850997e+44 2.160000000000000000e+02
2.800000000000000000e+01 1.260872524592207628e+04 3.389669877812961118e+01 -7.584102679505484723e-02 5.914649918949120844e-01 0.000000000000000000e+00 1.304749246303130406e+01 2.255604738520917252e+01 2.139068784944327672e-01 3.568322970518037970e-03 2.969951398117286256e+00 9.047993195433434721e-01 1.000000000000000000e+00 1.000000000000000000e+00 4.900000000000000000e+05 1.958037461515841141e-02 1.167885567588981246e+02 1.003561774246686920e+41 1.017142791485865303e+44 2.210000000000000000e+02
2.900000000000000000e+01 1.437565425145440349e+04 5.124833989928225009e+01 -6.750680063114150586e-02 5.964234185243627584e-01 0.000000000000000000e+00 3.646713722048917106e+01 1.702425612845023650e+01 1.181037164968586489e-01 5.402686643517066317e-02 2.282709760879707339e+00 2.619868690305295011e+00 1.000000000000000000e+00 1.000000000000000000e+00 3.400000000000000000e+05 7.044663883407738247e-02 2.235385067656811202e+02 6.443724431168098582e+41 3.050873956048131845e+43 2.050000000000000000e+02
2.900000000000000000e+01 8.579458633176192961e+03 3.312867459139329185e+01 -2.792675202321553279e-02 6.613737254667554355e-01 0.000000000000000000e+00 1.340998162795856352e+01 2.129591085760216274e+01 1.089807086442045464e-01 6.004680996929279840e-02 1.358762344803074784e+00 3.086040000000000116e+00 1.000000000000000000e+00 1.000000000000000000e+00 3.800000000000000000e+05 6.286956372617728828e-02 1.425870086703615982e+02 1.436242191780628727e+41 1.559185978689261636e+44 2.090000000000000000e+02
2.900000000000000000e+01 1.607657942721459767e+04 2.806774095040098160e+01 -6.978335409057810634e-02 6.509645614207335562e-01 0.000000000000000000e+00 1.361897386405919441e+01 1.597762383138947051e+01 2.265319932406232584e-01 1.255117654713717168e-01 2.835189191680258958e+00 1.118679253528609863e+00 1.000000000000000000e+00 1.000000000000000000e+00 3.900000000000000000e+05 1.129008743466688863e-01 8.014267970500485205e+01 4.042042895777435866e+40 5.774849090613787082e+43 2.070000000000000000e+02
2.900000000000000000e+01 8.760869768135236882e+03 5.510469615741690319e+01 1.065482609054350938e-02 6.678720643653061062e-01 0.000000000000000000e+00 3.700521129064156156e+01 2.089336302638852061e+01 1.189074453323449160e-01 9.940458454891176743e-02 1.849746328390572181e+00 4.941138712914993070e-01 1.000000000000000000e+00 1.000000000000000000e+00 3.900000000000000000e+05 1.143110877200938652e-01 2.339155097971669193e+02 5.068070267672963790e+41 1.098184079748735826e+44 2.080000000000000000e+02
2.900000000000000000e+01 1.304174583707109196e+04 2.649092973599331202e+01 3.224611834433945001e-02 6.855443052606723375e-01 0.000000000000000000e+00 1.686824967247985896e+01 1.103147839666232599e+01 1.415900339287891052e-01 9.614331018397372086e-02 1.615801237415536606e+00 3.189537402682712242e-01 1.000000000000000000e+00 1.000000000000000000e+00 3.900000000000000000e+05 1.414466669303688640e-01 1.425887913824844304e+02 2.057315798921221799e+41 2.639156849347026630e+43 2.100000000000000000e+02
2.900000000000000000e+01 2.954824128580513843e+03 2.176330256489192294e+01 -5.988308189168997653e-03 6.893677692593205286e-01 0.000000000000000000e+00 1.278238582220294361e+01 1.014666894293234733e+01 1.158076594562407746e-01 1.975888720222962192e-01 2.221390351846004307e+00 1.182401755557626943e+00 1.000000000000000000e+00 1.000000000000000000e+00 4.000000000000000000e+05 1.404734201336677868e-01 1.105154970304547817e+02 3.523921559889497813e+40 2.718982823098120444e+45 2.110000000000000000e+02
2.900000000000000000e+01 1.123791909131940884e+04 2.459823515257557247e+01 -4.611901542192240605e-02 6.717346193840197932e-01 0.000000000000000000e+00 1.301876879906089712e+01 1.283756352128506073e+01 5.305088629307477127e-03 1.039173314572036655e-01 2.483416540797918071e-01 2.805521083650581726e+00 1.000000000000000000e+00 1.000000000000000000e+00 4.000000000000000000e+05 3.372536689148151329e-02 6.121533395454840587e+01 1.532038804341186060e+40 1.820715826033753531e+44 2.140000000000000000e+02
2.900000000000000000e+01 3.201504358795868029e+04 3.759455486814486136e+01 -3.346600479385225535e-02 6.590145467899761744e-01 0.000000000000000000e+00 2.410561015277404806e+01 1.539043711807444303e+01 6.420083714479705994e-02 2.461637210822065561e-02 2.997143791810397584e+00 9.842019139538377148e-01 1.000000000000000000e+00 1.000000000000000000e+00 4.000000000000000000e+05 1.228921498343116259e-02 1.313544044156988662e+02 2.356374308334985341e+41 4.713130812959944377e+42 2.150000000000000000e+02
2.900000000000000000e+01 2.862017206455189080e+04 3.257162434036639809e+01 -9.659483156350699706e-02 6.037263141500751606e-01 0.000000000000000000e+00 2.266998396716615716e+01 1.137453165647816888e+01 1.123926140337772189e-01 1.397078233506056089e-01 3.037180000000000213e+00 2.065498608760229615e+00 1.000000000000000000e+00 1.000000000000000000e+00 4.200000000000000000e+05 4.240930415231828482e-02 1.955007872715960673e+02 7.693716645187177879e+41 2.184211656073506494e+42 2.060000000000000000e+02
2.900000000000000000e+01 9.318292968038711479e+03 3.942312495268586758e+01 -3.094901893069813142e-03 5.590855345403360488e-01 0.000000000000000000e+00 2.935102217169578154e+01 1.170036565704028142e+01 5.765943901023411200e-02 8.942301629603545410e-02 1.096665778687627713e+00 2.605919114978650253e+00 1.000000000000000000e+00 1.000000000000000000e+00 4.200000000000000000e+05 5.129902740138572725e-02 1.712871704338236327e+02 2.437325758375248431e+41 1.528042991727900557e+44 2.160000000000000000e+02
2.900000000000000000e+01 1.253782022499579580e+04 3.517925943685947487e+01 -8.690584294561301895e-04 6.529644577557874863e-01 0.000000000000000000e+00 2.287156073488607788e+01 1.403892715613768161e+01 9.336139339035562021e-03 3.959340179280963767e-02 3.913399636378762647e-01 1.996345603541416214e+00 1.000000000000000000e+00 1.000000000000000000e+00 4.200000000000000000e+05 2.067211831756586571e-02 1.240360485004232203e+02 1.179988859815811525e+41 7.995635233400168155e+43 2.200000000000000000e+02
2.900000000000000000e+01 2.489897383649789845e+03 2.362825769913895257e+01 -1.066808535407241798e-01 6.372256900141508584e-01 0.000000000000000000e+00 1.410635969305895898e+01 1.064592091340409041e+01 1.473411666075931103e-01 1.691906727178559555e-01 2.070507526926498976e+00 2.721610740922472349e+00 1.000000000000000000e+00 1.000000000000000000e+00 4.400000000000000000e+05 1.293244336388272298e-01 6.978655270878903139e+01 6.939739353461390221e+39 1.450626616195016018e+46 2.220000000000000000e+02
2.900000000000000000e+01 7.095244419159581412e+03 2.389287482936335749e+01 3.982220906546585226e-02 6.965345435569005872e-01 0.000000000000000000e+00 1.234881956904296629e+01 1.285426645789988598e+01 5.521633866224450599e-02 1.563475429687594120e-01 2.318341961583231914e+00 7.524077734362626391e-01 1.000000000000000000e+00 1.000000000000000000e+00 4.400000000000000000e+05 1.068476800156834966e-01 2.448872329543158699e+01 7.392220796686225790e+38 1.242442449335695532e+45 2.250000000000000000e+02
2.900000000000000000e+01 1.357299034504936208e+04 2.392570240803585691e+01 -4.792258430337528047e-02 6.453733095922343788e-01 0.000000000000000000e+00 1.020968856423536586e+01 1.491547489765141776e+01 1.342948279462970462e-01 9.658918504364205626e-02 2.329091909675261807e+00 1.753088966417169381e+00 1.000000000000000000e+00 1.000000000000000000e+00 4.400000000000000000e+05 9.498876572755912684e-02 9.412778649446836710e+01 6.305405762706799167e+40 5.315536485007526173e+43 2.260000000000000000e+02
2.900000000000000000e+01 6.027141998106299980e+03 4.430681437438452974e+01 8.216687851060163611e-03 5.305476329121509016e-01 0.000000000000000000e+00 3.496868933092053311e+01 1.100226742131907010e+01 3.698540574792631014e-02 2.100493569124044918e-02 1.174367145120126965e+00 2.125202664740363900e+00 1.000000000000000000e+00 1.000000000000000000e+00 4.400000000000000000e+05 3.411702705622358250e-02 1.745487346580832764e+02 1.748219899860742400e+41 7.552125371581985213e+44 2.270000000000000000e+02
2.900000000000000000e+01 2.708096137942587302e+04 4.749524046993231963e+01 -1.098803727859873625e-01 6.145780224782401158e-01 0.000000000000000000e+00 3.389008285109282781e+01 1.577560483867764063e+01 1.683742692537570085e-01 1.185764649787956759e-01 3.072080000000000144e+00 1.444753987388932570e+00 1.000000000000000000e+00 1.000000000000000000e+00 4.600000000000000000e+05 4.842169774657303222e-02 2.011517508485709698e+02 7.071653509246944176e+41 4.904408239350541048e+42 2.210000000000000000e+02
2.900000000000000000e+01 1.325643136861422136e+03 2.240264396692216664e+01 -7.481483156728203909e-03 6.789739692815559557e-01 0.000000000000000000e+00 1.025040613045799098e+01 1.329598287270108870e+01 2.435587206981449163e-02 5.185916037446122728e-02 1.121796764996132734e-01 2.233543527561216990e+00 1.000000000000000000e+00 1.000000000000000000e+00 4.700000000000000000e+05 4.088083010095609066e-02 9.530733475517976672e+01 1.323555323512861151e+40 1.124946718927513583e+46 2.310000000000000000e+02
2.900000000000000000e+01 1.396860967957044704e+04 3.833067892442303304e+01 -4.449005444158569272e-02 6.743489789414064406e-01 0.000000000000000000e+00 1.817925142738446098e+01 2.207582525628092540e+01 3.286652659292321060e-02 1.107680281445503623e-01 5.386313978281348502e-01 2.799792153231033254e+00 1.000000000000000000e+00 1.000000000000000000e+00 4.800000000000000000e+05 2.274065746456016210e-02 9.406233541289337552e+01 5.314674353470466979e+40 1.147794860803736454e+44 2.170000000000000000e+02
2.900000000000000000e+01 8.021591763982268276e+03 7.032129328288145587e+01 5.293978888338344291e-01 5.547494418713991848e-01 0.000000000000000000e+00 5.521888101902190726e+01 1.771834484657162179e+01 7.020720643653057813e-01 5.044464041101315299e-02 0.000000000000000000e+00 1.744891231978254131e+00 2.000000000000000000e+00 1.000000000000000000e+00 4.900000000000000000e+05 2.611904233968813105e-01 1.019759987070426490e+02 3.438741438830431893e+40 2.576656383460499948e+45 2.180000000000000000e+02
2.900000000000000000e+01 1.192427434182279103e+04 4.600863311917710519e+01 4.785070535840864614e-01 5.935143742118876853e-01 0.000000000000000000e+00 1.301585886122969704e+01 3.522784032798740128e+01 1.909907360313890523e-01 6.671644577557873657e-01 1.739670266648029262e+00 0.000000000000000000e+00 1.000000000000000000e+00 2.000000000000000000e+00 4.900000000000000000e+05 6.097675763897920931e-02 1.657376812599001425e+02 2.435311703101950498e+41 9.580720120522200852e+43 2.280000000000000000e+02
3.000000000000000000e+01 4.632173513526878196e+03 3.644073936023448823e+01 1.319534589979168412e-03 6.625567209565907945e-01 0.000000000000000000e+00 1.501950171314918592e+01 2.324742859125293748e+01 1.560214525245158653e-03 1.505874794313634326e-03 7.156597856116507783e-01 3.562118892211669219e-01 1.000000000000000000e+00 1.000000000000000000e+00 3.000000000000000000e+05 6.219521499086716823e-04 1.140380047779033958e+02 4.322533326013146746e+40 1.997359879544078987e+45 2.070000000000000000e+02
3.000000000000000000e+01 1.199490868380401298e+04 2.345093784556831196e+01 3.090460706170402097e-02 6.952551039970319424e-01 0.000000000000000000e+00 1.242963981296341203e+01 1.226387471116522931e+01 4.848361952915970080e-02 7.412587367259186599e-02 2.788425945366531655e-01 1.367223590202562677e+00 1.000000000000000000e+00 1.000000000000000000e+00 3.200000000000000000e+05 7.148981692761155471e-02 1.058213658549118037e+02 8.389873316190712492e+40 5.050625727618410389e+43 2.080000000000000000e+02
3.000000000000000000e+01 1.314595910155236561e+04 3.840201411689594124e+01 -6.970928746349279448e-02 6.275084524889733562e-01 0.000000000000000000e+00 2.671374306982211166e+01 1.353826875480283398e+01 1.204557003075324290e-01 1.609818938365125546e-02 2.779200132229021847e+00 3.738218314635887163e-01 1.000000000000000000e+00 1.000000000000000000e+00 3.500000000000000000e+05 1.452567945910085770e-02 1.951699362050542845e+02 4.568144882077414476e+41 2.915264226302622667e+43 2.100000000000000000e+02
3.000000000000000000e+01 5.401497764610957347e+03 2.652633490521840187e+01 -6.159010047539369495e-03 6.814906217530453114e-01 0.000000000000000000e+00 1.302250624417431801e+01 1.490450314323566872e+01 6.048904816250086358e-02 1.021833174421234169e-03 1.800484338955209651e+00 1.067906699962786199e+00 1.000000000000000000e+00 1.000000000000000000e+00 3.700000000000000000e+05 5.048163780377725590e-02 1.037538232571377961e+02 4.400540266595638545e+40 7.695642467072577154e+44 2.140000000000000000e+02
3.000000000000000000e+01 2.133846882110662045e+04 4.523901041550239910e+01 4.703175450125794688e-02 5.421514561007086952e-01 0.000000000000000000e+00 3.580586795479914741e+01 1.124114553051942877e+01 3.074914802383096890e-01 1.373299216005788650e-02 1.381778722894331457e+00 3.688843780037848186e-01 1.000000000000000000e+00 1.000000000000000000e+00 3.800000000000000000e+05 3.074857089573395097e-01 2.617678298592645660e+02 1.383814512709948736e+42 5.687311247496961204e+42 2.120000000000000000e+02
3.000000000000000000e+01 7.251773014716341095e+03 2.057864906241028891e+01 -9.197611023876242631e-02 6.580003248124312032e-01 0.000000000000000000e+00 1.072584324521262467e+01 1.088075353586114247e+01 1.169491923523829219e-01 7.196185011390328345e-02 2.890586605809529086e+00 2.975474484792158592e+00 1.000000000000000000e+00 1.000000000000000000e+00 3.800000000000000000e+05 2.857552729917077136e-02 1.650861130764190676e+01 2.452122405301747160e+38 1.058320948410374008e+45 2.150000000000000000e+02
3.000000000000000000e+01 1.352564892211678853e+03 2.401716594852149811e+01 -7.487772940897167995e-02 6.641890240936315637e-01 0.000000000000000000e+00 1.253154845164275066e+01 1.266549687348295983e+01 7.572545206903924520e-02 2.065666256184587879e-01 1.164362623146727671e+00 2.615019556451799509e+00 1.000000000000000000e+00 1.000000000000000000e+00 3.900000000000000000e+05 1.038149373389189306e-01 4.932393009926957461e+01 1.725772574087005748e+39 2.823583692706637389e+46 2.170000000000000000e+02
3.000000000000000000e+01 5.897054331055210241e+03 2.289355676888324709e+01 8.763998424448520008e-03 6.887492897751112952e-01 0.000000000000000000e+00 1.137464145691785689e+01 1.270764798230323755e+01 4.902569304339222944e-02 4.035364472761981958e-02 6.996070374644078882e-01 2.004718794564833928e+00 1.000000000000000000e+00 1.000000000000000000e+00 4.000000000000000000e+05 4.212188268897511245e-02 4.214915162052827924e+01 3.378849576448567891e+39 1.529886962375622063e+45 2.110000000000000000e+02
3.000000000000000000e+01 1.190853988501506137e+03 2.689978819769402563e+01 6.712184411334107259e-02 6.788733914292530702e-01 0.000000000000000000e+00 1.085269198105021893e+01 1.742760637421721270e+01 8.016652742563921963e-02 1.019668610449897816e-01 7.691282458612155315e-01 7.721440629428527602e-01 1.000000000000000000e+00 1.000000000000000000e+00 4.000000000000000000e+05 7.113951392007653030e-02 1.249261285905057264e+02 2.692573967589904875e+40 8.250642627808567313e+45 2.180000000000000000e+02
3.000000000000000000e+01 5.538232424756648470e+03 2.317610232052324193e+01 7.167798750270235053e-02 7.086320811546027443e-01 0.000000000000000000e+00 1.125360522589574508e+01 1.319752524761888957e+01 1.642048663961029886e-01 3.167252226829060657e-02 7.569450399538117935e-01 2.043359213152541320e-01 1.000000000000000000e+00 1.000000000000000000e+00 4.100000000000000000e+05 9.399165834302716793e-02 1.518393907266526526e+02 1.500847405486199293e+41 2.122552619642766586e+44 2.210000000000000000e+02
3.000000000000000000e+01 1.218983951927154521e+04 4.723027602352559740e+01 -4.010472562864746127e-02 6.010917985208638070e-01 0.000000000000000000e+00 3.381545674482846664e+01 1.551571934230921279e+01 5.257855085517983140e-02 6.359368040455266879e-02 2.586672625929232083e+00 2.064102095796829683e+00 1.000000000000000000e+00 1.000000000000000000e+00 4.200000000000000000e+05 2.353571649331849189e-02 1.710571906881076529e+02 2.685994543308742786e+41 8.500991243805295691e+43 2.160000000000000000e+02
3.000000000000000000e+01 3.112862611024913349e+03 2.832661244091016073e+01 -1.430368965723103902e-01 6.462631319029047416e-01 0.000000000000000000e+00 1.238389268903833162e+01 1.729007895668004124e+01 2.392477243414868615e-02 2.399547165569614615e-01 1.981278090138669068e+00 3.037180000000000213e+00 1.000000000000000000e+00 1.000000000000000000e+00 4.200000000000000000e+05 2.500880981741315789e-02 1.407594283214717450e+02 6.430197948055771138e+40 2.586658779876332410e+45 2.200000000000000000e+02
3.000000000000000000e+01 1.066244430274189472e+04 4.240029616540564916e+01 3.511279340197388521e-01 7.700448932598790153e-01 0.000000000000000000e+00 2.160337649328228693e+01 2.351034383520681459e+01 6.272430598795442069e-02 7.274551039970316157e-01 2.768899395189825974e+00 0.000000000000000000e+00 1.000000000000000000e+00 2.000000000000000000e+00 4.400000000000000000e+05 4.380991344906042251e-01 1.645539577610935851e+02 2.292781987213969890e+41 6.886206233207419544e+43 2.130000000000000000e+02
3.000000000000000000e+01 1.486060523045055197e+04 2.807099154366134286e+01 -2.143722631748807075e-02 6.616390677460162184e-01 0.000000000000000000e+00 1.844192250925896204e+01 1.104986794408512907e+01 7.675683391014041790e-02 5.642146273741394102e-02 2.546634530728295154e+00 5.230594482111916577e-01 1.000000000000000000e+00 1.000000000000000000e+00 4.400000000000000000e+05 4.302021537195233752e-02 1.480653407644239223e+02 2.433977022776579278e+41 1.962264886581995836e+43 2.270000000000000000e+02
3.000000000000000000e+01 1.728702146056787751e+04 5.747304479743407057e+01 4.020283030334733110e-01 5.444705564742520210e-01 0.000000000000000000e+00 4.529106520324628349e+01 1.427512359941728448e+01 5.425514561007086511e-01 1.639515282824118847e-01 0.000000000000000000e+00 1.841316732130463540e+00 2.000000000000000000e+00 1.000000000000000000e+00 4.400000000000000000e+05 4.290068155263292854e-02 1.098117617630410194e+02 8.184307159262601819e+40 1.527632820563022712e+44 2.280000000000000000e+02
3.000000000000000000e+01 8.486209473080783937e+03 2.888058296454777008e+01 1.361744440791880402e-02 6.392557101068128134e-01 0.000000000000000000e+00 1.019576218589774719e+01 2.004579541811725818e+01 3.490876091300737505e-02 9.125927406081866741e-03 6.247526031502461663e-01 8.324959376852754112e-01 1.000000000000000000e+00 1.000000000000000000e+00 4.400000000000000000e+05 9.461610702283228605e-03 1.562130315400918334e+02 1.991570631781538424e+41 1.048224271753429870e+44 2.290000000000000000e+02
3.000000000000000000e+01 1.358076563196930465e+03 4.680180497271968676e+01 -3.092800207979163555e-03 6.375970658115436285e-01 0.000000000000000000e+00 1.685164517068900025e+01 3.215524703346000734e+01 1.193887319768321791e-02 8.513710064156919388e-02 3.128055025609150497e-01 1.696416743046919251e+00 1.000000000000000000e+00 1.000000000000000000e+00 4.400000000000000000e+05 8.446623101978535664e-02 2.260914976375494518e+02 7.937021060370936858e+40 9.585539190195164606e+45 2.300000000000000000e+02
3.000000000000000000e+01 9.171466568670110064e+03 2.558036324479810020e+01 -9.205233925579148213e-02 6.517429192322309328e-01 0.000000000000000000e+00 1.615200764963332603e+01 1.071826319383995774e+01 1.671178475130955798e-01 4.118991213496144693e-02 2.737867625451397835e+00 1.550849833624153629e+00 1.000000000000000000e+00 1.000000000000000000e+00 4.500000000000000000e+05 1.999441362476486045e-02 1.460470135288469749e+02 1.803278561038176473e+41 7.393776408880277746e+43 2.190000000000000000e+02
3.000000000000000000e+01 1.168628734358951760e+03 5.732406839147893862e+01 5.024483286838663521e-01 4.852161115937574376e-01 0.000000000000000000e+00 4.684488244589383044e+01 1.223573040004084866e+01 6.429970658115435889e-01 4.416384203283187093e-02 0.000000000000000000e+00 2.510109702737078674e+00 2.000000000000000000e+00 1.000000000000000000e+00 4.900000000000000000e+05 5.758113668309349301e-03 9.904120252280732473e+01 6.513443338954412745e+39 9.899189205617785713e+46 2.360000000000000000e+02
3.000000000000000000e+01 1.055975632777538749e+03 7.247330461388546041e+01 3.627151075550620885e-01 8.046424120173005790e-01 0.000000000000000000e+00 3.659191674244037529e+01 4.014463487019393995e+01 6.819567209565907673e-01 1.336998424874556723e-01 0.000000000000000000e+00 1.004549708977730216e+00 2.000000000000000000e+00 1.000000000000000000e+00 4.900000000000000000e+05 1.128320359741287748e-01 3.395572349868288029e+02 2.308597723353841239e+41 3.695893020005905871e+45 2.380000000000000000e+02
3.100000000000000000e+01 5.704631379576697327e+03 1.963881550431233336e+01 -1.069627156700107273e-01 6.538824822365817413e-01 0.000000000000000000e+00 1.021948036710099927e+01 1.039275214036947936e+01 6.373159573296753588e-02 1.496567003864568424e-01 3.100000000000000089e+00 3.100000000000000089e+00 1.000000000000000000e+00 1.000000000000000000e+00 2.700000000000000000e+05 6.222824739649356583e-03 2.342721320976479760e+01 6.081161738621557855e+38 1.863130793556986259e+45 2.040000000000000000e+02
3.100000000000000000e+01 5.446172657502997026e+03 2.816347840720606754e+01 4.287566321034450012e-01 6.624856884457750450e-01 0.000000000000000000e+00 1.006729895360381200e+01 1.964333295136481894e+01 3.795621178710731347e-02 6.582824822365817008e-01 2.097944093560478507e+00 0.000000000000000000e+00 1.000000000000000000e+00 2.000000000000000000e+00 2.900000000000000000e+05 1.533189710599927071e-02 9.573959917975851397e+01 3.376595095652148899e+40 1.051395818398594442e+45 2.050000000000000000e+02
3.100000000000000000e+01 1.400611096799760617e+03 2.293271392734288838e+01 -5.318164483992524061e-02 6.510282076465120360e-01 0.000000000000000000e+00 1.386512710343795440e+01 1.020839220657820334e+01 1.921271132525921577e-02 1.056608335816437150e-01 3.049072502720370004e+00 2.796462135193681586e+00 1.000000000000000000e+00 1.000000000000000000e+00 3.000000000000000000e+05 2.520132565177822526e-02 8.574543529243268836e+01 9.289959541023309520e+39 1.688241454802507558e+46 2.060000000000000000e+02
3.100000000000000000e+01 9.323780478011582090e+03 3.025316537583585941e+01 -2.244273008140838105e-02 6.613229157671675074e-01 0.000000000000000000e+00 1.335536195338986687e+01 1.845040602016837283e+01 7.081930762267313328e-02 2.774367340666434104e-03 2.434958915201357765e+00 1.462455229359749476e+00 1.000000000000000000e+00 1.000000000000000000e+00 3.100000000000000000e+05 3.179441039416930348e-02 8.151312400600212982e+01 2.951545455857512868e+40 3.245951668747262135e+44 2.080000000000000000e+02
3.100000000000000000e+01 1.307016692924576546e+03 4.927713175540791468e+01 3.197292140455469944e-01 8.112307155935256642e-01 0.000000000000000000e+00 2.294854296034111840e+01 2.933259345957257480e+01 6.520282076465120369e-01 6.596894768251471142e-02 0.000000000000000000e+00 4.375935226918534204e-01 2.000000000000000000e+00 1.000000000000000000e+00 3.400000000000000000e+05 2.795506522584538869e-02 1.833708439112564008e+02 4.197873786354895877e+40 1.050463055012496232e+46 2.110000000000000000e+02
3.100000000000000000e+01 1.121191459316370128e+04 3.747934783807160386e+01 -7.337586353080989554e-02 5.967594143160346309e-01 0.000000000000000000e+00 2.679853606910778296e+01 1.232449719060051763e+01 1.327929104545385042e-01 6.237321330430126848e-02 2.313161707140937828e+00 2.220307042590051516e+00 1.000000000000000000e+00 1.000000000000000000e+00 3.700000000000000000e+05 7.734477595618348411e-02 1.819073001072379725e+02 3.376444938194692439e+41 5.955622885225505554e+43 2.100000000000000000e+02
3.100000000000000000e+01 1.182006037764853318e+04 2.692033732072648533e+01 -5.923133738490443667e-02 6.406194839943445407e-01 0.000000000000000000e+00 1.813349089881059228e+01 1.009062730725023904e+01 9.827444810030927513e-02 7.596295743770388464e-02 3.044160000000000199e+00 1.437521857915915247e+00 1.000000000000000000e+00 1.000000000000000000e+00 3.800000000000000000e+05 2.422416730514695762e-02 1.750773985067019112e+02 3.565494603593053181e+41 2.512529357695285042e+43 2.070000000000000000e+02
3.100000000000000000e+01 1.758409379082462328e+04 2.868856219990808043e+01 -9.568301002413687195e-02 6.270243877338341765e-01 0.000000000000000000e+00 1.851120608922178334e+01 1.153036286899585861e+01 1.048145367337783990e-01 9.095047544734594092e-02 2.807203348662264730e+00 3.025991096875549236e+00 1.000000000000000000e+00 1.000000000000000000e+00 3.800000000000000000e+05 2.220197786375095045e-02 1.428809302551842109e+02 2.392720485372805611e+41 1.501278948758850819e+43 2.120000000000000000e+02
3.100000000000000000e+01 1.169406455083741321e+03 6.697082929097584270e+01 4.725784925358772481e-01 5.271577842101734523e-01 0.000000000000000000e+00 2.138663987028477820e+01 4.931114470943880690e+01 3.201400222733132295e-01 8.156307155935256237e-01 3.037180000000000213e+00 0.000000000000000000e+00 1.000000000000000000e+00 3.000000000000000000e+00 3.800000000000000000e+05 1.292521546861004691e-02 1.214490952811067643e+02 9.465742625260533023e+39 8.505514028698168264e+46 2.130000000000000000e+02
3.100000000000000000e+01 3.235454270118912973e+03 4.612655640107589505e+01 3.691727654870386455e-01 7.304227513639808267e-01 0.000000000000000000e+00 2.074630194576218045e+01 2.821534691186575827e+01 6.267989858628780775e-02 6.684856884457750503e-01 2.220099409422453984e+00 0.000000000000000000e+00 1.000000000000000000e+00 3.000000000000000000e+00 3.800000000000000000e+05 3.514312676284145343e-02 1.096982108711087136e+02 2.143857949493228479e+40 8.414426729707622356e+45 2.150000000000000000e+02
3.100000000000000000e+01 5.549462536474287845e+03 2.565978198913305874e+01 -7.524852374889570705e-02 6.618542052359737138e-01 0.000000000000000000e+00 1.223006199562484042e+01 1.469272434564050123e+01 1.081062672167109467e-01 1.014139339568645160e-01 1.992156000167191632e+00 3.060413970060898325e+00 1.000000000000000000e+00 1.000000000000000000e+00 4.100000000000000000e+05 7.999729757276263786e-02 1.681606754982009875e+02 1.943930055572449420e+41 2.294705208591783439e+44 2.160000000000000000e+02
3.100000000000000000e+01 4.176259083226895200e+03 2.180437334662721938e+01 -1.352663752326820762e-02 6.816856439369815002e-01 0.000000000000000000e+00 1.072349655584099892e+01 1.220525777732956030e+01 2.791459451049234375e-02 5.772610448603845285e-02 9.648660987475246031e-01 2.321525077537420767e+00 1.000000000000000000e+00 1.000000000000000000e+00 4.100000000000000000e+05 4.220886174322559248e-02 6.449778379258086147e+01 9.542331678299594260e+39 2.545647597821120415e+45 2.180000000000000000e+02
3.100000000000000000e+01 7.895484548050931153e+03 3.175623684282304282e+01 -1.776285992626765869e-02 6.562307322746281368e-01 0.000000000000000000e+00 2.028018915443551506e+01 1.305493158317180047e+01 1.910756722328971549e-02 9.164861428031091661e-02 2.587235625014343565e+00 1.792124611960742353e+00 1.000000000000000000e+00 1.000000000000000000e+00 4.200000000000000000e+05 5.410033196020730406e-02 1.476292774515796111e+02 1.534373620979369623e+41 1.716694773499825321e+44 2.220000000000000000e+02
3.100000000000000000e+01 1.109722498908115767e+03 9.290581077700402091e+01 3.693874065537086637e-01 6.432609516777884062e-01 0.000000000000000000e+00 6.701705510925989984e+01 3.053760328114497469e+01 5.281577842101734532e-01 2.395485131093561329e-02 0.000000000000000000e+00 5.059259419644104305e-01 4.000000000000000000e+00 1.000000000000000000e+00 4.200000000000000000e+05 4.753332609258821215e-03 9.780131822391327034e+01 2.992928999207715877e+39 1.284391035231497825e+47 2.230000000000000000e+02
3.100000000000000000e+01 1.260644641687298645e+03 5.574856141035159851e+01 5.708799807278694960e-01 4.281872874438880094e-01 0.000000000000000000e+00 4.617963245381801585e+01 1.111958854458972468e+01 7.334227513639808294e-01 1.053954512258011428e-01 0.000000000000000000e+00 2.988320000000000309e+00 4.000000000000000000e+00 1.000000000000000000e+00 4.400000000000000000e+05 3.251655952102105052e-03 9.095742146535218353e+01 4.530440418472773113e+39 1.655004383178993226e+47 2.250000000000000000e+02
3.100000000000000000e+01 1.496361658062060815e+04 4.478168253829675649e+01 -6.679384383690234461e-02 5.759678334571309843e-01 0.000000000000000000e+00 3.510146342424521038e+01 1.145446908343507531e+01 1.241501618206133223e-01 1.252996011875586457e-01 2.690096620736782906e+00 9.698437509244768329e-01 1.000000000000000000e+00 1.000000000000000000e+00 4.500000000000000000e+05 3.394002745164390739e-02 1.963620508777943314e+02 4.736584013019549685e+41 3.139098199758415592e+43 2.170000000000000000e+02
3.100000000000000000e+01 1.053349487912219729e+03 1.116001071000763858e+02 5.507175777966878405e-01 5.722908818929297592e-01 0.000000000000000000e+00 2.276596341819309188e+01 9.299132345271816291e+01 1.823901863345119834e-01 6.486609516777883666e-01 5.988470655881487081e-01 0.000000000000000000e+00 1.000000000000000000e+00 5.000000000000000000e+00 4.700000000000000000e+05 2.115531845225410851e-02 1.050208646256676843e+02 2.939068170799940682e+39 1.809656182360143478e+47 2.280000000000000000e+02
3.100000000000000000e+01 1.013386055035171921e+04 3.213325550562782951e+01 1.986593934776264420e-02 6.892055360882229920e-01 0.000000000000000000e+00 1.561751494387453398e+01 1.829948496076420383e+01 2.172081891071243887e-01 4.426330141313239430e-02 1.578748154393158076e+00 5.253477411529964280e-01 1.000000000000000000e+00 1.000000000000000000e+00 4.800000000000000000e+05 9.899254337533719417e-02 3.040674616214969319e+02 1.576538137943448408e+42 1.086842505634791415e+43 2.260000000000000000e+02
3.100000000000000000e+01 1.642905915721858401e+04 2.140346319291937149e+01 -4.001676809680997093e-02 6.737884609221662657e-01 0.000000000000000000e+00 1.034987639948515614e+01 1.214450656157276498e+01 1.832981135965295119e-02 7.995353821295975161e-02 1.510370264137675056e+00 2.790039092951642985e+00 1.000000000000000000e+00 1.000000000000000000e+00 4.800000000000000000e+05 2.753254181242226900e-02 6.320549234028472085e+01 2.223997403417630256e+40 4.196997301139977549e+43 2.270000000000000000e+02
3.100000000000000000e+01 1.558922911136160837e+04 2.957490669343690826e+01 2.881059861185919849e-02 6.780087092853291919e-01 0.000000000000000000e+00 1.802519217949605590e+01 1.307775550139848697e+01 4.935433857352275466e-02 7.786264676255705720e-04 0.000000000000000000e+00 8.818851830320589835e-01 1.000000000000000000e+00 1.000000000000000000e+00 4.900000000000000000e+05 4.167007046584639491e-04 7.841399071256226705e+01 3.644433430442145631e+40 6.722752814654463404e+43 2.320000000000000000e+02
3.200000000000000000e+01 4.021650695253607410e+04 2.244966841476985664e+01 -8.535160837727973071e-02 6.550403150393071527e-01 0.000000000000000000e+00 1.095313855844138118e+01 1.262134038968000382e+01 1.237010877399604969e-01 6.810272308317309731e-02 2.863834515615443443e+00 2.541015285462655093e+00 1.000000000000000000e+00 1.000000000000000000e+00 1.800000000000000000e+05 3.848613607385091562e-02 3.241980861219167309e+01 4.811304103632908503e+39 5.985858582480301308e+42 2.030000000000000000e+02
3.200000000000000000e+01 1.521347229746469384e+04 4.939293603721395698e+01 -6.345975643506893138e-02 5.446741711109015505e-01 0.000000000000000000e+00 3.761955702447226457e+01 1.373616076575914846e+01 7.046474345815874341e-02 5.259436018201076035e-02 2.862487059617262020e+00 2.961426041283238941e+00 1.000000000000000000e+00 1.000000000000000000e+00 2.000000000000000000e+05 1.941275245273356778e-02 1.850689450538457663e+02 3.848889466766218461e+41 4.749509021973267857e+43 2.040000000000000000e+02
3.200000000000000000e+01 1.773034523074441313e+04 3.620983325393798680e+01 1.027826133312518958e-01 6.325470647686363135e-01 0.000000000000000000e+00 2.485991432335508122e+01 1.299873529111745540e+01 2.497985538856143939e-01 1.237833316022097369e-01 7.559223802991718033e-01 1.971351179999537795e+00 1.000000000000000000e+00 1.000000000000000000e+00 2.300000000000000000e+05 1.713518460914532637e-01 2.719537140212041209e+02 1.516645403002735174e+42 4.193010890549589168e+42 2.050000000000000000e+02
3.200000000000000000e+01 6.462452621302143598e+03 2.745636337372100755e+01 -2.001502860656619726e-02 6.524262914608943698e-01 0.000000000000000000e+00 1.739517230978547602e+01 1.141817051233807412e+01 1.901688099682374844e-02 5.288049695258451727e-02 1.709001305415165373e+00 2.645906245388805367e+00 1.000000000000000000e+00 1.000000000000000000e+00 2.800000000000000000e+05 1.883555282417846352e-02 1.054227587649150877e+02 5.186330213034275350e+40 5.078648208510062893e+44 2.080000000000000000e+02
3.200000000000000000e+01 1.460569843936831967e+04 5.897280134814322849e+01 4.588704708305054170e-01 5.031025579765654454e-01 0.000000000000000000e+00 1.153541144704308152e+01 4.951805837840836944e+01 1.411954426167847387e-01 5.612741711109013876e-01 1.433804866229734021e+00 0.000000000000000000e+00 1.000000000000000000e+00 2.000000000000000000e+00 3.200000000000000000e+05 3.567951998452464218e-02 1.046070883330718573e+02 6.286179279953504627e+40 3.457801777636215521e+44 2.070000000000000000e+02
3.200000000000000000e+01 6.602775371885795721e+03 2.817619838860257175e+01 4.500243005339482627e-02 6.972015137382200356e-01 0.000000000000000000e+00 1.340553390973648362e+01 1.631009330957796521e+01 1.605245830418567665e-01 3.785068567159336622e-02 1.199809958100737095e+00 4.453568885379214359e-01 1.000000000000000000e+00 1.000000000000000000e+00 3.200000000000000000e+05 1.279977769252544917e-01 1.879237979870567585e+02 2.947437419751817414e+41 1.109797759899650061e+44 2.090000000000000000e+02
3.200000000000000000e+01 5.819795825560833691e+03 3.985852485704859305e+01 4.002529927427888046e-01 6.533263252298675550e-01 0.000000000000000000e+00 1.461438036036946642e+01 2.748163485112194593e+01 7.782765308255444603e-02 6.544262914608943715e-01 3.086040000000000116e+00 0.000000000000000000e+00 1.000000000000000000e+00 2.000000000000000000e+00 3.300000000000000000e+05 2.105721547085230919e-03 9.395840577174359964e+01 2.806178111505786409e+40 1.839298867349659680e+45 2.150000000000000000e+02
3.200000000000000000e+01 1.062612846640256794e+04 1.915388347464701013e+01 6.215305304242972617e-02 7.046403300318396790e-01 0.000000000000000000e+00 1.006316220994648347e+01 1.012838663474679990e+01 1.016722649113672022e-01 4.111673268884376287e-02 3.990430810665392958e-01 7.231971362881318699e-01 1.000000000000000000e+00 1.000000000000000000e+00 3.600000000000000000e+05 3.921281437618118204e-02 1.539764380612173689e+01 2.602062912517996067e+38 2.555460517461423056e+44 2.160000000000000000e+02
3.200000000000000000e+01 1.424253518287369843e+04 7.010592449617550415e+01 4.299257723858291302e-01 4.694268591459057616e-01 0.000000000000000000e+00 1.340526317523468336e+01 5.908141119303861188e+01 4.463959476970515844e-02 5.261025579765652438e-01 1.435006479314019590e+00 0.000000000000000000e+00 1.000000000000000000e+00 3.000000000000000000e+00 4.100000000000000000e+05 2.222359799767894550e-01 1.010494464580516905e+02 5.167979773400576949e+40 6.494683479296624420e+44 2.170000000000000000e+02
3.200000000000000000e+01 1.175699711021366738e+03 3.002412356462518517e+01 7.835121719948101582e-03 6.578615202819048102e-01 0.000000000000000000e+00 1.171536788410417351e+01 1.977843550962600361e+01 2.414784773008589458e-02 4.269116608261063796e-03 3.898468850420765408e-01 1.748385517239850584e+00 1.000000000000000000e+00 1.000000000000000000e+00 4.100000000000000000e+05 5.052393919858962079e-03 1.339677438819821589e+02 3.071866499431217341e+40 9.414503905547792985e+45 2.250000000000000000e+02
3.200000000000000000e+01 3.304231567605340388e+03 2.174931669719819638e+01 -4.299701412163416114e-02 6.735261321738688078e-01 0.000000000000000000e+00 1.076782934736576181e+01 1.209698990195796320e+01 1.655069245188042770e-02 1.356711366031966848e-01 2.244799990484559249e+00 2.130869812657542717e+00 1.000000000000000000e+00 1.000000000000000000e+00 4.300000000000000000e+05 1.149427677148357335e-01 1.467131923951556018e+02 9.183116389645377345e+40 1.061697600343394089e+45 2.260000000000000000e+02
3.200000000000000000e+01 1.115388534829935907e+03 4.062126979472534316e+01 4.490433994627772707e-01 6.009615529474965356e-01 0.000000000000000000e+00 1.262379830684606929e+01 3.005867116778887294e+01 7.093740338451114125e-02 6.642615202819047715e-01 2.676893261073827635e+00 0.000000000000000000e+00 1.000000000000000000e+00 2.000000000000000000e+00 4.700000000000000000e+05 1.187899134889141943e-02 9.917228614740479031e+01 1.002047730649108194e+40 2.811185153111878062e+46 2.330000000000000000e+02
3.200000000000000000e+01 1.197118747279991112e+03 2.534446064615243088e+01 -1.272256194434082457e-02 6.822998401290196746e-01 0.000000000000000000e+00 1.234461377654092296e+01 1.429770674961774546e+01 4.133181097222365236e-02 5.886414600723922919e-02 8.793867805739274957e-01 2.480460138302999606e+00 1.000000000000000000e+00 1.000000000000000000e+00 4.700000000000000000e+05 3.614324121089281666e-02 5.777969434906500368e+01 2.776984666054861096e+39 1.780995694208534426e+46 2.340000000000000000e+02
3.200000000000000000e+01 1.829503565814775357e+04 3.573198672680604915e+01 8.934697640849581513e-02 6.653646774363770611e-01 0.000000000000000000e+00 1.275884194868588217e+01 2.472790387156668857e+01 1.142450715753187129e-01 1.114123106692875009e-01 6.855608140309642495e-01 6.331264983546901481e-01 1.000000000000000000e+00 1.000000000000000000e+00 4.800000000000000000e+05 1.077786582382628394e-01 1.446252384625393574e+02 2.335301441378295450e+41 1.783323523130418767e+43 2.230000000000000000e+02
3.200000000000000000e+01 1.057123168521061416e+03 4.820010127174141701e+01 5.118296306782213478e-02 6.954901014766798895e-01 0.000000000000000000e+00 2.362413777157750516e+01 2.716627338765824007e+01 4.917126270383865433e-04 1.018766708020088368e-01 2.844508202692552779e+00 3.383335974647363464e-01 1.000000000000000000e+00 1.000000000000000000e+00 4.800000000000000000e+05 3.381445846215136442e-02 4.276963751826131954e+01 7.205733900344175663e+38 4.279746095584533992e+46 2.350000000000000000e+02
3.300000000000000000e+01 1.517481336293640425e+03 3.449259119155073705e+01 -1.482638161844509195e-01 5.953209955071245840e-01 0.000000000000000000e+00 1.035739281133911582e+01 2.552045392561226222e+01 5.584375046957130301e-02 2.247468658708297873e-01 7.797398987701888995e-01 3.100000000000000089e+00 1.000000000000000000e+00 1.000000000000000000e+00 2.100000000000000000e+05 1.412032717364467525e-02 2.159728811053824700e+02 9.166131844642480835e+40 7.330193840706443204e+45 2.030000000000000000e+02
3.300000000000000000e+01 1.308455840802361308e+03 6.754575318613416357e+01 2.953767697829626226e-01 7.807879159240641576e-01 0.000000000000000000e+00 3.451639929232307225e+01 3.672398050178913564e+01 5.963209955071245849e-01 5.546585229016764984e-02 0.000000000000000000e+00 1.343051518931503763e+00 2.000000000000000000e+00 1.000000000000000000e+00 2.500000000000000000e+05 5.403361592036828170e-02 1.878979191032488529e+02 2.346405842065882744e+40 2.015064188578940701e+46 2.050000000000000000e+02
3.300000000000000000e+01 4.099825617224977577e+03 2.031147579696864724e+01 3.644886898702048850e-02 6.976301643520241846e-01 0.000000000000000000e+00 1.058060001279699414e+01 1.084547556764416321e+01 1.402408339207901478e-01 1.882480356125071017e-02 1.168747324284119982e+00 1.942138829947166467e-01 1.000000000000000000e+00 1.000000000000000000e+00 2.900000000000000000e+05 1.345116378958114700e-01 4.400149248849998429e+01 3.098057790515552247e+39 3.387715840726888102e+45 2.070000000000000000e+02
3.300000000000000000e+01 3.279479470853063049e+03 2.231904674797856103e+01 -3.760306411729982812e-02 6.731420326828985168e-01 0.000000000000000000e+00 1.130326259748796147e+01 1.217305935722948007e+01 6.721741824681234934e-02 3.714672433198618756e-02 2.651224044306571770e+00 2.060109861736858949e+00 1.000000000000000000e+00 1.000000000000000000e+00 3.000000000000000000e+05 3.278776867075935270e-02 1.525683827025881811e+01 1.009574349125934839e+38 1.317348198274597087e+46 2.090000000000000000e+02
3.300000000000000000e+01 5.269488399030112305e+03 2.395921856883589030e+01 -1.104147931169787225e-02 6.506830718616526399e-01 0.000000000000000000e+00 1.497493054761976694e+01 1.015572753515359317e+01 4.275994300521963887e-02 8.632734916551453030e-02 3.835421730366004867e-01 3.030204605450961264e+00 1.000000000000000000e+00 1.000000000000000000e+00 3.100000000000000000e+05 3.169048744960353131e-02 8.556054477051121410e+01 2.546781101867113840e+40 1.073930528706709930e+45 2.080000000000000000e+02
3.300000000000000000e+01 1.454889794079607555e+03 3.238192362561802184e+01 -7.131788881479354802e-02 5.982200018284143939e-01 0.000000000000000000e+00 1.204732625610106034e+01 2.180660682026965702e+01 1.925545623747564883e-01 2.447229057289485032e-02 2.517584662979893473e+00 3.058120000000000172e+00 1.000000000000000000e+00 1.000000000000000000e+00 3.200000000000000000e+05 5.723951804324385606e-02 1.651096947982252630e+02 4.635545304247171546e+40 1.208247924619269027e+46 2.130000000000000000e+02
3.300000000000000000e+01 4.228657563189357461e+03 2.366691573716744657e+01 2.071564760291570023e-02 6.763004772828069555e-01 0.000000000000000000e+00 1.450630370725620999e+01 1.037487165907636566e+01 5.909592541959880763e-02 3.313668926965220723e-02 1.003610254437254268e+00 1.410549620172815377e+00 1.000000000000000000e+00 1.000000000000000000e+00 3.300000000000000000e+05 4.984245645222857429e-02 9.270306475450709627e+01 2.740121036753500739e+40 1.621665086968866674e+45 2.110000000000000000e+02
3.300000000000000000e+01 1.673371609366194389e+04 2.497314320822533062e+01 4.164703061976215981e-02 6.839406509241169330e-01 0.000000000000000000e+00 1.593568717826482661e+01 1.034295835942207731e+01 8.535908830863712937e-02 8.513054288425191130e-02 1.388089093379491823e+00 2.755747811113924417e-01 1.000000000000000000e+00 1.000000000000000000e+00 3.500000000000000000e+05 5.170072514967175015e-02 1.759228999532685407e+02 4.573966878428411100e+41 6.599981443375007489e+42 2.060000000000000000e+02
3.300000000000000000e+01 1.051101996242977748e+03 7.605447846671003731e+01 6.828937954531019150e-01 3.592892984981855276e-01 0.000000000000000000e+00 1.033343588615034214e+01 6.770128721402970484e+01 8.177494120309787562e-02 7.921879159240641233e-01 1.988398923913546668e+00 0.000000000000000000e+00 1.000000000000000000e+00 3.000000000000000000e+00 3.600000000000000000e+05 9.240288798250898689e-03 6.414533575388239228e+01 1.469765244047382417e+39 3.262390601942774339e+47 2.190000000000000000e+02
3.300000000000000000e+01 2.738574749216965574e+04 5.598100009112502562e+01 -3.750276328112455565e-02 6.606215615131507679e-01 0.000000000000000000e+00 3.512635342742140665e+01 2.367977103987690768e+01 7.099537919725058821e-02 3.463496198483249910e-02 2.621400426694801222e+00 1.621364006871168773e+00 1.000000000000000000e+00 1.000000000000000000e+00 3.700000000000000000e+05 1.903729293716635573e-02 1.186464791544697022e+02 1.372856320926243737e+41 2.092707248375376466e+43 2.150000000000000000e+02
3.300000000000000000e+01 1.234554658085381925e+04 4.265894899575102528e+01 -7.587202823763758430e-02 6.670671218304371486e-01 0.000000000000000000e+00 1.985999393267675828e+01 2.490012453561506334e+01 3.419648241820803791e-02 1.637249747212799755e-01 6.453668935390846073e-01 2.880489505455008370e+00 1.000000000000000000e+00 1.000000000000000000e+00 3.800000000000000000e+05 2.033595371124280113e-02 1.017289043221780105e+02 5.949570976150653053e+40 1.804831847660488676e+44 2.200000000000000000e+02
3.300000000000000000e+01 9.917827354949065921e+03 4.622208738140631112e+01 2.333338427313788252e-02 5.181652471846498464e-01 0.000000000000000000e+00 1.095429552964848163e+01 3.697316529922279926e+01 5.307491315975163687e-02 1.179125507901828129e-01 1.808389662808337572e+00 1.278757949359643042e+00 1.000000000000000000e+00 1.000000000000000000e+00 3.800000000000000000e+05 1.129200162566382781e-01 2.031818578619024436e+02 3.952250195142415480e+41 1.296366918524549585e+44 2.210000000000000000e+02
3.300000000000000000e+01 1.451568404333314447e+03 2.161238963001321167e+01 -3.073916541815054082e-02 6.712928103133748436e-01 0.000000000000000000e+00 1.049374800414972420e+01 1.225503145791608794e+01 1.358112232788676321e-01 7.294246533924114706e-02 2.153144235833112763e+00 1.476076244813139704e+00 1.000000000000000000e+00 1.000000000000000000e+00 4.100000000000000000e+05 9.499948564701858611e-02 3.243923255833993124e+01 5.215016532715221156e+38 3.448919489103330424e+46 2.250000000000000000e+02
3.300000000000000000e+01 1.621811127329928422e+04 5.209404908618158458e+01 4.890201610930380166e-02 5.875832197518747746e-01 0.000000000000000000e+00 1.679110742387697641e+01 3.770111381855748078e+01 7.291265163361466961e-02 1.776330964691368031e-01 3.009260000000000268e+00 9.531451432869015861e-01 1.000000000000000000e+00 1.000000000000000000e+00 4.200000000000000000e+05 1.704841297149121970e-01 1.949145182661240483e+02 4.578831871289326855e+41 3.269104170567851400e+43 2.140000000000000000e+02
3.300000000000000000e+01 6.679849705381199783e+03 2.234904653027441057e+01 8.139465924059620730e-03 6.884088573658617705e-01 0.000000000000000000e+00 1.194168350017725544e+01 1.159252931338940229e+01 2.522929552337730558e-02 1.978921276154425868e-02 1.416372239062178906e+00 8.853681851682151382e-01 1.000000000000000000e+00 1.000000000000000000e+00 4.300000000000000000e+05 1.510925289052837857e-02 1.882657012350980352e+01 3.320662555478607217e+38 1.427336916508658065e+45 2.220000000000000000e+02
3.300000000000000000e+01 9.366034287118780412e+03 6.373003401305701487e+01 3.302582950714826882e-01 5.753509609368696598e-01 0.000000000000000000e+00 4.626463126898470790e+01 1.984225778815250862e+01 5.303652471846497241e-01 1.380542971239987760e-01 0.000000000000000000e+00 2.982704566294815507e+00 2.000000000000000000e+00 1.000000000000000000e+00 4.300000000000000000e+05 2.996753732774089934e-02 9.959617952281843145e+01 3.827852020868011226e+40 1.295191691336196773e+45 2.230000000000000000e+02
3.300000000000000000e+01 1.304567671770361812e+04 2.675575474897571482e+01 -4.627498402322707816e-02 6.685974225504242030e-01 0.000000000000000000e+00 1.310849525472139554e+01 1.501271077886804051e+01 6.133377720399272454e-02 3.330537763293171805e-02 3.093020000000000103e+00 3.058120000000000172e+00 1.000000000000000000e+00 1.000000000000000000e+00 4.300000000000000000e+05 2.776860911701171941e-03 3.498436433982038096e+01 3.027254038909266333e+39 2.308773881498655525e+44 2.270000000000000000e+02
3.300000000000000000e+01 2.178780680916817437e+04 6.599609463125088382e+01 3.741425801819940611e-02 6.957367063726539458e-01 0.000000000000000000e+00 3.634436953474196486e+01 3.316117670343422219e+01 4.891476489359767449e-02 6.121887313803333480e-02 1.735176646531820244e-01 1.139097898739854120e+00 1.000000000000000000e+00 1.000000000000000000e+00 4.400000000000000000e+05 5.281456282337077673e-02 2.219597889459862472e+01 7.368555433035835494e+38 3.341831073920256266e+44 2.160000000000000000e+02
3.300000000000000000e+01 1.398218252788927020e+04 2.472713224079894445e+01 -1.483736607553666764e-01 6.437266398164702697e-01 0.000000000000000000e+00 1.140332667784063148e+01 1.450125364862336852e+01 9.992635370399946537e-02 2.582114787374014675e-01 2.201440327305830724e+00 2.581182857247328766e+00 1.000000000000000000e+00 1.000000000000000000e+00 4.500000000000000000e+05 3.340949214531095668e-02 1.041543804062017813e+02 8.583570186626773764e+40 4.270888220157753725e+43 2.290000000000000000e+02
3.300000000000000000e+01 1.271900840664650786e+03 3.129792414640011700e+01 4.809386591714152615e-01 7.114176997732988283e-01 0.000000000000000000e+00 1.146496107987214508e+01 2.163228217764163830e+01 1.766038046280641038e-01 6.752928103133748472e-01 8.674106054122077136e-01 0.000000000000000000e+00 1.000000000000000000e+00 2.000000000000000000e+00 4.600000000000000000e+05 6.538178837369360008e-02 9.276704836544067234e+01 9.451604290707775021e+39 1.882626413343505643e+46 2.320000000000000000e+02
3.300000000000000000e+01 1.867476734235383265e+04 3.763763929497505245e+01 -6.859146496568137297e-04 6.782723652656040825e-01 0.000000000000000000e+00 1.654506494454919263e+01 2.299197555220461453e+01 6.778678221101648582e-02 9.531568384440913810e-02 9.421128577402083648e-01 1.889499420011587549e+00 1.000000000000000000e+00 1.000000000000000000e+00 4.700000000000000000e+05 5.813305044891645124e-02 1.321412473555475344e+02 1.767151772102721194e+41 2.217883795200322853e+43 2.280000000000000000e+02
3.300000000000000000e+01 1.125585706132373889e+04 2.860241213115381242e+01 -5.264376261635719811e-02 6.114552840242705178e-01 0.000000000000000000e+00 1.013860196199935793e+01 1.978211377282239170e+01 5.631831757840154162e-02 1.427044430318975266e-01 2.957126078952252435e+00 1.938137532569107702e+00 1.000000000000000000e+00 1.000000000000000000e+00 4.900000000000000000e+05 1.296456391961194610e-01 1.874793414957577795e+02 4.145482201572721021e+41 3.017580126061320198e+43 2.300000000000000000e+02
3.300000000000000000e+01 3.372876694402375142e+04 2.575901564552827949e+01 -2.862708529359649784e-02 6.512138190315227559e-01 0.000000000000000000e+00 1.684607362402769937e+01 1.019521461477045321e+01 4.698349782941017849e-02 6.131795736993609584e-04 2.965097388143330459e+00 6.225938089085886196e-01 1.000000000000000000e+00 1.000000000000000000e+00 4.900000000000000000e+05 8.249379931639011856e-03 1.365627015351038835e+02 3.119153420266115130e+41 1.769169952543587120e+42 2.420000000000000000e+02
3.400000000000000000e+01 2.417120374501869264e+03 2.733446620054845155e+01 -2.340734357731294457e-02 6.398473763481505872e-01 0.000000000000000000e+00 1.080479430124417561e+01 1.787317548130922873e+01 6.802371943412419131e-02 3.955642302989272746e-02 2.539196983647134864e+00 1.663807431072534371e+00 1.000000000000000000e+00 1.000000000000000000e+00 3.200000000000000000e+05 3.938544374231697787e-02 1.235734448731326012e+02 3.283547193341717166e+40 7.121695892334655795e+45 2.050000000000000000e+02
3.400000000000000000e+01 2.936402314371484317e+04 5.183878731830992592e+01 -3.754761155645072734e-02 6.436107959930512656e-01 0.000000000000000000e+00 2.158055940428989672e+01 3.284764211959745239e+01 9.495054727792079374e-02 4.639387820659288120e-02 2.631154131437178467e+00 1.739423177635837314e+00 1.000000000000000000e+00 1.000000000000000000e+00 3.300000000000000000e+05 4.573583440916111770e-02 1.051273005058920376e+02 1.022925039264368135e+41 1.985205694927154584e+43 2.040000000000000000e+02
3.400000000000000000e+01 1.540522242638096577e+04 2.827617191024332755e+01 2.019289027144700183e-02 6.708202057378702676e-01 0.000000000000000000e+00 1.787552316018369325e+01 1.184273052649774982e+01 4.242604372564964810e-02 2.306065174074126492e-02 1.021786750780856012e+00 7.254283844206699250e-01 1.000000000000000000e+00 1.000000000000000000e+00 3.500000000000000000e+05 3.619118810441285250e-02 1.135000074488234816e+02 1.116668646351167785e+41 3.208510507239854998e+43 2.090000000000000000e+02
3.400000000000000000e+01 6.281569694502191851e+03 3.240165634381382631e+01 1.122745466656616120e-02 5.966824164264252772e-01 0.000000000000000000e+00 2.225709024305343320e+01 1.156470852277481143e+01 1.458529019667595683e-01 1.410193200691992610e-01 9.044229800985461587e-01 3.072080000000000144e+00 1.000000000000000000e+00 1.000000000000000000e+00 3.600000000000000000e+05 1.380254353716755533e-01 1.612078902568762260e+02 1.676804154263539747e+41 3.453536992614139218e+44 2.070000000000000000e+02
3.400000000000000000e+01 1.323313060283804589e+04 2.865050680398671545e+01 -4.606540940894372077e-02 6.442096347137933332e-01 0.000000000000000000e+00 1.062927494000595985e+01 1.932155390776225445e+01 1.478401947891784807e-01 8.610349488173349441e-02 1.463399387767171600e+00 2.766753624316186766e+00 1.000000000000000000e+00 1.000000000000000000e+00 3.600000000000000000e+05 7.442392050490528876e-02 1.841481852967767168e+02 4.334615340927389720e+41 1.758881463227289400e+43 2.080000000000000000e+02
3.400000000000000000e+01 1.584728955334380043e+04 2.732454784771600487e+01 -3.091459563734663685e-02 6.372300059560522811e-01 0.000000000000000000e+00 1.768332027937803375e+01 1.096709118585467202e+01 1.528400196401894168e-03 1.150933019593793488e-01 5.353366785102382508e-01 2.374769898675386681e+00 1.000000000000000000e+00 1.000000000000000000e+00 3.700000000000000000e+05 4.631749578956084745e-02 1.380669947230088326e+02 2.070608808148521771e+41 1.955550522145335927e+43 2.110000000000000000e+02
3.400000000000000000e+01 2.282508974261789626e+04 2.259359859051805941e+01 -9.474966280798347018e-02 6.399739804548587596e-01 0.000000000000000000e+00 1.303931326367977128e+01 1.065507408110139664e+01 1.988357724703125953e-02 2.397003637374662266e-01 1.175084586674649989e+00 2.734178195804889189e+00 1.000000000000000000e+00 1.000000000000000000e+00 4.100000000000000000e+05 7.541164450793033658e-02 6.277392772855647962e+01 2.567249415389372333e+40 1.947787907754332083e+43 2.120000000000000000e+02
3.400000000000000000e+01 6.990110915181789096e+03 2.458072479530875043e+01 -5.658526130792853465e-02 6.751810049562093630e-01 0.000000000000000000e+00 1.078616137931146746e+01 1.496857798323485511e+01 9.769614472544632666e-02 1.587998967289933339e-01 5.967851135785287031e-01 2.940181385823354088e+00 1.000000000000000000e+00 1.000000000000000000e+00 4.100000000000000000e+05 3.776898414077350941e-02 1.342393987731279026e+02 1.190190911443275423e+41 1.758683515603443732e+44 2.140000000000000000e+02
3.400000000000000000e+01 1.602854957278017537e+04 5.967991586825790762e+01 -8.193144424344878107e-02 6.583061178759888055e-01 0.000000000000000000e+00 3.216884559689961520e+01 3.046015193123910336e+01 4.719283473244580140e-02 1.744564145752537376e-01 1.453218235597073971e+00 3.100000000000000089e+00 1.000000000000000000e+00 1.000000000000000000e+00 4.100000000000000000e+05 4.686699916193950294e-02 2.650181763797021972e+01 1.079875685997630842e+39 7.267172413436167311e+44 2.160000000000000000e+02
3.400000000000000000e+01 1.493820834731302057e+04 3.773416528901774569e+01 4.324452188005201841e-02 5.559947969601621853e-01 0.000000000000000000e+00 1.038732178476620049e+01 2.890400881859441995e+01 5.452554275691145341e-02 1.538372808006472081e-01 2.122921108561591552e+00 1.105222971792301445e+00 1.000000000000000000e+00 1.000000000000000000e+00 4.200000000000000000e+05 1.374635041706746552e-01 2.068765171440713289e+02 5.928974396070705723e+41 2.091609360028994600e+43 2.130000000000000000e+02
3.400000000000000000e+01 9.258607509493680482e+03 4.309496957501618652e+01 -4.567645352704459427e-02 5.545806338170766736e-01 0.000000000000000000e+00 1.397041637010038428e+01 3.106322259408650055e+01 1.677013308372652112e-01 5.670004151072627341e-02 2.883189727670650182e+00 1.452369641863770600e+00 1.000000000000000000e+00 1.000000000000000000e+00 4.700000000000000000e+05 4.953534249153064561e-02 1.715701854071687364e+02 2.341732245976084919e+41 1.883880940142150373e+44 2.150000000000000000e+02
3.400000000000000000e+01 1.921155480128823547e+04 4.636326648290499008e+01 1.302719701295957377e-01 5.540075297723849879e-01 0.000000000000000000e+00 1.120166227303718109e+01 3.695649228838000511e+01 8.380649364836988136e-02 1.613410688284206140e-01 9.994838177735938523e-01 2.574879649759180822e-01 1.000000000000000000e+00 1.000000000000000000e+00 4.800000000000000000e+05 1.564779252842447288e-01 1.515166625665110871e+02 2.498449342017710117e+41 3.338334145053399805e+43 2.100000000000000000e+02
3.400000000000000000e+01 1.015054106044330729e+04 4.915807319552414612e+01 -1.151527781409510121e-02 6.150169294053388080e-01 0.000000000000000000e+00 3.719758121312946031e+01 1.406929545055337272e+01 5.620749386813359005e-02 1.114925070047400740e-01 3.023220000000000240e+00 3.264053611202634708e-01 1.000000000000000000e+00 1.000000000000000000e+00 4.800000000000000000e+05 2.898700532328604001e-02 1.911769058282098115e+02 3.253133559226803434e+41 1.141327333911907366e+44 2.180000000000000000e+02
3.400000000000000000e+01 7.325000070126084211e+03 2.662160982412017063e+01 -1.309559574515653177e-02 6.798702850895329552e-01 0.000000000000000000e+00 1.355407261032428679e+01 1.450224172021249380e+01 6.758069850864369121e-02 3.522086347739871587e-02 2.691316174897244284e+00 4.617937479654408151e-01 1.000000000000000000e+00 1.000000000000000000e+00 4.900000000000000000e+05 3.246678882013510903e-02 1.340019818279900754e+01 1.179669232943762829e+38 1.653010999403604054e+45 2.190000000000000000e+02
3.400000000000000000e+01 3.551199306063690528e+03 2.185724992101561526e+01 -4.786074294212129543e-02 6.595809537092220953e-01 0.000000000000000000e+00 1.046220260445403305e+01 1.256327431361888003e+01 1.533249677062525629e-01 6.820974245767298660e-02 2.700764082725695570e+00 1.151666427656397929e+00 1.000000000000000000e+00 1.000000000000000000e+00 4.900000000000000000e+05 6.230573820083649267e-02 3.471088150817417528e+01 1.294450812749793544e+39 8.003117225971982492e+45 2.230000000000000000e+02
3.500000000000000000e+01 1.499765118164721571e+03 2.894908426207734919e+01 -2.389094333570417061e-02 6.748010404693907116e-01 0.000000000000000000e+00 1.197854971380566624e+01 1.833658801837549390e+01 1.444046262307128736e-01 8.666968879750183707e-02 1.049697654665536328e+00 3.072080000000000144e+00 1.000000000000000000e+00 1.000000000000000000e+00 2.900000000000000000e+05 7.705314665871480784e-02 1.482172734977550306e+02 3.710425354698121108e+40 1.003511755883117005e+46 2.100000000000000000e+02
3.500000000000000000e+01 1.230850666475661228e+03 3.780960933521156875e+01 5.508067743036021424e-01 6.685853312354197442e-01 0.000000000000000000e+00 1.066675308450516724e+01 2.898239485890078981e+01 1.971127358370443894e-01 6.812010404693906729e-01 7.786810684235291602e-02 0.000000000000000000e+00 1.000000000000000000e+00 2.000000000000000000e+00 3.500000000000000000e+05 4.944587758326790539e-03 1.036343227086219656e+02 1.130084643507081277e+40 2.447569538224146420e+46 2.140000000000000000e+02
3.500000000000000000e+01 2.147676432574557839e+04 6.380861639931936224e+01 1.283108683748798162e-01 7.239086304667874394e-01 0.000000000000000000e+00 3.413945509144507184e+01 3.330125382663976552e+01 1.994748987112543170e-01 1.007746409026709922e-01 6.717630543706430979e-01 1.400963967543283339e-01 1.000000000000000000e+00 1.000000000000000000e+00 3.900000000000000000e+05 1.678323533895218489e-01 2.154064973590360523e+02 6.766828715803483809e+41 1.064398693635139812e+43 2.130000000000000000e+02
3.500000000000000000e+01 2.220011834720414845e+04 2.795729968077326788e+01 -2.400185522660053528e-01 6.097252155565124898e-01 0.000000000000000000e+00 1.397874606778684381e+01 1.525517745308518869e+01 2.692409691280823192e-01 2.152411043818959480e-01 3.068052392967467235e+00 3.030240638518565621e+00 1.000000000000000000e+00 1.000000000000000000e+00 4.000000000000000000e+05 2.391803141103988548e-02 1.973761577490206065e+01 7.270104560565862222e+38 7.591276143591843923e+43 2.150000000000000000e+02
3.500000000000000000e+01 2.275423070758065660e+04 4.511191807249379337e+01 -3.152672105240555273e-02 5.097423356226307156e-01 0.000000000000000000e+00 3.533926458404667414e+01 1.145173900854398141e+01 8.389607349297044381e-02 7.529319560105005027e-02 1.791504903449505415e+00 2.851065223877768506e+00 1.000000000000000000e+00 1.000000000000000000e+00 4.100000000000000000e+05 4.228375567509261301e-02 1.888838219123881856e+02 5.402689989780990704e+41 1.281019809005333109e+43 2.120000000000000000e+02
3.500000000000000000e+01 1.125989088313666571e+03 5.125351389180151784e+01 4.873561872524583838e-01 6.425290601980145899e-01 0.000000000000000000e+00 1.602602338110406066e+01 3.785311539713792683e+01 8.879808451375049982e-02 6.749853312354197055e-01 1.050040085746033247e+00 0.000000000000000000e+00 1.000000000000000000e+00 3.000000000000000000e+00 4.100000000000000000e+05 2.904320572906338160e-02 1.076174359834226948e+02 1.011449497664158908e+40 3.624344594370922029e+46 2.160000000000000000e+02
3.500000000000000000e+01 6.545661694698932479e+03 2.311587942860832356e+01 -1.114203540568403372e-01 6.275640515814765452e-01 0.000000000000000000e+00 1.021111460036482121e+01 1.402218946603956873e+01 2.520238374317440022e-01 7.846749176182385432e-02 2.452329296313337625e+00 2.277104879704058504e+00 1.000000000000000000e+00 1.000000000000000000e+00 4.300000000000000000e+05 1.115879505812784889e-01 1.275436918466013339e+02 1.002962401222779476e+41 2.469480320796880625e+44 2.190000000000000000e+02
3.500000000000000000e+01 7.762527545750879653e+03 2.674351532274847543e+01 -4.779927252398017551e-02 6.555859939872767939e-01 0.000000000000000000e+00 1.065772867738372831e+01 1.736039991430373064e+01 5.394562285359348619e-02 9.870005502851757206e-02 1.101713855589343316e+00 2.774248514089332485e+00 1.000000000000000000e+00 1.000000000000000000e+00 4.900000000000000000e+05 3.092612746563515660e-02 1.460820268874294925e+02 1.586650844160269961e+41 1.317071213589027572e+44 2.200000000000000000e+02
3.600000000000000000e+01 2.073872347998713849e+03 2.673359523199150090e+01 -8.893968326207589946e-04 6.617296222744659673e-01 0.000000000000000000e+00 1.103821560714941619e+01 1.703675747847850275e+01 5.777698290991712532e-02 1.225785438553016610e-01 1.703852964800671055e+00 1.542235061095044157e+00 1.000000000000000000e+00 1.000000000000000000e+00 3.100000000000000000e+05 1.225285507817211461e-01 1.127741492796816658e+02 2.024694816924268449e+40 1.235996739233578484e+46 2.040000000000000000e+02
3.600000000000000000e+01 3.025979736951795530e+03 2.297922921436567378e+01 1.128107396800127199e-02 6.873956761397774784e-01 0.000000000000000000e+00 1.367862708152883222e+01 1.053045092882517331e+01 7.652765254724086530e-02 7.053617835467800024e-02 1.951391923091300162e+00 4.708220186993544165e-01 1.000000000000000000e+00 1.000000000000000000e+00 3.200000000000000000e+05 7.105160555847034320e-02 1.172119888166190549e+02 4.156147717519588203e+40 2.498192516943787716e+45 2.050000000000000000e+02
3.600000000000000000e+01 4.312333688470913330e+03 4.647273815149009124e+01 -7.651961932394063526e-02 5.315802543862270246e-01 0.000000000000000000e+00 3.555781321335046385e+01 1.272109634508418097e+01 1.075422404655689834e-01 7.165737135798375124e-02 2.386303977252575592e+00 3.086040000000000116e+00 1.000000000000000000e+00 1.000000000000000000e+00 3.200000000000000000e+05 7.372008483930646283e-02 1.837259413372904646e+02 1.435972869881608181e+41 1.979620158972316957e+45 2.070000000000000000e+02
3.600000000000000000e+01 4.891272648556070635e+03 2.444548855604389104e+01 -4.135548500586028187e-02 6.676686567172495090e-01 0.000000000000000000e+00 1.108040312864337196e+01 1.459098540143753908e+01 5.698183867938803188e-02 8.707391605948215652e-02 1.790709968805575203e+00 2.385049031393511765e+00 1.000000000000000000e+00 1.000000000000000000e+00 3.600000000000000000e+05 3.382026942912255696e-02 9.142418162574597318e+01 2.905320105911262312e+40 1.176438765091081259e+45 2.080000000000000000e+02
3.600000000000000000e+01 1.363449526210670911e+03 5.533325230861380817e+01 4.335271728031252492e-01 4.477782612210810531e-01 0.000000000000000000e+00 4.652621254224564495e+01 1.035622008642662628e+01 5.345802543862270273e-01 2.056002995489189869e-02 0.000000000000000000e+00 3.044160000000000199e+00 2.000000000000000000e+00 1.000000000000000000e+00 3.800000000000000000e+05 3.710433536568875121e-04 9.843507443883140695e+01 4.765368129997595426e+39 1.596197502279071706e+47 2.110000000000000000e+02
3.600000000000000000e+01 3.251801808602088204e+04 2.693683507635416774e+01 2.993805375124621027e-02 6.757395289862438981e-01 0.000000000000000000e+00 1.671372408974653467e+01 1.162594073262826200e+01 1.443602000684461317e-01 1.408020941459848033e-02 1.252943639601038273e+00 9.563688270643780909e-01 1.000000000000000000e+00 1.000000000000000000e+00 3.900000000000000000e+05 1.371290102571663394e-01 1.045354430782529391e+02 1.350120418868902749e+41 3.621594839348122558e+42 2.100000000000000000e+02
3.600000000000000000e+01 1.210464650462706459e+03 7.432290299586165361e+01 5.233200668121155141e-01 8.602350647860690369e-01 0.000000000000000000e+00 2.302154991922848382e+01 5.535871145983161057e+01 6.967956761397774423e-01 4.511782612210810672e-01 0.000000000000000000e+00 0.000000000000000000e+00 2.000000000000000000e+00 3.000000000000000000e+00 4.100000000000000000e+05 0.000000000000000000e+00 1.455230236530763364e+02 1.180650929022642472e+40 3.078830820379527924e+46 2.130000000000000000e+02
3.600000000000000000e+01 1.120156927807800457e+03 9.602142816637903877e+01 8.112832321436239669e-01 8.562035251004488368e-01 0.000000000000000000e+00 7.437420349556583687e+01 2.681364830143374434e+01 8.612350647860690378e-01 6.727296222744659770e-01 0.000000000000000000e+00 0.000000000000000000e+00 4.000000000000000000e+00 2.000000000000000000e+00 4.500000000000000000e+05 0.000000000000000000e+00 1.034362075149566920e+02 3.071763425857773628e+39 7.435574137746180153e+46 2.160000000000000000e+02
3.600000000000000000e+01 1.370178689324198331e+03 3.105638046766819116e+01 -7.405356284081777291e-03 6.460910892685075568e-01 0.000000000000000000e+00 1.243310701370690730e+01 2.017521641397931376e+01 4.780938613709402596e-02 4.444224300567214958e-02 2.988320000000000309e+00 1.174656436901630574e+00 1.000000000000000000e+00 1.000000000000000000e+00 4.600000000000000000e+05 4.100051686189266215e-02 1.180303192049122458e+02 1.863735264344268529e+40 1.785513934152948474e+46 2.180000000000000000e+02
3.600000000000000000e+01 1.226029499434673426e+03 3.036150596204777941e+01 2.069979600307998713e-02 6.772451023372807466e-01 0.000000000000000000e+00 2.045685894213892553e+01 1.141375205216470334e+01 3.542235802394592264e-02 2.190599540252667621e-01 2.477867954000859907e+00 1.056244038975871158e+00 1.000000000000000000e+00 1.000000000000000000e+00 4.600000000000000000e+05 9.810707583802572018e-02 2.494560409034292263e+02 1.926371430131771327e+41 2.489456941100341545e+45 2.190000000000000000e+02
3.600000000000000000e+01 3.182562892819039462e+03 2.735220725804714093e+01 1.288996370501407918e-02 6.523237203354065317e-01 0.000000000000000000e+00 1.091481517083758490e+01 1.783191984008455222e+01 1.075360321095816252e-01 5.135765256161650694e-02 1.857282180637817692e+00 6.969850997853322960e-01 1.000000000000000000e+00 1.000000000000000000e+00 4.700000000000000000e+05 5.894292434936485026e-02 1.315078998159937100e+02 5.503196915985906842e+40 2.601239152078118181e+45 2.200000000000000000e+02
3.600000000000000000e+01 8.488953789401175527e+03 2.840808671987519674e+01 2.668640738257313690e-03 6.397109291085005811e-01 0.000000000000000000e+00 1.940442876259616156e+01 1.039529719914207639e+01 1.280637979996001041e-01 5.099938718305342331e-03 1.557747787353129354e+00 4.769015973173037493e-01 1.000000000000000000e+00 1.000000000000000000e+00 4.700000000000000000e+05 1.280528958026058706e-01 1.908628390445818468e+02 3.659467754602341884e+41 6.050772751148843387e+43 2.220000000000000000e+02
3.600000000000000000e+01 5.205317476657495718e+03 2.488038499403464243e+01 -3.794977913885967669e-02 6.572042241898036208e-01 0.000000000000000000e+00 1.566372630181387748e+01 1.045705465945808577e+01 7.600208911761316410e-02 4.628776228088311850e-02 2.327690303396065641e+00 1.938102214992436956e+00 1.000000000000000000e+00 1.000000000000000000e+00 4.800000000000000000e+05 5.525141482623566191e-02 1.258527877803361008e+02 7.882016885864032955e+40 5.352410792820924688e+44 2.210000000000000000e+02
3.600000000000000000e+01 1.020451163638570688e+04 1.990796665521838094e+01 -4.947015978262502001e-02 6.697973925139157902e-01 0.000000000000000000e+00 1.073080811698985926e+01 1.018772008145094432e+01 1.828966571106878033e-02 1.794768311078190903e-01 7.385403470704383633e-01 2.272258690852906327e+00 1.000000000000000000e+00 1.000000000000000000e+00 4.900000000000000000e+05 8.394002804622101299e-02 1.842154458130095236e+02 4.282771020576849957e+41 1.712160349744080673e+43 2.170000000000000000e+02
3.600000000000000000e+01 1.353834234389612902e+03 3.602899799029275130e+01 4.540024064213451505e-01 6.975242596976631848e-01 0.000000000000000000e+00 1.356643750608095367e+01 2.451305129815383665e+01 4.830759353125838734e-02 6.810686567172494765e-01 4.393948359755766031e-01 0.000000000000000000e+00 1.000000000000000000e+00 2.000000000000000000e+00 4.900000000000000000e+05 1.047569397967810893e-02 9.300451871917717028e+01 7.864167734780584537e+39 2.995994585298642766e+46 2.250000000000000000e+02
3.600000000000000000e+01 4.137929625205764751e+03 2.909859451072954073e+01 7.038170024236777358e-03 6.883810767991498381e-01 0.000000000000000000e+00 1.511386582679874380e+01 1.552933513593769277e+01 9.618068172670440896e-02 6.960266695438342005e-03 1.445143722439019118e+00 1.255714778467009074e+00 1.000000000000000000e+00 1.000000000000000000e+00 4.900000000000000000e+05 9.251042469957676539e-02 1.316622400914360824e+01 6.859313339442396793e+37 1.079786493909000393e+46 2.270000000000000000e+02
3.600000000000000000e+01 8.503607330958933744e+03 4.186457547370280707e+01 4.213664784015149767e-01 6.921018555854431265e-01 0.000000000000000000e+00 2.841462133127226863e+01 1.550177793808165561e+01 6.387109291085005802e-01 2.003687645081676794e-01 0.000000000000000000e+00 1.455874812512379934e+00 2.000000000000000000e+00 1.000000000000000000e+00 4.900000000000000000e+05 9.983647425639553818e-02 1.276595215613042598e+02 9.203649595447619442e+40 3.028623331556017537e+44 2.290000000000000000e+02
3.700000000000000000e+01 1.439936792531542415e+04 2.284937820192418201e+01 4.193729308441313669e-02 6.897748915622502475e-01 0.000000000000000000e+00 1.342274245757475271e+01 1.064248770261920463e+01 1.756368049206780690e-01 4.279289644220153621e-02 1.218675122135477018e+00 1.125544750122282167e+00 1.000000000000000000e+00 1.000000000000000000e+00 3.300000000000000000e+05 1.648603002678075136e-01 1.170302850706230942e+02 1.276861220350275725e+41 2.270497712615498457e+43 2.040000000000000000e+02
3.700000000000000000e+01 1.337805108463236820e+03 2.496839446560889542e+01 -3.564219460869032241e-02 6.531022933719383694e-01 0.000000000000000000e+00 1.074499751335653919e+01 1.548036144558582095e+01 7.819903268869590751e-02 5.070303814437328305e-02 2.586921754379739369e+00 1.855498045021210407e+00 1.000000000000000000e+00 1.000000000000000000e+00 3.800000000000000000e+05 4.866201138258242909e-02 9.673012122711287475e+01 1.266731304006048841e+40 1.507436867966916241e+46 2.070000000000000000e+02
3.700000000000000000e+01 8.622649297707530422e+03 3.017639645217515110e+01 -5.928515359883739649e-02 6.481871364542318714e-01 0.000000000000000000e+00 1.911645565581101280e+01 1.252300670490826917e+01 9.718472508110233277e-02 3.821158229962219599e-02 2.427792630519467476e+00 2.969517057860530773e+00 1.000000000000000000e+00 1.000000000000000000e+00 4.100000000000000000e+05 6.362789400559053232e-02 1.710892398474917115e+02 2.594312511326411340e+41 8.432505256251111819e+43 2.080000000000000000e+02
3.700000000000000000e+01 5.606178839095029616e+03 1.976833896896597054e+01 -5.099227952672329145e-02 6.687859636311874745e-01 0.000000000000000000e+00 1.012300239725782447e+01 1.068357858373924607e+01 1.061721971812500526e-01 5.631628404720442557e-03 2.966355328546648185e+00 1.614916300903258772e+00 1.000000000000000000e+00 1.000000000000000000e+00 4.100000000000000000e+05 1.740451319819943249e-02 1.395608627322040185e+01 1.266231688977014364e+38 2.099656688470365805e+45 2.090000000000000000e+02
3.700000000000000000e+01 1.111132834226823979e+04 4.799428892918579947e+01 4.153772593524945878e-02 4.924898393988734746e-01 0.000000000000000000e+00 1.089038964286345035e+01 3.887772557410366403e+01 2.474310214747601766e-01 1.392193073044943608e-01 2.066434172113545298e+00 9.036943603292882932e-01 1.000000000000000000e+00 1.000000000000000000e+00 4.200000000000000000e+05 1.234963088980120943e-01 1.557757883435631072e+02 1.893468692539109042e+41 2.186825484398815057e+44 2.110000000000000000e+02
3.700000000000000000e+01 1.423952292420442063e+03 2.151273597669339210e+01 1.900595514723803572e-02 6.881114558313738971e-01 0.000000000000000000e+00 1.063477434410365774e+01 1.205463476525195077e+01 1.541670089677483479e-01 9.937526213377360917e-02 1.768372590423179069e+00 8.909988244693050063e-01 1.000000000000000000e+00 1.000000000000000000e+00 4.400000000000000000e+05 1.309990476503086476e-01 1.044223843146418886e+02 1.757005233079482865e+40 1.006565545444982384e+46 2.140000000000000000e+02
3.700000000000000000e+01 1.808799900535093548e+04 2.518995228933495412e+01 -1.495292826980964274e-01 6.486912386461806124e-01 0.000000000000000000e+00 1.138450971308609283e+01 1.498866855818169519e+01 7.317918033682717371e-02 2.640274647647479767e-01 1.576691808101628567e+00 3.044160000000000199e+00 1.000000000000000000e+00 1.000000000000000000e+00 4.500000000000000000e+05 1.943553910515193398e-02 1.453961731464354727e+02 2.690861448882313539e+41 9.524958237920277982e+42 2.060000000000000000e+02
3.700000000000000000e+01 1.182655590388033943e+03 3.598001725866927103e+01 4.277009677754733397e-01 6.563542133443132087e-01 0.000000000000000000e+00 2.500287463581685898e+01 1.256992377916116510e+01 6.605022933719383316e-01 1.361452299371568031e-01 0.000000000000000000e+00 1.833568399719992525e+00 2.000000000000000000e+00 1.000000000000000000e+00 4.500000000000000000e+05 6.012914965968933767e-02 1.242991425872181139e+02 2.105947941185993739e+40 1.566772523947982662e+46 2.160000000000000000e+02
3.700000000000000000e+01 1.226805791246929402e+04 2.246472795423513702e+01 -4.833979714425176016e-02 6.813830172448068767e-01 0.000000000000000000e+00 1.058145393976943360e+01 1.295896255523918228e+01 1.195501564796079552e-01 1.789720471029207227e-01 3.756159891969688691e-01 3.079060000000000130e+00 1.000000000000000000e+00 1.000000000000000000e+00 4.600000000000000000e+05 6.578649290484051004e-02 1.175800733319114499e+02 1.186249381946371710e+41 3.600995522346273802e+43 2.130000000000000000e+02
3.700000000000000000e+01 1.161965180831652287e+04 4.551859872080368064e+01 -2.227550426623936541e-02 5.550956428717236379e-01 0.000000000000000000e+00 1.192984887008414141e+01 3.534922247455891409e+01 4.401241503021505186e-02 4.352436778117939331e-02 1.331691278434435022e+00 2.442367102816250135e+00 1.000000000000000000e+00 1.000000000000000000e+00 4.700000000000000000e+05 2.801337829304718571e-02 1.807609309253552681e+02 3.120242418151461498e+41 9.271848078071362345e+43 2.210000000000000000e+02
3.700000000000000000e+01 1.237679471191981793e+04 5.305807762594284327e+01 2.770766677196027650e-01 8.248024587157533061e-01 0.000000000000000000e+00 2.292307178272574575e+01 3.255345316398761923e+01 7.195748915622499631e-01 6.783662909576154698e-02 0.000000000000000000e+00 2.104599658553145680e+00 2.000000000000000000e+00 1.000000000000000000e+00 4.800000000000000000e+05 3.262816645800685755e-01 2.496329407855794500e+02 8.016671281189795635e+41 1.977686614796707279e+43 2.100000000000000000e+02
3.800000000000000000e+01 1.221087587233733939e+04 2.046376944535876419e+01 -9.667057724326263979e-02 6.509367083153224653e-01 0.000000000000000000e+00 1.137949049339116314e+01 1.008359076107441155e+01 1.107895509459228545e-01 1.918733268495558808e-01 1.945112562922453048e+00 2.557377054009693396e+00 1.000000000000000000e+00 1.000000000000000000e+00 3.600000000000000000e+05 1.031182440519011340e-01 2.099872132387347534e+01 6.986515032805102891e+38 2.124761274397651319e+44 2.090000000000000000e+02
3.800000000000000000e+01 3.487901812405077635e+03 1.988388638339757719e+01 -9.323844144486488628e-02 6.613807171616309377e-01 0.000000000000000000e+00 1.013669207498295499e+01 1.071139061442771201e+01 5.807389535462592622e-02 2.286936984259767547e-01 5.564429968722061082e-01 3.072080000000000144e+00 1.000000000000000000e+00 1.000000000000000000e+00 3.800000000000000000e+05 3.862791061498059564e-02 7.637099302664597644e+01 1.432126743361507217e+40 3.005031714360261034e+45 2.160000000000000000e+02
3.800000000000000000e+01 1.382623302474519051e+03 2.245820475077663403e+01 1.952653058288322460e-02 6.814941527112280406e-01 0.000000000000000000e+00 1.346693534330942299e+01 1.016331681368736461e+01 3.833019317181138308e-02 1.818276013137201663e-02 9.253658390717462989e-01 6.152894670087606377e-01 1.000000000000000000e+00 1.000000000000000000e+00 4.300000000000000000e+05 3.061972541104150680e-02 8.725409611667576826e+01 1.000154434517613208e+40 1.401283574381786086e+46 2.280000000000000000e+02
3.800000000000000000e+01 4.132804996589438815e+03 2.725257454401426216e+01 -8.899138824242415480e-02 6.250024792359168968e-01 0.000000000000000000e+00 1.787565553830830467e+01 1.065565119461831145e+01 1.073978897687984935e-01 8.814142320038675926e-02 2.663030153173017389e+00 2.665850037034589004e+00 1.000000000000000000e+00 1.000000000000000000e+00 4.400000000000000000e+05 3.709333054762004728e-02 1.500829492552827276e+02 1.054227929044307798e+41 9.351227995974015492e+44 2.180000000000000000e+02
3.800000000000000000e+01 8.680035687926692844e+03 3.047350403578688471e+01 -2.151888041472272903e-02 6.329109925435218997e-01 0.000000000000000000e+00 1.092808374789297154e+01 2.096916487448511646e+01 5.280880116275640974e-03 4.317090205946585990e-02 8.192146423893664764e-01 2.501026312080678160e+00 1.000000000000000000e+00 1.000000000000000000e+00 4.400000000000000000e+05 2.580107259299383241e-02 1.651698471110530591e+02 2.334611365288297962e+41 9.671498136952479900e+43 2.320000000000000000e+02
3.800000000000000000e+01 9.165137112360218453e+03 2.600262140601480709e+01 -5.942492974716327703e-02 6.345021236346981564e-01 0.000000000000000000e+00 1.047499679899623359e+01 1.679243246626769093e+01 8.797763745349553022e-02 1.193767749332234479e-01 2.737638057307274941e+00 1.966648373795897076e+00 1.000000000000000000e+00 1.000000000000000000e+00 4.500000000000000000e+05 9.798605636279254794e-02 1.439759930330904467e+02 1.715069143175326672e+41 8.361731142753110873e+43 2.260000000000000000e+02
3.800000000000000000e+01 1.408478727148239705e+04 2.995260058988538532e+01 7.771117260953439021e-02 6.546145995634907733e-01 0.000000000000000000e+00 1.061439886315688597e+01 2.080857167094498195e+01 1.581586210801552705e-01 1.389250767642034312e-01 1.255616163562842669e+00 8.437111068453175822e-01 1.000000000000000000e+00 1.000000000000000000e+00 4.500000000000000000e+05 1.037930104526309932e-01 1.539915808676013000e+02 2.585948544011106500e+41 2.434442079656420899e+43 2.330000000000000000e+02
3.800000000000000000e+01 4.998245557330681550e+03 3.300687129461550740e+01 -4.775813818489363372e-03 6.039032348064081734e-01 0.000000000000000000e+00 2.328360773677923135e+01 1.120077933156440686e+01 4.734654286411681123e-02 5.949264248184942677e-02 1.131876589272176714e+00 2.824621402702888862e+00 1.000000000000000000e+00 1.000000000000000000e+00 4.500000000000000000e+05 4.285862380053495624e-02 1.534898540136060490e+02 1.193507604012470042e+41 7.853778197402688566e+44 2.340000000000000000e+02
3.800000000000000000e+01 1.126795132214788828e+04 2.489451173610917678e+01 -3.280308364138386640e-02 6.751707014360618375e-01 0.000000000000000000e+00 1.331060135356279339e+01 1.285218604570640721e+01 3.740474268801696062e-02 7.909749711001645700e-02 1.254602966697695443e+00 3.058120000000000172e+00 1.000000000000000000e+00 1.000000000000000000e+00 4.900000000000000000e+05 3.555043920230962357e-02 5.177647057444660561e+01 9.240956183452696167e+39 2.224112097860055769e+44 2.370000000000000000e+02
3.900000000000000000e+01 2.336284952506649279e+04 5.322272227089521124e+01 -1.319404530585934713e-03 6.473740779966606906e-01 0.000000000000000000e+00 2.031295098015254297e+01 3.549823699886867701e+01 1.073417672617778956e-01 5.653161177434733176e-02 1.645166621773921811e+00 1.526745151084469176e+00 1.000000000000000000e+00 1.000000000000000000e+00 2.900000000000000000e+05 5.667018289413777721e-02 1.360326101026612946e+02 1.923680116445247991e+41 2.322097477484940747e+43 2.040000000000000000e+02
3.900000000000000000e+01 1.851194341633629301e+04 3.234617186299079350e+01 -1.297818900413387211e-01 5.955848759657106362e-01 0.000000000000000000e+00 2.177338277953999324e+01 1.202490809056937948e+01 1.316117582002299113e-01 1.360685360545840217e-01 2.892953472176792662e+00 2.958612133912710718e+00 1.000000000000000000e+00 1.000000000000000000e+00 4.000000000000000000e+05 3.238770801777853675e-02 1.582565741122790541e+02 3.200300974553090073e+41 1.410836203588679737e+43 2.110000000000000000e+02
3.900000000000000000e+01 6.017473041486595321e+03 2.254658961346035895e+01 1.451902472438297564e-02 6.841243002854082711e-01 0.000000000000000000e+00 1.332539175148185429e+01 1.040744642883476878e+01 3.678769825285239936e-02 2.881858835594891532e-02 1.413964940044481366e+00 4.655201439744302561e-01 1.000000000000000000e+00 1.000000000000000000e+00 4.300000000000000000e+05 3.633620814361004231e-02 7.831699361596828624e+01 2.214480324484038433e+40 6.719926810918206129e+44 2.150000000000000000e+02
3.900000000000000000e+01 1.709455808038382020e+04 3.914298045056814601e+01 -9.376295188010708159e-02 6.573295865109063385e-01 0.000000000000000000e+00 2.228040289432560428e+01 1.882516383483042688e+01 1.529199872393708637e-01 1.606495063318909011e-01 2.362014810860533220e+00 2.063687590023027152e+00 1.000000000000000000e+00 1.000000000000000000e+00 4.500000000000000000e+05 2.244285466133836768e-02 6.156964081927106491e+01 1.670870054737548199e+40 1.354644023658495747e+44 2.070000000000000000e+02
3.900000000000000000e+01 1.643948529402831628e+04 1.982170681324192074e+01 -1.688326887184443958e-01 6.345543062773986165e-01 0.000000000000000000e+00 1.041898411275737679e+01 1.035227555187971937e+01 1.612177643487110734e-01 1.867389988783554611e-01 3.072080000000000144e+00 2.815340348189306230e+00 1.000000000000000000e+00 1.000000000000000000e+00 4.600000000000000000e+05 5.014270147624698415e-03 9.165527180219953607e+01 6.980660995535990731e+40 2.232332809175302527e+43 2.160000000000000000e+02
3.900000000000000000e+01 6.892648962517850123e+03 2.977784837824509623e+01 -4.622057033724959185e-02 6.577524592628060107e-01 0.000000000000000000e+00 1.852520356299511306e+01 1.274248194370573195e+01 6.329472576587566457e-02 4.368708322202487226e-02 3.072080000000000144e+00 2.088500487877620326e+00 1.000000000000000000e+00 1.000000000000000000e+00 4.600000000000000000e+05 2.226438147514547480e-02 1.184472349925453756e+02 7.417068491665498390e+40 3.773898488256389929e+44 2.170000000000000000e+02
3.900000000000000000e+01 1.086043254149448148e+04 2.205117640466609075e+01 -4.728361174736607497e-02 6.704816706954402905e-01 0.000000000000000000e+00 1.165765337203348473e+01 1.144342151977670241e+01 1.534985026713625855e-01 2.021029274055410052e-01 8.483297737689325935e-01 2.961973876131357208e+00 1.000000000000000000e+00 1.000000000000000000e+00 4.900000000000000000e+05 1.461322340394160257e-01 1.770702949682408018e+02 3.793053040994406740e+41 1.927185495661880971e+43 2.180000000000000000e+02
4.000000000000000000e+01 2.196168900070569725e+04 3.003008232303971781e+01 1.484538262289023317e-02 6.686773407848607409e-01 0.000000000000000000e+00 1.234325147661853350e+01 1.919504870643346095e+01 2.602341771670463322e-02 2.574082316689503894e-02 0.000000000000000000e+00 1.268742644399361463e+00 1.000000000000000000e+00 1.000000000000000000e+00 4.000000000000000000e+05 2.570255679306944832e-02 1.222681354649062229e+02 1.673006428633939821e+41 1.066372321191768215e+43 2.050000000000000000e+02
4.000000000000000000e+01 4.169278742522936227e+03 2.316246777768856902e+01 -4.299345285287814455e-02 6.662257425231861152e-01 0.000000000000000000e+00 1.134413739779409447e+01 1.306529979673272024e+01 1.039036178212915107e-01 1.061116261777579270e-02 3.061688241370128072e+00 4.390315546305736949e-01 1.000000000000000000e+00 1.000000000000000000e+00 4.100000000000000000e+05 7.057348303231897671e-03 2.534809448115796826e+01 5.601043506140712632e+38 6.265025459329614531e+45 2.060000000000000000e+02
4.000000000000000000e+01 2.069724369256338377e+03 3.291662317085594935e+01 4.174342867243910349e-01 6.112302366492859962e-01 0.000000000000000000e+00 2.318911993768760738e+01 1.098667324780182319e+01 6.780257425231860369e-01 1.626548633134841104e-01 0.000000000000000000e+00 2.523755595385464012e+00 2.000000000000000000e+00 1.000000000000000000e+00 4.700000000000000000e+05 4.030787973171078009e-02 1.427354969676204917e+02 3.184033431110534533e+40 1.286977031284089155e+46 2.130000000000000000e+02
4.000000000000000000e+01 2.014992868675889258e+04 2.564358515254683368e+01 -3.664753650577851074e-02 6.732914739791844294e-01 0.000000000000000000e+00 1.587291241322941815e+01 1.107204913851175831e+01 8.015099916981205386e-02 3.418976935294430475e-01 2.359677224092619596e+00 1.593182652197685956e+00 1.000000000000000000e+00 1.000000000000000000e+00 4.800000000000000000e+05 2.062993418540789436e-01 1.147574226840690983e+02 1.397063354086738026e+41 1.142301433630760529e+43 2.120000000000000000e+02
4.000000000000000000e+01 1.223990181090283613e+03 2.969962631485134352e+01 -9.159482182970417330e-02 6.046166087760489471e-01 0.000000000000000000e+00 1.241151897104692736e+01 1.888500717419342578e+01 2.579508640721099311e-01 1.372478859089835274e-02 2.915422505343805426e+00 2.113355449795660812e-01 1.000000000000000000e+00 1.000000000000000000e+00 4.800000000000000000e+05 3.583419496361061468e-02 8.772397581226449859e+01 8.537535630881127955e+39 2.276739045260116666e+46 2.150000000000000000e+02
4.000000000000000000e+01 1.769976571353581676e+04 2.269590581456137102e+01 -1.378539259578981033e-02 6.821611346621739846e-01 0.000000000000000000e+00 1.255186802993869755e+01 1.135428561284724935e+01 6.329001751867222025e-02 2.361118765833375432e-02 2.265478589271981313e+00 8.398056725012534862e-01 1.000000000000000000e+00 1.000000000000000000e+00 4.900000000000000000e+05 2.088104810002089362e-02 7.549838524336023227e+01 3.868663078212274459e+40 2.839930857217799305e+43 2.110000000000000000e+02
4.000000000000000000e+01 5.330318168168622833e+03 2.389040085399381041e+01 -2.776089624781145904e-02 6.594377532760918870e-01 0.000000000000000000e+00 1.106742957464607002e+01 1.410316557510289037e+01 1.482251273301776473e-01 1.042566154521590571e-01 2.631064138477541281e+00 1.049272471254805161e+00 1.000000000000000000e+00 1.000000000000000000e+00 4.900000000000000000e+05 9.039684512786709536e-02 8.522260424387897615e+01 2.542079473809569535e+40 1.011447837280303506e+45 2.160000000000000000e+02
4.100000000000000000e+01 4.357471936728175024e+03 2.210235492697333370e+01 9.538634823325539691e-02 7.093412985802995951e-01 0.000000000000000000e+00 1.195281130341389542e+01 1.121206920866630163e+01 2.637346264927406536e-01 5.718685053736229790e-02 4.503323738557902800e-01 2.942154102966790141e+00 1.000000000000000000e+00 1.000000000000000000e+00 3.200000000000000000e+05 1.881939680971645990e-01 1.294189887238615029e+02 7.921448192383070899e+40 5.800598368189868697e+44 2.070000000000000000e+02
4.100000000000000000e+01 5.066645583499839631e+03 2.562450039510417810e+01 -8.412497518308734157e-03 6.785656024505123396e-01 0.000000000000000000e+00 1.273002140914439728e+01 1.430332009928435966e+01 2.252613907131413573e-01 1.260110205337644784e-01 1.977796321954199854e+00 1.042999840736291706e+00 1.000000000000000000e+00 1.000000000000000000e+00 3.200000000000000000e+05 1.580606814465059518e-01 1.586124749268012977e+02 1.522584385067844286e+41 3.316733744982549236e+44 2.080000000000000000e+02
4.100000000000000000e+01 5.107715899582655766e+03 2.204860280660607685e+01 4.932249261064808321e-02 6.988259423201647058e-01 0.000000000000000000e+00 1.047824359603042588e+01 1.274462622359008712e+01 1.116965820457141573e-01 6.776675819944588675e-02 8.724831943910902332e-01 1.098459700836829089e+00 1.000000000000000000e+00 1.000000000000000000e+00 3.300000000000000000e+05 6.840354635444689801e-02 6.099062912851164953e+01 9.384302263241925621e+39 1.455064990857418279e+45 2.090000000000000000e+02
4.100000000000000000e+01 1.842661304458336235e+04 3.344626189036959119e+01 9.158683710351722684e-02 7.132490797412622818e-01 0.000000000000000000e+00 1.743137656071066743e+01 1.787098942164652016e+01 1.136626849661772076e-01 1.013082107143632032e-01 6.659257512974932069e-01 3.889510007148415105e-01 1.000000000000000000e+00 1.000000000000000000e+00 3.600000000000000000e+05 8.902669956691774966e-02 1.657461258392074654e+01 3.620286006825107407e+38 1.435680774792939146e+44 2.110000000000000000e+02
4.100000000000000000e+01 1.530183613487216098e+04 3.283456589658681679e+01 -7.456672525082202671e-04 6.818630849310420849e-01 0.000000000000000000e+00 1.890506086673318364e+01 1.567034784129549863e+01 6.991888769149154359e-02 5.011967661064600614e-03 1.639197707563473827e+00 6.058185838375818033e-01 1.000000000000000000e+00 1.000000000000000000e+00 3.600000000000000000e+05 6.968807742002607053e-02 1.168813712249971957e+02 1.146168044344409455e+41 4.008676586368107383e+43 2.120000000000000000e+02
4.100000000000000000e+01 4.138068400637968807e+03 3.524300490928471419e+01 4.754921183884110447e-01 6.339350061153670168e-01 0.000000000000000000e+00 2.564808578308257836e+01 1.113755303354862214e+01 6.839656024505123000e-01 1.204211503669308375e-01 0.000000000000000000e+00 1.608926079520014429e+00 2.000000000000000000e+00 1.000000000000000000e+00 3.700000000000000000e+05 4.667920426218986202e-02 1.504157112994745376e+02 9.096311934287974053e+40 1.506084354313554907e+45 2.130000000000000000e+02
4.100000000000000000e+01 4.871055728145472131e+03 2.825739547612407421e+01 6.130706975212909388e-02 7.011851012186413046e-01 0.000000000000000000e+00 1.372175109031986295e+01 1.606527327055245635e+01 7.445411637695006912e-02 7.854403678421018054e-02 7.336784336186810140e-01 5.625717302901044325e-01 1.000000000000000000e+00 1.000000000000000000e+00 3.800000000000000000e+05 4.189251062681191573e-02 4.129844342782995881e+01 2.475494987732430693e+39 4.062814195325426983e+45 2.150000000000000000e+02
4.100000000000000000e+01 1.341581198964024043e+04 3.063486632354062777e+01 -1.169360559257747040e-01 6.090053795062581043e-01 0.000000000000000000e+00 2.110710529489155007e+01 1.092006729841240542e+01 1.565957012017908379e-01 8.700322692490895793e-02 2.888156308421498508e+00 2.182287860833886484e+00 1.000000000000000000e+00 1.000000000000000000e+00 3.800000000000000000e+05 3.214123173128908412e-02 1.769138806402380055e+02 3.774124817532717374e+41 2.396482308594525541e+43 2.170000000000000000e+02
4.100000000000000000e+01 6.975553278561934349e+03 3.548509520667462880e+01 -3.946133936392283437e-02 6.654865734690877943e-01 0.000000000000000000e+00 1.640285266151233046e+01 2.088407351429561487e+01 9.457527092334344632e-02 6.995924403659163626e-02 2.112779849723529058e+00 2.048095909512205992e+00 1.000000000000000000e+00 1.000000000000000000e+00 3.800000000000000000e+05 5.957882233249588155e-02 6.638138062115429250e+01 1.211469152503703788e+40 1.452505025767637695e+45 2.180000000000000000e+02
4.100000000000000000e+01 1.594278828034578510e+04 2.882007722845699149e+01 4.266487488629232966e-02 6.940058064778269475e-01 0.000000000000000000e+00 1.414021611743541840e+01 1.623518747104052551e+01 5.806351416468252119e-02 1.158689661397554749e-01 1.466641588121162298e+00 8.716785748208907281e-01 1.000000000000000000e+00 1.000000000000000000e+00 3.900000000000000000e+05 8.868729426284416295e-02 7.564965714684153397e+01 3.348951391566076018e+40 6.037565040796405483e+43 2.140000000000000000e+02
4.100000000000000000e+01 1.874245574060675381e+03 2.214130138352368249e+01 6.281794560209469358e-02 7.012774925945624016e-01 0.000000000000000000e+00 1.053264045327961007e+01 1.279560864046313817e+01 1.305728955696592586e-01 1.807191304386059627e-01 1.054569109036611163e+00 1.223708138973253146e+00 1.000000000000000000e+00 1.000000000000000000e+00 4.000000000000000000e+05 1.699423396309021062e-01 1.417968503032591343e+02 4.164274381833532410e+40 6.055805519307671216e+45 2.220000000000000000e+02
4.100000000000000000e+01 8.440572223342029247e+03 2.777666364431349422e+01 2.303554578570214326e-02 6.861153109431974428e-01 0.000000000000000000e+00 1.374454111786228339e+01 1.556006590713160698e+01 8.770988141270073812e-02 9.874785018286499905e-02 2.312702839424304102e+00 2.477200525656849117e-01 1.000000000000000000e+00 1.000000000000000000e+00 4.100000000000000000e+05 6.057936696154183481e-02 5.453053289956157101e+01 8.585359628042053924e+39 6.044871402639662195e+44 2.190000000000000000e+02
4.100000000000000000e+01 1.648450268305795544e+04 4.725318788869278563e+01 -3.653762851955920377e-03 5.208485590952702804e-01 0.000000000000000000e+00 1.321649203042882270e+01 3.603093258513083441e+01 1.237605400841653575e-01 4.431238276348749977e-02 3.065100000000000158e+00 4.304668172816116245e-01 1.000000000000000000e+00 1.000000000000000000e+00 4.100000000000000000e+05 1.849133921776642195e-02 1.639038916781870796e+02 2.861401828036185935e+41 5.106314551278223459e+43 2.200000000000000000e+02
4.100000000000000000e+01 9.397418306728226526e+03 5.169669898901121030e+01 7.347650594986174233e-02 6.534106226898159786e-01 0.000000000000000000e+00 1.874812660247642881e+01 3.548688392686804605e+01 5.840849217168278540e-02 9.716374365121555057e-02 8.462352096807187474e-01 3.324950328285691259e-01 1.000000000000000000e+00 1.000000000000000000e+00 4.200000000000000000e+05 3.171448145618848552e-02 1.364541253960704239e+02 1.093486143564580042e+41 3.286454634530776028e+44 2.290000000000000000e+02
4.100000000000000000e+01 2.337426363131904873e+04 2.944406189651691719e+01 2.271978929371675990e-03 6.714592422914731351e-01 0.000000000000000000e+00 1.272874332675110587e+01 1.821297433864122439e+01 1.414463606094671852e-02 2.735030017394885632e-02 1.004256579572479380e+00 1.623685057417864064e+00 1.000000000000000000e+00 1.000000000000000000e+00 4.400000000000000000e+05 2.731205671619367850e-02 9.970284312783519454e+01 9.462903676935020307e+40 1.299370191698076340e+43 2.270000000000000000e+02
4.100000000000000000e+01 1.941886698403034461e+04 2.197911516370318097e+01 -4.233284806709570330e-02 6.619137800196621679e-01 0.000000000000000000e+00 1.272978680676480678e+01 1.036033004802468582e+01 5.926808684002434977e-03 1.008631424658824605e-01 4.982945629504705876e-01 3.093020000000000103e+00 1.000000000000000000e+00 1.000000000000000000e+00 4.400000000000000000e+05 3.870542565708943051e-03 4.300749807698834815e+01 7.623765124624232488e+39 4.166499416023612360e+43 2.300000000000000000e+02
4.100000000000000000e+01 5.222318775374116740e+03 4.632976009654599636e+01 4.972985669631244665e-01 5.855019214849045417e-01 0.000000000000000000e+00 3.554227222510648687e+01 1.270561553336892224e+01 6.738865734690877574e-01 1.878863675784172085e-02 0.000000000000000000e+00 1.393319570991325307e+00 2.000000000000000000e+00 1.000000000000000000e+00 4.600000000000000000e+05 5.773626753367208479e-03 1.020867088643542218e+02 2.996963007967263764e+40 3.637837538524567849e+45 2.350000000000000000e+02
4.100000000000000000e+01 1.243599574482804883e+03 3.164525953613234321e+01 4.701051848563612690e-01 6.413291473455218217e-01 0.000000000000000000e+00 2.216853986537955734e+01 1.071186888284964667e+01 7.237412985802995635e-01 6.844887877198269077e-02 0.000000000000000000e+00 2.499148972598930207e+00 2.000000000000000000e+00 1.000000000000000000e+00 4.600000000000000000e+05 1.793749510909271525e-02 9.934270024297225632e+01 1.165327334139596267e+40 2.033309229886926715e+46 2.370000000000000000e+02
4.100000000000000000e+01 1.185832859959251209e+03 3.395479154172202385e+01 4.529419145847344286e-01 7.215933787467555538e-01 0.000000000000000000e+00 1.380406216916287754e+01 2.216677852666423831e+01 4.444886739548772892e-02 7.076774925945623629e-01 1.596590165944532513e-01 0.000000000000000000e+00 1.000000000000000000e+00 2.000000000000000000e+00 4.600000000000000000e+05 4.117687328649465364e-03 9.342820339970745636e+01 9.387683584530535605e+39 1.765320051160528013e+46 2.380000000000000000e+02
4.100000000000000000e+01 4.760712828517579510e+03 3.191681707672721657e+01 -2.435612422763813040e-02 6.561619900942893269e-01 0.000000000000000000e+00 1.153334386376950071e+01 2.183122825386590549e+01 9.389104328960139190e-02 8.349938910135470960e-02 4.628289395857285715e-01 2.928292273111088306e+00 1.000000000000000000e+00 1.000000000000000000e+00 4.700000000000000000e+05 3.069118129054708086e-02 1.742643555561956532e+02 1.706997843644908534e+41 5.223538988432597116e+44 2.320000000000000000e+02
4.100000000000000000e+01 1.968447943310223491e+04 2.041121814284458225e+01 -4.130899744204100110e-02 6.718997819313282660e-01 0.000000000000000000e+00 1.011002547743887092e+01 1.134881139270225958e+01 4.725261576138725661e-02 5.741807954903641736e-02 2.555008470937666587e+00 2.418524362448864817e+00 1.000000000000000000e+00 1.000000000000000000e+00 4.700000000000000000e+05 3.799287278700113485e-02 4.505257605343403782e+01 9.072946581935685465e+39 3.220677402114601588e+43 2.360000000000000000e+02
4.100000000000000000e+01 1.479611194704437821e+03 3.216667337282380146e+01 4.624634949986815013e-01 6.807109316825340484e-01 0.000000000000000000e+00 1.185727465658807134e+01 2.211462678565807494e+01 7.004276023896810997e-03 7.098259423201647156e-01 1.410834871741955876e+00 0.000000000000000000e+00 1.000000000000000000e+00 2.000000000000000000e+00 4.700000000000000000e+05 3.400944890052093588e-03 9.555360560151419236e+01 8.913428466180011700e+39 2.856153606607058737e+46 2.400000000000000000e+02
4.100000000000000000e+01 2.450036345113300558e+04 5.371782666467999690e+01 -7.356613625098154530e-02 6.555008802375058563e-01 0.000000000000000000e+00 3.137869183206228740e+01 2.501179362372565151e+01 9.527227040496413779e-02 1.175917394675908695e-01 2.305198495974982276e+00 2.388104715662370481e+00 1.000000000000000000e+00 1.000000000000000000e+00 4.800000000000000000e+05 2.496070426121582697e-02 6.294318684772920136e+01 1.952354838512483587e+40 8.453530767509375072e+43 2.160000000000000000e+02
4.100000000000000000e+01 1.841292539520104765e+04 4.734819793341873151e+01 5.247772724477671735e-01 6.783858617393903057e-01 0.000000000000000000e+00 3.353870108058908528e+01 1.639579329428194399e+01 7.558490797412619200e-01 5.564571831427837789e-02 0.000000000000000000e+00 3.586890196284653332e-01 2.000000000000000000e+00 1.000000000000000000e+00 4.900000000000000000e+05 6.769450744822826938e-01 9.755612831579388455e+01 6.447982602386667126e+40 7.034412394696254830e+43 2.230000000000000000e+02
4.200000000000000000e+01 4.354730205925200607e+03 2.073823578991823169e+01 -4.713343350568162393e-02 6.722225342122353231e-01 0.000000000000000000e+00 1.104236778618697024e+01 1.077227581497934317e+01 1.398145500446272005e-01 1.799889431931259443e-01 2.059955744573530811e+00 1.727585333833052683e+00 1.000000000000000000e+00 1.000000000000000000e+00 3.500000000000000000e+05 1.728202653819954082e-01 2.573488899644198469e+01 6.432767120748927964e+38 4.303593833695813531e+45 2.050000000000000000e+02
4.200000000000000000e+01 1.316432501774238290e+03 3.405421498840612315e+01 -2.416597899317237882e-02 6.786174643150949537e-01 0.000000000000000000e+00 1.796502115671849253e+01 1.784931025530611137e+01 8.593797682568876661e-03 5.745100706016603026e-02 0.000000000000000000e+00 3.037180000000000213e+00 1.000000000000000000e+00 1.000000000000000000e+00 3.600000000000000000e+05 5.943663125621956485e-03 1.489603884999596595e+01 3.522199916968895151e+37 6.781365257206690730e+46 2.080000000000000000e+02
4.200000000000000000e+01 1.215502462376850190e+03 4.270158424597103419e+01 5.265491415782639351e-01 5.414017660575048962e-01 0.000000000000000000e+00 3.406988353078924092e+01 1.024540250414998788e+01 6.840174643150949141e-01 1.543615569680201541e-02 0.000000000000000000e+00 1.381359617282865271e+00 2.000000000000000000e+00 1.000000000000000000e+00 3.900000000000000000e+05 3.908561679989436786e-03 1.009332013035409261e+02 9.319175802934247054e+39 4.789759591820530877e+46 2.090000000000000000e+02
4.200000000000000000e+01 1.371711911472986458e+03 2.502978185408034761e+01 4.363152991338814513e-02 6.903520402259470945e-01 0.000000000000000000e+00 1.164899439037813167e+01 1.471382002283987411e+01 4.584069745202479229e-02 7.170632891265317499e-02 1.040653089183195990e+00 5.839656279298492958e-01 1.000000000000000000e+00 1.000000000000000000e+00 3.900000000000000000e+05 3.953433208424383255e-02 5.789274349459562785e+01 2.681038559668801182e+39 2.631410373090155409e+46 2.100000000000000000e+02
4.200000000000000000e+01 3.347646333407556085e+04 6.086172634841518203e+01 -2.656479224050186869e-02 6.778572445488921794e-01 0.000000000000000000e+00 2.906022052801505851e+01 3.487343590493353673e+01 5.618422532343249343e-02 6.751481626786638712e-02 1.200389707516843929e+00 2.905978311952882809e+00 1.000000000000000000e+00 1.000000000000000000e+00 4.000000000000000000e+05 4.142750979349711649e-02 8.434489332329847855e+01 5.359215753809101817e+40 2.534395708356879096e+43 2.060000000000000000e+02
4.200000000000000000e+01 1.051070757720818619e+04 2.682827668339294647e+01 3.142945228405281261e-02 6.517618573733866549e-01 0.000000000000000000e+00 1.784688234737278023e+01 1.028450368077656130e+01 5.962578322367978467e-02 7.085835679103955065e-02 5.333835289388778600e-01 1.614945753774810200e+00 1.000000000000000000e+00 1.000000000000000000e+00 4.300000000000000000e+05 3.777595998273773625e-02 1.278449275526845526e+02 1.292872450328251159e+41 7.397965711310478578e+43 2.120000000000000000e+02
4.200000000000000000e+01 1.366214540594851678e+04 2.602288457588384674e+01 -4.110872675121079317e-02 6.683733057355318863e-01 0.000000000000000000e+00 1.648296838728842673e+01 1.090205472296294076e+01 1.038548496981523961e-01 5.625214564025985547e-02 3.079060000000000130e+00 3.169009049371270814e-01 1.000000000000000000e+00 1.000000000000000000e+00 4.300000000000000000e+05 2.300817479341465271e-02 1.379578009160084946e+02 1.929054266664417328e+41 2.521612171128201624e+43 2.130000000000000000e+02
4.200000000000000000e+01 2.646650574978690202e+03 3.316338588111524643e+01 4.063430168572468304e-01 7.279450982563921979e-01 0.000000000000000000e+00 2.077642927099860515e+01 1.423969092523489444e+01 6.816225342122352870e-01 8.433512776946171241e-03 0.000000000000000000e+00 9.801968369291857996e-01 2.000000000000000000e+00 1.000000000000000000e+00 4.400000000000000000e+05 4.551604064920750092e-03 9.790574888307577339e+01 1.554985898696667426e+40 1.011725118952153174e+46 2.160000000000000000e+02
4.200000000000000000e+01 8.330269064128069658e+02 5.103428559567269218e+01 -2.471870498419731499e-02 4.869245192717763793e-01 0.000000000000000000e+00 1.563809255962213385e+01 3.779743931274370539e+01 3.079191851810182956e-01 9.143107865769398157e-02 2.981488124664595230e+00 1.155199522891842967e-01 1.000000000000000000e+00 1.000000000000000000e+00 4.400000000000000000e+05 1.803796774070332704e-02 1.392493121131809914e+02 2.767228195720854039e+40 1.461194782487766843e+46 2.170000000000000000e+02
4.200000000000000000e+01 2.044039271737321178e+04 4.387449021573065266e+01 8.465394355461583475e-02 5.435256309520062334e-01 0.000000000000000000e+00 3.299907421801619023e+01 1.260945111939182439e+01 1.692542977412284932e-01 1.629827412449972313e-01 2.988222491019542071e-01 2.372559809466141978e+00 1.000000000000000000e+00 1.000000000000000000e+00 4.500000000000000000e+05 7.781805952595870213e-02 1.431503493071928972e+02 2.233009315070566149e+41 2.960829157393062638e+43 2.110000000000000000e+02
4.200000000000000000e+01 9.143698655104391946e+03 2.144153041947826921e+01 -9.548639429648475563e-02 6.549267511201780634e-01 0.000000000000000000e+00 1.168876708814531185e+01 1.082235365560295826e+01 5.859697762870203636e-02 1.565219781225614948e-01 3.093020000000000103e+00 2.616102405549515009e+00 1.000000000000000000e+00 1.000000000000000000e+00 4.500000000000000000e+05 7.190220743915706758e-02 3.858754187324615970e+01 3.570927037125874420e+39 4.229622822162020184e+44 2.190000000000000000e+02
4.200000000000000000e+01 1.890329223098466173e+04 2.707083544624185123e+01 -2.625612403582840149e-02 6.646977922715862075e-01 0.000000000000000000e+00 1.241652325435277504e+01 1.605862059920506724e+01 6.929387402688810815e-02 5.811467040428783259e-02 2.858926803561066432e+00 1.486476212194704605e+00 1.000000000000000000e+00 1.000000000000000000e+00 4.500000000000000000e+05 5.736616442657049841e-02 1.081918946724813253e+02 1.106698268846844526e+41 1.794066252340763310e+43 2.200000000000000000e+02
4.200000000000000000e+01 1.525971787382837283e+04 2.625207753252221465e+01 -6.445564649172329241e-02 6.497624011524538723e-01 0.000000000000000000e+00 1.050174283332570724e+01 1.700596309540620865e+01 2.924458616250168522e-02 1.132764194124946389e-01 1.425215826141188025e+00 2.803905735042150127e+00 1.000000000000000000e+00 1.000000000000000000e+00 4.500000000000000000e+05 3.752910457992632981e-02 1.503657503461307385e+02 2.656774342388379701e+41 1.582602259059843787e+43 2.210000000000000000e+02
4.200000000000000000e+01 2.661986471538026672e+04 2.184605612749964365e+01 -1.408618205112771582e-01 6.438003336602171611e-01 0.000000000000000000e+00 1.062230802265974106e+01 1.228908879294614565e+01 1.031096356636937994e-01 2.514017408718586810e-01 2.805930796528627980e+00 2.360137719269429724e+00 1.000000000000000000e+00 1.000000000000000000e+00 4.700000000000000000e+05 3.078783372587940578e-17 9.892077662267151084e+01 1.106113917640400682e+41 5.348907373666995628e+42 2.070000000000000000e+02
4.200000000000000000e+01 1.361685218629092196e+04 2.038522831382501721e+01 -8.390793707856288031e-02 6.582823440584862906e-01 0.000000000000000000e+00 1.052594862523163144e+01 1.096528487402647123e+01 1.846553769582595095e-01 2.243073767747053721e-02 3.072080000000000144e+00 9.864044850993327618e-01 1.000000000000000000e+00 1.000000000000000000e+00 4.800000000000000000e+05 2.000011540414233999e-02 3.271909241192576445e+01 2.821082321324354134e+39 1.261456491237150838e+44 2.180000000000000000e+02
4.200000000000000000e+01 6.286343706593461320e+03 2.615267600975445816e+01 -5.256904024812720372e-02 6.412280275018378273e-01 0.000000000000000000e+00 1.106730924683002470e+01 1.640457755867745249e+01 1.975961637331539456e-01 2.241603475218695851e-01 2.252089383583426585e+00 1.588988108702713786e+00 1.000000000000000000e+00 1.000000000000000000e+00 4.800000000000000000e+05 2.241232566279695582e-01 2.195922705700717756e+02 4.700873283080120474e+41 8.636093970461241990e+43 2.230000000000000000e+02
4.200000000000000000e+01 1.014912982744033434e+04 3.733280279688413117e+01 4.597870902124790993e-01 6.543961863400297174e-01 0.000000000000000000e+00 1.244956575300275148e+01 2.685914694857915919e+01 5.554691803456586474e-02 6.615618573733865748e-01 1.114591946002045697e+00 0.000000000000000000e+00 1.000000000000000000e+00 2.000000000000000000e+00 4.900000000000000000e+05 7.068993691613248420e-02 9.806011589038764953e+01 4.963096512167205239e+40 2.783745486609766311e+44 2.220000000000000000e+02
4.300000000000000000e+01 3.762675422286882167e+03 2.099843356596638699e+01 1.263654254435245261e-02 6.905362498277870520e-01 0.000000000000000000e+00 1.083086393055155128e+01 1.124397025311071019e+01 6.466884596030611498e-02 3.588340581731011558e-02 3.576346571964121313e-01 2.778401094787469994e+00 1.000000000000000000e+00 1.000000000000000000e+00 2.700000000000000000e+05 2.168993885320912030e-02 3.036221179040570917e+01 9.316434919868845292e+38 6.072871943167837184e+45 2.070000000000000000e+02
4.300000000000000000e+01 1.537356732950646438e+04 2.230451890574669349e+01 4.927368687587755508e-04 6.797129798037518933e-01 0.000000000000000000e+00 1.281179496548038443e+01 1.064422044957475499e+01 2.403591828722964965e-02 4.084850786155714425e-02 5.411843562291611676e-01 2.190078379996124536e+00 1.000000000000000000e+00 1.000000000000000000e+00 3.000000000000000000e+05 2.691502301656203966e-02 5.047589918807322817e+01 1.073783248282229259e+40 7.105091653075503521e+43 2.080000000000000000e+02
4.300000000000000000e+01 1.454311828337729821e+04 2.505223938207623036e+01 -1.756961603909396319e-01 6.228554771299107395e-01 0.000000000000000000e+00 1.472852565415765014e+01 1.149005034887926868e+01 1.991075909104084718e-01 1.785863911062382514e-01 2.631013469096217250e+00 3.079060000000000130e+00 1.000000000000000000e+00 1.000000000000000000e+00 3.200000000000000000e+05 9.730042417755521700e-02 2.136804026389780802e+02 7.547003425342230922e+41 7.297204873944261677e+42 2.090000000000000000e+02
4.300000000000000000e+01 6.662072849625229537e+03 2.596681736940006502e+01 -9.417301891751544973e-02 6.390542149943972960e-01 0.000000000000000000e+00 1.110022863935025761e+01 1.609472209600066250e+01 1.903820001522047722e-01 9.549599020753782308e-02 2.154318405775055734e+00 2.710997377926033902e+00 1.000000000000000000e+00 1.000000000000000000e+00 3.300000000000000000e+05 1.039730876567431378e-01 1.760036255535361533e+02 2.530835736711667557e+41 1.295557441515874452e+44 2.100000000000000000e+02
4.300000000000000000e+01 2.282336154263518620e+04 5.628932174280850376e+01 -4.111347534975334089e-02 6.437398075560286648e-01 0.000000000000000000e+00 3.751740331921290306e+01 2.151189589427371729e+01 1.177528544929803411e-01 2.288781207681808011e-02 2.160324386607545666e+00 1.511355683046345266e+00 1.000000000000000000e+00 1.000000000000000000e+00 3.400000000000000000e+05 9.581080583352480362e-02 2.285664643144748140e+02 8.807625078647349222e+41 7.427094229762596596e+42 2.130000000000000000e+02
4.300000000000000000e+01 1.135742279173591305e+04 2.972036216032588740e+01 -9.258576495846887466e-02 5.774872768833058112e-01 0.000000000000000000e+00 2.067190755749437869e+01 1.035105048236905745e+01 9.684486057450059082e-02 1.669243112281266206e-01 2.273314517968114234e+00 2.723093977577585534e+00 1.000000000000000000e+00 1.000000000000000000e+00 3.700000000000000000e+05 6.392709073443655909e-02 1.708707038581466975e+02 3.107135785344287737e+41 4.522183579252133982e+43 2.120000000000000000e+02
4.300000000000000000e+01 3.847267161605636829e+03 3.291699383410115587e+01 3.399302128912497223e-02 6.997110729860054334e-01 0.000000000000000000e+00 1.645932737893549103e+01 1.808973503360676460e+01 1.556071540898256722e-01 5.023182503864209725e-02 6.242463392646556697e-01 3.037180000000000213e+00 1.000000000000000000e+00 1.000000000000000000e+00 3.700000000000000000e+05 1.084951500908810512e-01 1.701341383732355439e+02 1.279714418410035499e+41 9.851470274570022289e+44 2.140000000000000000e+02
4.300000000000000000e+01 1.278251530345127321e+03 2.966417036892257286e+01 4.998843275552425358e-01 6.857375318367502359e-01 0.000000000000000000e+00 2.104678554663069079e+01 1.023812468566004341e+01 7.005362498277870609e-01 8.955127576893860686e-02 0.000000000000000000e+00 2.196945022048627516e-01 2.000000000000000000e+00 1.000000000000000000e+00 3.800000000000000000e+05 8.600457278595707855e-03 9.572202855131638444e+01 1.085409241917864911e+40 1.763978536726705602e+46 2.180000000000000000e+02
4.300000000000000000e+01 1.025113156524940860e+04 3.642943780630712780e+01 -1.496412926220037909e-01 6.293181581603948249e-01 0.000000000000000000e+00 1.617628624573996277e+01 2.197207522151038006e+01 1.424070455843151617e-01 1.637231551866485946e-01 2.741570204408614764e+00 3.065100000000000158e+00 1.000000000000000000e+00 1.000000000000000000e+00 3.800000000000000000e+05 3.909524323348839703e-02 1.036882633648539951e+02 5.969616756707412679e+40 2.486463460852201072e+44 2.190000000000000000e+02
4.300000000000000000e+01 5.920738278217890183e+03 3.514284607434074559e+01 4.595303450745304441e-01 6.116321563087503410e-01 0.000000000000000000e+00 2.599669638651678838e+01 1.059673392548289428e+01 6.522542149943971745e-01 5.494019865349179799e-02 0.000000000000000000e+00 1.814822787219235067e+00 2.000000000000000000e+00 1.000000000000000000e+00 3.900000000000000000e+05 2.322375172233427307e-02 9.959308411787711179e+01 3.623951895107899736e+40 1.382490852516473041e+45 2.150000000000000000e+02
4.300000000000000000e+01 1.604548384402442389e+04 2.610855506600735865e+01 7.892531370399340218e-02 6.700472691686440996e-01 0.000000000000000000e+00 1.079894302709973530e+01 1.667524391061856193e+01 2.901403210949116129e-02 1.507199633221660562e-01 2.207193188543360662e+00 3.572410240343200649e-01 1.000000000000000000e+00 1.000000000000000000e+00 4.000000000000000000e+05 6.545621581288409152e-02 1.027237041220048752e+02 8.740030615595284758e+40 2.989992310769452416e+43 2.200000000000000000e+02
4.300000000000000000e+01 2.883991039092345090e+04 4.319207817818276851e+01 -1.997354171256120192e-03 5.218854307136332471e-01 0.000000000000000000e+00 1.120428285860510442e+01 3.370090012119299416e+01 1.436271968971442048e-01 4.759579049134665674e-02 2.159053184074339438e+00 1.046273006531923899e+00 1.000000000000000000e+00 1.000000000000000000e+00 4.200000000000000000e+05 4.119714384804711721e-02 1.666990993739945850e+02 4.320121473932988151e+41 7.597707235382235522e+42 2.240000000000000000e+02
4.300000000000000000e+01 9.124890146469149840e+03 3.170301700194919547e+01 -1.383058076675448833e-01 6.014458660127987022e-01 0.000000000000000000e+00 1.210041741214715927e+01 2.104219503921176937e+01 1.432116185737956626e-01 1.666477082535598730e-01 2.783441706927909376e+00 2.576162636772458381e+00 1.000000000000000000e+00 1.000000000000000000e+00 4.500000000000000000e+05 1.004772187089933780e-02 1.974370298096810075e+02 4.052298579020906572e+41 6.274799622263656608e+43 2.160000000000000000e+02
4.300000000000000000e+01 6.945266547914895455e+03 3.588800382236867392e+01 2.823791550699432731e-02 5.684497359846372166e-01 0.000000000000000000e+00 1.096306142978417242e+01 2.651020171684188043e+01 8.220765090500851968e-02 1.960120931817800616e-01 2.802681558734420708e+00 1.194786945625153196e+00 1.000000000000000000e+00 1.000000000000000000e+00 4.500000000000000000e+05 1.932997763316027240e-01 3.252361293562980791e+02 1.412449368428858826e+42 5.109453552802046827e+43 2.210000000000000000e+02
4.300000000000000000e+01 1.788598780319359139e+04 4.543930234641634769e+01 2.267298418630955825e-02 6.686643355029910918e-01 0.000000000000000000e+00 1.853878267981509964e+01 2.919091475684279402e+01 1.017601582579162750e-01 1.872765801866769775e-01 1.403979982634479651e+00 1.429672921630817495e+00 1.000000000000000000e+00 1.000000000000000000e+00 4.500000000000000000e+05 1.796444737061237140e-01 1.151952440536467179e+02 1.060324172194518346e+41 5.158041119232894091e+43 2.250000000000000000e+02
4.300000000000000000e+01 7.746447139264005273e+03 3.899527625150135179e+01 -5.413466820303278193e-02 6.298210038610393413e-01 0.000000000000000000e+00 2.545183914250661061e+01 1.540527808726113790e+01 4.595981122589945511e-02 1.084288319212315527e-01 2.428879972129680986e+00 2.488626722636106070e+00 1.000000000000000000e+00 1.000000000000000000e+00 4.500000000000000000e+05 3.716629595169987366e-02 1.241097302950298200e+02 8.174342795101110289e+40 4.477313247419752239e+44 2.280000000000000000e+02
4.300000000000000000e+01 1.308732071424141577e+04 2.887968568515005785e+01 2.499696035420228071e-02 6.550104365441344889e-01 0.000000000000000000e+00 1.854011015138882357e+01 1.172239212467066238e+01 1.352801294033247892e-01 5.444271886499155860e-02 1.042494931439327699e+00 2.490879592773930007e+00 1.000000000000000000e+00 1.000000000000000000e+00 4.600000000000000000e+05 1.168366489293885119e-01 2.287955327945666397e+02 8.232218349666767561e+41 9.992096844577867058e+42 2.290000000000000000e+02
4.300000000000000000e+01 1.217542368033274761e+04 4.007396258068332884e+01 4.157579106715527661e-01 6.101413882624687757e-01 0.000000000000000000e+00 1.227006745519687669e+01 2.978879766395512974e+01 6.572166456592486161e-02 5.950872768833056492e-01 1.873807065366718927e+00 0.000000000000000000e+00 1.000000000000000000e+00 2.000000000000000000e+00 4.800000000000000000e+05 4.128536632743514123e-01 1.061577775886779449e+02 6.879727314395988285e+40 1.819021740548185229e+44 2.270000000000000000e+02
4.300000000000000000e+01 1.043950119677923340e+03 4.586108292542979825e+01 2.321281244645959779e-02 6.087642845285021753e-01 0.000000000000000000e+00 1.305829430782974576e+01 3.469886543039421412e+01 8.815571592738676021e-02 3.926739898599811845e-02 6.465359726344337143e-02 1.600289879203640631e+00 1.000000000000000000e+00 1.000000000000000000e+00 4.800000000000000000e+05 3.925032146500080643e-02 1.912121453276124328e+02 6.796518755848522517e+40 9.880998278097403916e+45 2.310000000000000000e+02
4.300000000000000000e+01 6.704713997137008619e+02 3.371770377025919174e+01 9.340761879762296549e-02 6.846258786829698684e-01 0.000000000000000000e+00 2.146327081045781426e+01 1.403018721808561153e+01 1.433785516440579388e-01 4.413867462505938893e-02 5.020980892323987366e-01 6.872013473902276182e-02 1.000000000000000000e+00 1.000000000000000000e+00 4.900000000000000000e+05 6.900318311785014203e-02 1.263890230729168707e+02 2.610114178264170226e+40 1.062172232421080016e+45 2.330000000000000000e+02
4.400000000000000000e+01 1.309897797779811981e+03 3.441771030557465139e+01 6.847680823675222732e-03 6.425349519930282360e-01 0.000000000000000000e+00 2.331975179483182359e+01 1.274656342657790375e+01 2.900884122787563205e-02 6.190163231905591174e-02 1.206582898968707074e+00 1.563193222627168311e+00 1.000000000000000000e+00 1.000000000000000000e+00 3.500000000000000000e+05 3.111436801068818633e-02 1.428053836105596019e+02 3.082716539070159493e+40 1.417632892103090082e+46 2.080000000000000000e+02
4.400000000000000000e+01 1.151119083477398817e+03 4.547108375847052031e+01 4.439185744387442178e-01 5.681446563167070751e-01 0.000000000000000000e+00 1.320681398605228374e+01 3.446523953342065028e+01 8.594161285153731344e-02 6.465349519930282396e-01 2.981340000000000323e+00 0.000000000000000000e+00 1.000000000000000000e+00 2.000000000000000000e+00 4.200000000000000000e+05 4.625483174367903474e-03 1.006742426229967862e+02 9.165830020138528508e+39 4.256034932230826214e+46 2.110000000000000000e+02
4.400000000000000000e+01 2.424903419604230294e+04 6.827700728897912086e+01 -4.792740347670285117e-02 6.706761189348625640e-01 0.000000000000000000e+00 3.701593763698190998e+01 3.475437958841376229e+01 6.404519025139802924e-02 1.089924579820594069e-01 2.143807998922149238e+00 2.175798580089246315e+00 1.000000000000000000e+00 1.000000000000000000e+00 4.300000000000000000e+05 8.341487855785596761e-02 6.239070079498622334e+01 1.722043754093632633e+40 1.361284438113594872e+44 2.090000000000000000e+02
4.400000000000000000e+01 1.289450552527096079e+03 2.207730609905057051e+01 -1.737897389144234597e-02 6.809811065595191559e-01 0.000000000000000000e+00 1.132722136490059306e+01 1.191885255812917421e+01 1.581109936021754259e-01 1.732015819993736744e-02 1.814486313317303701e+00 1.434063099179617717e+00 1.000000000000000000e+00 1.000000000000000000e+00 4.300000000000000000e+05 1.447664810096307986e-01 1.330415325104976603e+02 3.667299110530701002e+40 5.814351317022139306e+45 2.120000000000000000e+02
4.400000000000000000e+01 2.028705844020239965e+04 2.952593741544482597e+01 -4.214151339301699245e-02 6.272848421495083038e-01 0.000000000000000000e+00 1.062890944940437699e+01 2.026509232809774730e+01 9.545516912383766872e-02 2.121793742190816734e-01 1.745558798741360551e+00 1.835638098312745603e+00 1.000000000000000000e+00 1.000000000000000000e+00 4.800000000000000000e+05 2.047815133699231183e-01 3.139150635783389589e+02 2.724246705705692032e+42 1.260402776603450719e+42 2.150000000000000000e+02
4.400000000000000000e+01 1.365659669918288500e+03 3.190990372644517947e+01 -2.864989615813285165e-02 6.313381698844393597e-01 0.000000000000000000e+00 2.167453795421909390e+01 1.173135480783052742e+01 9.795929734370242836e-02 4.455076294858781316e-02 1.901495839903578844e+00 2.108447946203885870e+00 1.000000000000000000e+00 1.000000000000000000e+00 4.800000000000000000e+05 9.265141589401888755e-02 1.710634349536185823e+02 5.533885215477959880e+40 9.035913863058800415e+45 2.160000000000000000e+02
4.400000000000000000e+01 1.680288120559306481e+04 3.007863653492222866e+01 2.014105074219499011e-03 6.713275236441957894e-01 0.000000000000000000e+00 1.823604111071430367e+01 1.336487198391496456e+01 7.668025734664660198e-02 8.263241243459910901e-02 1.264418958751701627e+00 1.901024631464287573e+00 1.000000000000000000e+00 1.000000000000000000e+00 4.900000000000000000e+05 7.654259039233009265e-02 7.900302407783443925e+01 3.869324404495671281e+40 5.592848577172884055e+43 2.140000000000000000e+02
4.500000000000000000e+01 6.988888220749526226e+03 6.300122765125738056e+01 -1.276957788812154992e-01 6.554197187197765562e-01 0.000000000000000000e+00 3.595901589293200828e+01 3.036173714402433532e+01 2.516201186878420093e-01 1.531690400839337274e-01 2.924325751303044285e+00 1.491923730423222905e+00 1.000000000000000000e+00 1.000000000000000000e+00 2.600000000000000000e+05 1.243287202610998121e-01 1.410202322452301473e+02 8.584695348236103353e+40 1.091323219905637940e+45 2.040000000000000000e+02
4.500000000000000000e+01 5.656469427850031934e+03 3.085829982378630021e+01 -5.671538211361675658e-02 6.671012193168257554e-01 0.000000000000000000e+00 1.577543726505734512e+01 1.670202283172258362e+01 1.191156050236622660e-01 6.361805309001010433e-02 2.841630140506330005e+00 1.614834105260208874e+00 1.000000000000000000e+00 1.000000000000000000e+00 3.000000000000000000e+05 4.420159287332291881e-02 1.567903103952172295e+01 1.458299530133247408e+38 4.932578333950118820e+45 2.050000000000000000e+02
4.500000000000000000e+01 1.256790183896532653e+03 4.347576730837126746e+01 2.463011588857720244e-02 5.980005164618314994e-01 0.000000000000000000e+00 3.213923294575741352e+01 1.322719064244028253e+01 3.313651696305164318e-02 1.335377839583471934e-02 4.447652786481055553e-01 4.880803231080240723e-01 1.000000000000000000e+00 1.000000000000000000e+00 3.200000000000000000e+05 1.425685409099545879e-02 1.683752397916319410e+02 4.079842285295001459e+40 1.724388571334705411e+46 2.070000000000000000e+02
4.500000000000000000e+01 1.145653956558495565e+03 2.978575086851906661e+01 5.101960550354687172e-03 6.793766284251429033e-01 0.000000000000000000e+00 1.379662205065244684e+01 1.754146114976975923e+01 1.063956252358871576e-02 1.524305702036189702e-02 1.873527973684367076e+00 7.049762840558743138e-01 1.000000000000000000e+00 1.000000000000000000e+00 3.500000000000000000e+05 9.877741286723923028e-03 6.455302909627991426e+01 3.495537423798035738e+39 1.958868955035976128e+46 2.090000000000000000e+02
4.500000000000000000e+01 1.269507098518614384e+03 4.436552650369551998e+01 2.006459054015951107e-02 6.284227542423090895e-01 0.000000000000000000e+00 3.143003168495906507e+01 1.497207313177130672e+01 2.421369859346572673e-02 1.211019477435034547e-01 3.850143892664835144e-01 1.445984478908377557e+00 1.000000000000000000e+00 1.000000000000000000e+00 3.900000000000000000e+05 5.171882709513124510e-02 1.685113674995878057e+02 3.939684501640643193e+40 1.648886413782462495e+46 2.100000000000000000e+02
4.500000000000000000e+01 1.093818783499219080e+03 6.867123284756122814e+01 6.390654499266115174e-01 8.691260659733197613e-01 0.000000000000000000e+00 2.981316636851438417e+01 4.354581967075753823e+01 6.867766284251428655e-01 6.064005164618314625e-01 0.000000000000000000e+00 0.000000000000000000e+00 2.000000000000000000e+00 2.000000000000000000e+00 4.000000000000000000e+05 0.000000000000000000e+00 7.708910053008271746e+01 2.711113782458138415e+39 4.663422744064398172e+46 2.110000000000000000e+02
4.500000000000000000e+01 1.254546025068621748e+04 3.368748841168240915e+01 -7.589046803453201873e-02 6.643712652637735472e-01 0.000000000000000000e+00 1.944084328922852123e+01 1.599179693252428791e+01 1.375037702083759805e-01 7.230882483937875471e-02 2.863909402414455130e+00 1.673203950566407361e+00 1.000000000000000000e+00 1.000000000000000000e+00 4.300000000000000000e+05 5.717575195822122147e-02 8.294724094191637676e+01 3.593237345731714884e+40 1.586424424493083724e+44 2.130000000000000000e+02
4.500000000000000000e+01 1.134857057162061437e+03 5.442544039357836994e+01 5.100543529700747314e-01 5.462462219254889950e-01 0.000000000000000000e+00 4.441657620712812360e+01 1.215054512095866102e+01 6.314227542423090922e-01 6.638957986068672046e-02 0.000000000000000000e+00 0.000000000000000000e+00 2.000000000000000000e+00 1.000000000000000000e+00 4.500000000000000000e+05 0.000000000000000000e+00 1.022931383500282436e+02 8.029684197906998838e+39 6.193395486575468310e+46 2.170000000000000000e+02
4.500000000000000000e+01 1.473399927596779344e+04 4.056665787704289272e+01 2.910925853998965612e-02 6.770134029871871517e-01 0.000000000000000000e+00 1.676188245748015859e+01 2.586207528207621564e+01 9.058709598948616604e-02 3.768509188601331522e-02 9.438417336058922968e-01 1.203553579359191383e+00 1.000000000000000000e+00 1.000000000000000000e+00 4.800000000000000000e+05 4.888651604602307910e-02 1.191450915723707169e+02 1.090916085439595305e+41 6.665476170378807722e+43 2.180000000000000000e+02
4.500000000000000000e+01 8.003514486666752418e+03 2.651193288693616879e+01 2.046958596366532657e-02 6.405999281909318110e-01 0.000000000000000000e+00 1.755247406546714473e+01 1.021481552702762841e+01 8.903149119316303151e-02 7.155980052985959350e-02 7.954250242155306294e-01 2.373009863015103083e+00 1.000000000000000000e+00 1.000000000000000000e+00 4.800000000000000000e+05 6.358283466800143668e-02 1.172811610180748119e+02 8.412894278246970129e+40 2.057777206653802937e+44 2.190000000000000000e+02
4.600000000000000000e+01 1.644385139435968449e+04 2.421777063431903443e+01 -2.360289980554155023e-03 6.724699878097782912e-01 0.000000000000000000e+00 1.450369833411448361e+01 1.094992920135604209e+01 2.298494291152291050e-02 1.178124641846499399e-01 5.395897612959515977e-01 1.842394039556893626e+00 1.000000000000000000e+00 1.000000000000000000e+00 3.700000000000000000e+05 7.979217250830240860e-02 7.509965212988755923e+01 3.563741217498530636e+40 4.185859751596167543e+43 2.050000000000000000e+02
4.600000000000000000e+01 2.984692929066237411e+03 2.255563562548975298e+01 -7.757128214779986097e-02 6.407081348069956217e-01 0.000000000000000000e+00 1.031471311592563289e+01 1.345892738946028544e+01 2.240592925700490845e-01 5.971316988255211122e-03 2.538077256242414315e+00 7.521115351950098393e-01 1.000000000000000000e+00 1.000000000000000000e+00 4.000000000000000000e+05 9.384119961920395214e-02 2.092198244305996297e+02 2.359652669282753318e+41 6.861692275051216098e+44 2.070000000000000000e+02
4.600000000000000000e+01 1.511369764108058553e+04 3.255980340756616442e+01 -7.336932185563199704e-02 6.579374575354822730e-01 0.000000000000000000e+00 1.987809492602301020e+01 1.432600650868363701e+01 1.622614141371473973e-01 1.519210717153744172e-01 2.307477176312477951e+00 1.728853712452431912e+00 1.000000000000000000e+00 1.000000000000000000e+00 4.400000000000000000e+05 1.987129214481806578e-17 1.080450435908617663e+02 9.016703293790498008e+40 5.200809184694203660e+43 2.060000000000000000e+02
4.600000000000000000e+01 6.277535955343549176e+03 2.692935685913460730e+01 -2.116377903616603953e-02 6.739736839426013759e-01 0.000000000000000000e+00 1.564232248436622186e+01 1.266574763658678826e+01 9.272077347782529955e-02 1.109965395989578052e-01 1.706114573416068314e+00 1.861862255466414595e+00 1.000000000000000000e+00 1.000000000000000000e+00 4.400000000000000000e+05 9.187316171615432514e-02 5.805577835529712161e+01 8.559484085295771437e+39 1.334086108300072680e+45 2.130000000000000000e+02
4.600000000000000000e+01 5.838622459119584164e+03 2.847539226847361604e+01 4.617455505696300283e-03 6.711543444721864704e-01 0.000000000000000000e+00 1.842448391669142183e+01 1.150327177241042698e+01 8.482274398678144034e-02 1.023976278178335558e-01 1.904401357964337960e+00 9.863092066950125414e-01 1.000000000000000000e+00 1.000000000000000000e+00 4.500000000000000000e+05 8.014629759738897685e-02 1.451951555440044501e+02 1.235401065620804252e+41 3.400594710527893601e+44 2.160000000000000000e+02
4.600000000000000000e+01 8.058951733320588573e+03 2.893458098451890592e+01 -2.579061906617895542e-02 6.543663610490842997e-01 0.000000000000000000e+00 1.158860648259144455e+01 1.876236454517689722e+01 3.919160401283889456e-03 5.383090761463569379e-02 7.984784248660898864e-01 2.508839660918928072e+00 1.000000000000000000e+00 1.000000000000000000e+00 4.500000000000000000e+05 3.183382322548224813e-02 1.409283419580595762e+02 1.411239059405046481e+41 1.507955985184169033e+44 2.200000000000000000e+02
4.600000000000000000e+01 8.175953010640302637e+03 2.957398263651725046e+01 -1.067451179831037204e-02 6.381408536536602449e-01 0.000000000000000000e+00 2.029008498318589915e+01 1.069313832021069643e+01 1.049206977335944840e-01 6.194561708371551512e-02 1.776948544702734889e+00 1.411556119753574423e+00 1.000000000000000000e+00 1.000000000000000000e+00 4.700000000000000000e+05 8.799504280924903832e-02 1.575963861861674218e+02 1.973727383839765207e+41 1.206689084673162134e+44 2.140000000000000000e+02
4.600000000000000000e+01 9.937644174781642505e+03 2.259047234960244310e+01 -2.912430910495682201e-02 6.783484863882032201e-01 0.000000000000000000e+00 1.106703560432458211e+01 1.266878308751380544e+01 4.331885637708090403e-02 7.489675558705856384e-02 1.010475796218518463e+00 3.065100000000000158e+00 1.000000000000000000e+00 1.000000000000000000e+00 4.700000000000000000e+05 3.144318564874504229e-02 7.138652780539825926e+01 2.331169560178302049e+40 1.758420632576790819e+44 2.170000000000000000e+02
4.600000000000000000e+01 1.112574884929654036e+04 4.810907731047709746e+01 -1.371098299251600691e-02 5.489352242117834235e-01 0.000000000000000000e+00 1.260061797565564667e+01 3.738395613542099483e+01 3.980658936435325229e-02 8.092072259757590591e-02 1.676387758361727487e+00 1.781422645858309339e+00 1.000000000000000000e+00 1.000000000000000000e+00 4.700000000000000000e+05 7.913238761551195932e-02 2.059484949953042872e+02 4.374771895814937198e+41 8.547658284335294451e+43 2.240000000000000000e+02
4.600000000000000000e+01 7.040579219501573789e+03 2.418475991509762935e+01 1.656341181803971593e-02 6.712071530078453918e-01 0.000000000000000000e+00 1.016903603275040524e+01 1.525698032277454885e+01 6.522813137479736845e-02 2.002738485784716707e-02 1.302767756846717750e+00 6.378540879214920079e-01 1.000000000000000000e+00 1.000000000000000000e+00 4.800000000000000000e+05 4.104035189555371721e-02 1.076657224219860183e+02 6.215651422867900518e+40 2.754659141364617771e+44 2.180000000000000000e+02
4.600000000000000000e+01 1.319033630719385428e+03 3.444764235091442117e+01 3.909546588580212756e-01 6.825859570444237079e-01 0.000000000000000000e+00 2.259197944777314504e+01 1.325540022647897409e+01 6.491081348069955848e-01 5.130733547543736561e-02 0.000000000000000000e+00 2.842658780282769193e+00 2.000000000000000000e+00 1.000000000000000000e+00 4.800000000000000000e+05 8.229481799978803983e-03 9.231663303156082634e+01 8.271893169046329333e+39 2.724932264338614931e+46 2.250000000000000000e+02
4.700000000000000000e+01 4.418184446585737533e+03 2.066900117294497718e+01 -4.784222272820110033e-02 6.727854858624000567e-01 0.000000000000000000e+00 1.071976134692430627e+01 1.100588676656110465e+01 2.985481043085886840e-02 1.504773740423679673e-01 1.828449535097303791e+00 2.187521256988214979e+00 1.000000000000000000e+00 1.000000000000000000e+00 3.800000000000000000e+05 1.227559836400651666e-01 6.030102769141616648e+01 8.384141491428228404e+39 2.165652686434347624e+45 2.050000000000000000e+02
4.700000000000000000e+01 7.968756939621372112e+03 2.163899429156819920e+01 -3.611747830081053767e-02 6.615614409565042653e-01 0.000000000000000000e+00 1.234727330754085273e+01 1.033811487814430130e+01 1.216541454805279004e-01 1.510605766250888438e-01 1.056762999864024666e+00 3.072080000000000144e+00 1.000000000000000000e+00 1.000000000000000000e+00 4.600000000000000000e+05 1.125426980371328489e-01 1.985336659007966489e+02 4.439387136584338867e+41 3.575374600714334845e+43 2.070000000000000000e+02
4.700000000000000000e+01 1.277682411500652051e+03 3.194514328393688629e+01 3.850950552324597931e-01 6.957025341632601112e-01 0.000000000000000000e+00 1.317276898371980387e+01 2.071659458708823465e+01 1.577324791476123478e-01 6.807854858624000638e-01 2.102217550402029289e+00 0.000000000000000000e+00 1.000000000000000000e+00 2.000000000000000000e+00 4.900000000000000000e+05 8.113358339744496106e-02 1.391992232270866907e+02 3.125523914842418450e+40 1.050547308512869379e+46 2.100000000000000000e+02
4.700000000000000000e+01 1.503718874877238886e+04 3.032827917696406317e+01 -3.859421916622398675e-03 6.574003976868458832e-01 0.000000000000000000e+00 1.951978076050258082e+01 1.231338729671797161e+01 2.431788288816893410e-03 1.039609335265979373e-01 3.161601873147580344e-01 1.702393259300820194e+00 1.000000000000000000e+00 1.000000000000000000e+00 4.900000000000000000e+05 6.093985249708621516e-02 1.791846311123905764e+02 4.215628634749923440e+41 1.384735362505161186e+43 2.110000000000000000e+02
4.800000000000000000e+01 1.272066001294648458e+03 3.283110560401102163e+01 1.847238514997019687e-02 6.265335456350415999e-01 0.000000000000000000e+00 2.399650345617440550e+01 1.028890372984261781e+01 9.471718471630143424e-03 2.027021421666619083e-01 5.455738098752841436e-01 1.358697464017208478e+00 1.000000000000000000e+00 1.000000000000000000e+00 3.900000000000000000e+05 7.578317935609953093e-02 1.921526016414204889e+02 8.040358349447803688e+40 6.757805863314798349e+45 2.050000000000000000e+02
4.800000000000000000e+01 2.667642066510760287e+03 4.199748842621220035e+01 5.260939641615625106e-02 6.086450602537009091e-01 0.000000000000000000e+00 3.112276789140487310e+01 1.273360111121053961e+01 1.122075858329974196e-01 4.752392388459681510e-02 1.028437967689716404e+00 5.843848036775395327e-01 1.000000000000000000e+00 1.000000000000000000e+00 4.300000000000000000e+05 9.610509933083818956e-02 1.720202868165084169e+02 6.690561754496628590e+40 6.187053452618342325e+45 2.070000000000000000e+02
4.800000000000000000e+01 1.097368048676520448e+04 2.341279248254512169e+01 9.141309562511121256e-04 6.812792116623087590e-01 0.000000000000000000e+00 1.139779146997115689e+01 1.326080123693215107e+01 4.089531122986229256e-02 2.855564077888269464e-02 2.327414024840080309e+00 4.405505272452712173e-01 1.000000000000000000e+00 1.000000000000000000e+00 4.400000000000000000e+05 2.501384458405112379e-02 4.109248318205607120e+01 4.658340001791877177e+39 2.572657787869764024e+44 2.060000000000000000e+02
4.800000000000000000e+01 4.952335298393729317e+03 3.129998429955030659e+01 -5.653422165995328208e-02 6.127007448847249238e-01 0.000000000000000000e+00 2.165802265686543038e+01 1.106951289915134140e+01 6.437249855811687238e-02 4.875921446630492734e-02 2.825512604233232583e+00 2.908230556115734000e+00 1.000000000000000000e+00 1.000000000000000000e+00 4.400000000000000000e+05 2.000975327281141053e-02 1.631779583804363085e+02 1.465083364989500930e+41 6.052526852248351359e+44 2.080000000000000000e+02
4.800000000000000000e+01 6.493357442666111638e+03 2.827210718120903721e+01 -8.363874525265081739e-02 6.543145692065136521e-01 0.000000000000000000e+00 1.830756757435847959e+01 1.139987354561311683e+01 1.896970495642413268e-01 1.093061257897458699e-01 2.533212992585446077e+00 1.273454064160646881e+00 1.000000000000000000e+00 1.000000000000000000e+00 4.500000000000000000e+05 1.084191863226204172e-01 1.795431606250931793e+02 2.535580406289588353e+41 1.502741837593076969e+44 2.100000000000000000e+02
4.800000000000000000e+01 1.444987460838805873e+03 2.426065133106686744e+01 6.021651418611693313e-03 6.664085064268352454e-01 0.000000000000000000e+00 1.513622767916982603e+01 1.034603968347189706e+01 2.361706253109773640e-02 3.457480844739641013e-02 5.620407187403732019e-01 2.000543325234576120e+00 1.000000000000000000e+00 1.000000000000000000e+00 4.600000000000000000e+05 2.036024813129522909e-02 9.638630424275983444e+01 1.241539247371117103e+40 1.603775341860623853e+46 2.110000000000000000e+02
4.800000000000000000e+01 1.192029241981478845e+04 4.317803393705816006e+01 -1.882328442633651733e-01 5.452704488525298432e-01 0.000000000000000000e+00 1.167210561011437875e+01 3.312884089768123630e+01 5.060400557881591932e-02 2.488652279292915825e-01 1.932857792603084102e+00 3.070512531219522057e+00 1.000000000000000000e+00 1.000000000000000000e+00 4.700000000000000000e+05 1.767447903559800013e-02 2.142482864940309355e+02 5.404984748844317173e+41 5.100598677851646826e+43 2.130000000000000000e+02
4.800000000000000000e+01 3.170505534076679760e+04 2.530592513567969704e+01 3.015838920046808730e-02 6.629208832866426704e-01 0.000000000000000000e+00 1.641359523045451141e+01 1.014622465360978509e+01 1.161762905410810981e-01 1.049248669887067886e-01 1.135927389153542633e+00 1.573000998476292267e+00 1.000000000000000000e+00 1.000000000000000000e+00 4.800000000000000000e+05 1.053632131497618113e-01 1.438318285232823541e+02 3.546977507701467157e+41 1.753056948287263599e+42 2.120000000000000000e+02
4.800000000000000000e+01 1.076050133158273457e+04 3.667413481665102637e+01 4.268057963570693336e-01 7.223019807010563342e-01 0.000000000000000000e+00 2.343434216296207495e+01 1.516683616843980964e+01 6.900792116623086780e-01 8.264079725741556304e-02 0.000000000000000000e+00 1.326097036429686904e+00 2.000000000000000000e+00 1.000000000000000000e+00 4.900000000000000000e+05 4.881105979006269274e-02 1.087031425415438548e+02 7.080263559686905121e+40 1.499276035260228065e+44 2.140000000000000000e+02
4.800000000000000000e+01 6.671900772410696845e+03 3.229587430566839856e+01 3.980691985274033978e-02 6.492004861898993395e-01 0.000000000000000000e+00 1.166331178973618599e+01 2.220947827860763013e+01 1.007972951982043508e-01 4.874690916792135537e-02 1.231067660789783025e+00 4.873185949398273209e-01 1.000000000000000000e+00 1.000000000000000000e+00 4.900000000000000000e+05 4.565770999015212467e-02 1.556151457655960826e+02 1.580455504825738211e+41 2.641795676463556691e+44 2.150000000000000000e+02
4.800000000000000000e+01 3.505201410246552769e+03 4.642033521222846559e+01 4.015712989186860926e-01 6.873165876281122078e-01 0.000000000000000000e+00 3.132879353532232614e+01 1.757560523851253009e+01 6.215007448847248428e-01 1.408287339397151089e-02 0.000000000000000000e+00 8.262018048740678022e-01 2.000000000000000000e+00 1.000000000000000000e+00 4.900000000000000000e+05 5.360990523303687215e-03 8.668046798605753622e+01 1.176096550250657542e+40 1.202712625583150316e+46 2.160000000000000000e+02
4.800000000000000000e+01 1.108187074810772856e+03 5.002331515141806051e+01 3.821313072931041832e-01 6.937925680643768356e-01 0.000000000000000000e+00 2.002691211224952994e+01 3.289913638017252850e+01 4.451516278898075968e-02 6.335335456350416061e-01 2.336743429205236033e+00 0.000000000000000000e+00 1.000000000000000000e+00 2.000000000000000000e+00 4.900000000000000000e+05 1.821867904473676442e-02 9.259536854011471974e+01 6.734378389078310962e+39 3.394860062542301610e+46 2.170000000000000000e+02
4.900000000000000000e+01 1.534636960961449222e+04 4.542325026925355758e+01 -4.269898214314873930e-02 6.754466439220734308e-01 0.000000000000000000e+00 2.633159747053034749e+01 2.161240330303709101e+01 3.235078892740162471e-01 2.600140348796801601e-02 1.860473010833514129e+00 8.134015765886242200e-01 1.000000000000000000e+00 1.000000000000000000e+00 2.700000000000000000e+05 2.546846406544987507e-01 4.056209302905978689e+02 4.216461364442593584e+42 2.837931430503386590e+42 2.050000000000000000e+02
4.900000000000000000e+01 2.376259496106329607e+04 5.637387789278346162e+01 4.846592000059561645e-02 6.542260574428092612e-01 0.000000000000000000e+00 2.183860964971709251e+01 3.735824944763043476e+01 2.107847587009968257e-02 9.157528624468090628e-02 1.926630224494117583e+00 4.832164929604214620e-01 1.000000000000000000e+00 1.000000000000000000e+00 2.700000000000000000e+05 6.016423557646052162e-02 1.240530700194448031e+02 1.441152624674138657e+41 2.999251876063920637e+43 2.060000000000000000e+02
4.900000000000000000e+01 1.474805935931379736e+03 2.421724405052483675e+01 -1.385007288433041384e-01 6.531001580246516003e-01 0.000000000000000000e+00 1.396174056347238235e+01 1.155418481795991070e+01 2.913695229091463057e-01 4.226939624169450543e-02 2.705803776846201547e+00 1.250338621119843951e+00 1.000000000000000000e+00 1.000000000000000000e+00 2.800000000000000000e+05 1.229945576544711761e-01 2.259714157876819911e+02 1.587325811894593411e+41 2.619982193982591906e+45 2.070000000000000000e+02
4.900000000000000000e+01 1.238705923511205219e+04 5.600204649255880440e+01 1.295781757974453878e-02 6.678025960095560487e-01 0.000000000000000000e+00 2.423080341502794255e+01 3.466272099129518836e+01 2.646573053593723884e-02 7.618918575115958547e-02 3.093020000000000103e+00 1.010421550696102067e+00 1.000000000000000000e+00 1.000000000000000000e+00 2.900000000000000000e+05 6.453650506856691005e-02 1.442878641381525711e+02 1.512448179333178351e+41 1.409936116021063789e+44 2.120000000000000000e+02
4.900000000000000000e+01 4.637392551163473399e+03 2.388546319767730708e+01 1.893111853755877899e-02 6.860941738880101948e-01 0.000000000000000000e+00 1.129222364083281605e+01 1.386148235181497412e+01 8.145663724145578433e-02 4.148336828901996037e-02 1.428646162348422122e+00 9.254209026268185312e-01 1.000000000000000000e+00 1.000000000000000000e+00 3.000000000000000000e+05 6.379967205306481814e-02 6.199616070998427375e+01 8.790508044461726063e+39 2.319668885202791919e+45 2.110000000000000000e+02
4.900000000000000000e+01 1.032377177062084775e+04 3.871772511224148872e+01 2.361076404455062991e-02 5.467353143632251999e-01 0.000000000000000000e+00 1.123022536947008376e+01 2.916285708411263755e+01 1.189241674137184873e-01 9.307813380596621777e-02 2.512499781015677502e+00 7.239788282057393332e-01 1.000000000000000000e+00 1.000000000000000000e+00 3.100000000000000000e+05 6.424829240545248954e-02 1.679893912364813957e+02 2.484086656598500416e+41 1.190799156182788512e+44 2.080000000000000000e+02
4.900000000000000000e+01 1.482251742463203300e+03 2.149163280981411006e+01 -5.647125915674654391e-03 6.838209113825487462e-01 0.000000000000000000e+00 1.046110360173459597e+01 1.213339266965253849e+01 9.815150162988088567e-02 5.024374312175709789e-02 1.409662662782280806e+00 2.070900744400016702e+00 1.000000000000000000e+00 1.000000000000000000e+00 3.100000000000000000e+05 8.177968085042498780e-02 5.639939577003247706e+01 2.734302375912451409e+39 2.491893724372135375e+46 2.160000000000000000e+02
4.900000000000000000e+01 1.277578777172107766e+04 2.631386293126481846e+01 -2.364386075021655820e-02 6.746544736217067184e-01 0.000000000000000000e+00 1.210246530177679425e+01 1.553289685951284582e+01 8.700443964251891593e-02 6.346730156313003246e-02 1.494913010380302332e+00 2.409490912589630440e+00 1.000000000000000000e+00 1.000000000000000000e+00 3.200000000000000000e+05 6.523892323427275819e-02 9.126862733145546258e+01 5.342984939615504264e+40 7.480840621587721042e+43 2.130000000000000000e+02
4.900000000000000000e+01 7.743808640281859880e+03 3.940840821803395500e+01 3.470595732617284823e-02 6.259616198518909158e-01 0.000000000000000000e+00 2.713530867635261501e+01 1.408728279828515184e+01 8.636816080268706897e-02 6.696657940478897841e-02 5.449561729992478121e-01 2.224214693775302898e+00 1.000000000000000000e+00 1.000000000000000000e+00 3.200000000000000000e+05 5.326875117665365311e-02 1.359979923033057787e+02 1.069877581056300784e+41 3.750376721466339297e+44 2.150000000000000000e+02
4.900000000000000000e+01 4.636931202830094662e+03 3.541747812339121282e+01 4.262216983670977788e-01 6.837797231622458893e-01 0.000000000000000000e+00 1.357305200972785997e+01 2.389095748603170932e+01 7.319811581346134799e-02 6.850941738880101939e-01 1.984701139420988358e+00 0.000000000000000000e+00 1.000000000000000000e+00 2.000000000000000000e+00 3.200000000000000000e+05 3.519151281429054590e-02 1.066968848634233353e+02 3.604454854247893703e+40 2.034606754035554136e+45 2.190000000000000000e+02
4.900000000000000000e+01 3.447810357172586464e+03 2.075391778406526555e+01 -4.940408688723203073e-02 6.716845540400914194e-01 0.000000000000000000e+00 1.047256989548706407e+01 1.132857244077236736e+01 6.725438234165717621e-02 7.908921172644217679e-02 1.837087494050034131e+00 3.044160000000000199e+00 1.000000000000000000e+00 1.000000000000000000e+00 3.300000000000000000e+05 5.931205077678331633e-02 1.041898352551715021e+02 3.513327517939624353e+40 1.853266669612645384e+45 2.170000000000000000e+02
4.900000000000000000e+01 1.253366674467766461e+04 5.051533096080861185e+01 -5.721818189930039100e-02 5.438875766071950002e-01 0.000000000000000000e+00 3.869721069930442070e+01 1.380969565666379850e+01 1.180500045653070512e-01 1.068135242322544726e-01 2.098845863364356745e+00 2.067307076947378253e+00 1.000000000000000000e+00 1.000000000000000000e+00 3.400000000000000000e+05 8.837648322774321885e-02 2.124220852150677104e+02 5.088910773395167907e+41 6.177242207904157923e+43 2.140000000000000000e+02
4.900000000000000000e+01 1.033877505450116587e+04 5.416710553451967769e+01 3.867864726256260433e-01 6.523503274947943797e-01 0.000000000000000000e+00 3.874444956144360219e+01 1.811492361257070982e+01 5.545353143632251181e-01 4.162648530133779973e-02 0.000000000000000000e+00 8.329188649687195856e-01 2.000000000000000000e+00 1.000000000000000000e+00 3.500000000000000000e+05 5.842720953831551794e-02 9.793368276170276943e+01 4.235900115716475241e+40 5.592307055022480163e+44 2.210000000000000000e+02
4.900000000000000000e+01 1.604669494612273229e+04 5.618956666137121658e+01 -8.426966048177010268e-03 6.511659896661077251e-01 0.000000000000000000e+00 3.785128843960868039e+01 2.107481221815825734e+01 3.882043457250425322e-02 8.114159713034191368e-02 2.455169761559813146e+00 1.187171948177732528e+00 1.000000000000000000e+00 1.000000000000000000e+00 3.600000000000000000e+05 3.861951308808105748e-02 1.550095404799333210e+02 2.217416628058827711e+41 5.758950140021132117e+43 2.250000000000000000e+02
4.900000000000000000e+01 8.351872655991286592e+03 2.645259766393139245e+01 1.315623165864992714e-02 6.900028427288142918e-01 0.000000000000000000e+00 1.390381267418277211e+01 1.393256704776120714e+01 4.282376535722558220e-02 2.602337185067867334e-02 6.241283366753719308e-01 1.899196374101081108e+00 1.000000000000000000e+00 1.000000000000000000e+00 3.600000000000000000e+05 2.496676872874885669e-02 9.792827608995580135e+00 5.043027120394197008e+37 1.093529289063356160e+45 2.260000000000000000e+02
4.900000000000000000e+01 1.418363234497049916e+03 2.159503466767942470e+01 -2.102641165751802099e-02 6.668655478961613703e-01 0.000000000000000000e+00 1.019529002347177382e+01 1.257156197299486244e+01 1.207144116030612890e-01 4.035406623591190206e-02 2.488871780799545519e+00 1.810724615359217138e-01 1.000000000000000000e+00 1.000000000000000000e+00 3.600000000000000000e+05 5.771072181231542281e-02 4.104583411093968692e+01 1.065167633672181554e+39 2.925599664489890187e+46 2.270000000000000000e+02
4.900000000000000000e+01 6.510698769297898252e+03 3.815408144164990745e+01 -1.959069610152637878e-02 6.076286641333104033e-01 0.000000000000000000e+00 2.747093892066034115e+01 1.238063150049583250e+01 1.877865167390383172e-01 9.022304425834362651e-02 1.703301717252904579e+00 1.659691385293712296e+00 1.000000000000000000e+00 1.000000000000000000e+00 3.800000000000000000e+05 1.741351698622684296e-01 2.735005270870625509e+02 7.754386446073153482e+41 1.003500404688096045e+44 2.200000000000000000e+02
4.900000000000000000e+01 1.220657050535090775e+03 3.062434595791176761e+01 4.429166148041485118e-01 6.482597176113695792e-01 0.000000000000000000e+00 1.079353588898691996e+01 2.152131173684124832e+01 6.693551284609619567e-02 6.932209113825487101e-01 2.566461422496554956e+00 0.000000000000000000e+00 1.000000000000000000e+00 2.000000000000000000e+00 3.800000000000000000e+05 1.660666986941002413e-02 9.672057032179134239e+01 1.117406358644540087e+40 1.843268152617483025e+46 2.330000000000000000e+02
4.900000000000000000e+01 8.364515745913191495e+03 3.727002947611936179e+01 4.708380038755275443e-01 6.427872770968647842e-01 0.000000000000000000e+00 2.646476865797081146e+01 1.232705742242031022e+01 6.988028427288142108e-01 3.214861169619933484e-02 0.000000000000000000e+00 2.186854010836067452e+00 2.000000000000000000e+00 1.000000000000000000e+00 3.900000000000000000e+05 7.543774519471052598e-02 9.876394846439659148e+01 4.446097273626318943e+40 5.068543276151380229e+44 2.350000000000000000e+02
4.900000000000000000e+01 1.262846778565788100e+03 5.351682267270748383e+01 6.826195606656961790e-01 8.696050265313673977e-01 0.000000000000000000e+00 2.161491124139563169e+01 3.548270627463433158e+01 6.708655478961613738e-01 6.897797231622458947e-01 0.000000000000000000e+00 0.000000000000000000e+00 2.000000000000000000e+00 3.000000000000000000e+00 4.100000000000000000e+05 0.000000000000000000e+00 8.097609041352399117e+01 3.400650429782974289e+39 4.290845743007928674e+46 2.420000000000000000e+02
4.900000000000000000e+01 6.017619973791219309e+03 4.833632244068164852e+01 5.060390099165584799e-01 4.947730215220073058e-01 0.000000000000000000e+00 3.949915187213478873e+01 1.040575089986369228e+01 6.509616198518907160e-01 1.225864382307998018e-01 0.000000000000000000e+00 1.938549076751299172e+00 2.000000000000000000e+00 1.000000000000000000e+00 4.300000000000000000e+05 2.059962815607092323e-01 1.064703182512690489e+02 3.772163823909096423e+40 3.322045287818412390e+45 2.360000000000000000e+02
4.900000000000000000e+01 1.096693099512926528e+04 6.842397875299799637e+01 5.358159728835903968e-01 4.338944867301013919e-01 0.000000000000000000e+00 5.618266371994157282e+01 1.419844787996539637e+01 7.016025960095557679e-01 1.212446689128472976e-01 0.000000000000000000e+00 3.009895956775010539e+00 2.000000000000000000e+00 1.000000000000000000e+00 4.400000000000000000e+05 3.890597165578614236e-01 9.386898267387749684e+01 3.484660470166619334e+40 1.834393798972212110e+45 2.320000000000000000e+02
4.900000000000000000e+01 1.040938283874133595e+04 1.985013290193336744e+01 -4.919275481263109956e-02 6.708820208963345300e-01 0.000000000000000000e+00 1.022895369185331482e+01 1.064340402865357049e+01 5.854313395189410935e-02 6.954980938644418631e-02 2.887136379448363765e+00 2.219488338222610491e+00 1.000000000000000000e+00 1.000000000000000000e+00 4.400000000000000000e+05 4.639319292838784553e-02 8.096073205981701904e+01 3.683784814324266886e+40 9.866344195185084887e+43 2.370000000000000000e+02
4.900000000000000000e+01 1.692109291405600743e+04 2.157527801787529498e+01 -3.601651575116847359e-03 6.867356606541453745e-01 0.000000000000000000e+00 1.163633642629016585e+01 1.112930800355149863e+01 9.515324749339054700e-02 8.641998222327308687e-02 2.754338031945764431e+00 1.966914477104991232e-01 1.000000000000000000e+00 1.000000000000000000e+00 4.400000000000000000e+05 3.593441079545345307e-02 5.976605545806800990e+01 1.906411452848771686e+40 4.037156792168599143e+43 2.410000000000000000e+02
4.900000000000000000e+01 1.103429649912036439e+03 7.889820131890922994e+01 7.967720943230396369e-01 8.741178442198102028e-01 0.000000000000000000e+00 3.067369086689680557e+01 5.356608080483279366e+01 6.566597176113695422e-01 8.770050265313673599e-01 0.000000000000000000e+00 0.000000000000000000e+00 3.000000000000000000e+00 4.000000000000000000e+00 4.600000000000000000e+05 0.000000000000000000e+00 7.887200904883383146e+01 2.279588873168931051e+39 6.158815208412500974e+46 2.450000000000000000e+02
4.900000000000000000e+01 1.287108432222642932e+03 3.289453951236602336e+01 -4.371048628180630724e-02 6.626791223611675496e-01 0.000000000000000000e+00 1.487951644835252196e+01 1.967161731482172371e+01 4.285598404216406365e-02 4.532663472677686545e-02 2.960400000000000365e+00 3.002280000000000282e+00 1.000000000000000000e+00 1.000000000000000000e+00 4.600000000000000000e+05 6.294168016379940965e-03 7.978160573789853061e+01 5.697131008030006735e+39 2.993181642636418801e+46 2.460000000000000000e+02
5.000000000000000000e+01 5.885134780901234990e+03 4.302561770286397547e+01 -4.657625751612971821e-02 6.710782891891196034e-01 0.000000000000000000e+00 2.528523817327235435e+01 2.002775740648248259e+01 1.129853906249718987e-01 1.587333056631687334e-02 2.527715776430194961e+00 7.855978591023188295e-01 1.000000000000000000e+00 1.000000000000000000e+00 3.200000000000000000e+05 6.508419725293443370e-02 1.016190809484039619e+02 3.435828240538560274e+40 1.683390975684583420e+45 2.040000000000000000e+02
5.000000000000000000e+01 1.680554828888247721e+04 2.692998336427774575e+01 -1.022599899914705540e-01 6.565733816173903170e-01 0.000000000000000000e+00 1.399085768195817536e+01 1.420024764638410275e+01 1.141183732070573109e-01 2.913590839033805002e-01 6.733155006516051699e-01 3.086040000000000116e+00 1.000000000000000000e+00 1.000000000000000000e+00 3.800000000000000000e+05 6.996413339828388978e-02 9.793657094856094147e+01 7.688778797947651774e+40 3.171672175616657477e+43 2.080000000000000000e+02
5.000000000000000000e+01 5.750336258336669744e+03 3.018966014649934948e+01 -1.128011472739007814e-01 5.993803482381757641e-01 0.000000000000000000e+00 1.013120678532861696e+01 2.137817253494837644e+01 3.467739713745709995e-02 1.984490238566376796e-01 2.933311292560115024e+00 2.429148005025789203e+00 1.000000000000000000e+00 1.000000000000000000e+00 3.800000000000000000e+05 1.297232989305695527e-01 2.902051747379805420e+02 9.470696246346686080e+41 7.928897835565416242e+43 2.100000000000000000e+02
5.000000000000000000e+01 5.982715649391388979e+03 2.470064937673893013e+01 -2.087403812616075993e-02 6.773698988014927869e-01 0.000000000000000000e+00 1.190967963254736439e+01 1.405695806992687835e+01 6.407202937187723990e-02 4.892514232105164146e-02 1.719564319053514145e+00 2.244231580993659492e+00 1.000000000000000000e+00 1.000000000000000000e+00 3.900000000000000000e+05 3.426382053306718106e-02 5.808410488499657731e+01 8.622762141368811364e+39 1.283461204662500732e+45 2.060000000000000000e+02
5.000000000000000000e+01 1.525442494837218874e+04 3.641971703008672279e+01 4.350869629724152948e-02 6.880120083911889228e-01 0.000000000000000000e+00 1.689973486036260653e+01 2.145228058288808626e+01 1.517229607392736948e-02 8.649731845313815559e-02 1.180510742185877371e+00 5.610557872897898868e-01 1.000000000000000000e+00 1.000000000000000000e+00 3.900000000000000000e+05 4.602352978044712412e-02 8.804980726097090837e+01 4.695378889003955439e+40 8.643250000594354654e+43 2.070000000000000000e+02
5.000000000000000000e+01 3.447068180680100340e+03 5.295768277945612112e+01 5.089286928746947769e-01 4.613390791180946304e-01 0.000000000000000000e+00 1.201559397860290979e+01 4.309494474065576242e+01 1.351018502969452972e-01 6.862782891891194836e-01 2.796803026264176761e+00 0.000000000000000000e+00 1.000000000000000000e+00 2.000000000000000000e+00 4.000000000000000000e+05 1.674719926366099176e-01 9.774530864170803568e+01 1.457601989371653166e+40 2.911226527591553253e+46 2.090000000000000000e+02
5.000000000000000000e+01 1.320573291160361623e+04 2.512924471668434023e+01 1.965597239470065222e-03 6.713975938618438333e-01 0.000000000000000000e+00 1.546466927415802672e+01 1.094761181861316679e+01 3.813008486149120201e-03 6.909756024318176783e-04 6.629513214569532353e-01 7.683375540435961604e-01 1.000000000000000000e+00 1.000000000000000000e+00 4.000000000000000000e+05 2.346699674572218664e-03 9.307603337398096244e+01 5.885156956192434225e+40 6.010626166489597115e+43 2.120000000000000000e+02
5.000000000000000000e+01 1.748430632654617875e+04 3.533416125300412602e+01 -9.658127511700799472e-02 6.459620065591106242e-01 0.000000000000000000e+00 1.578074413563989964e+01 2.127337941166648960e+01 1.024371481515348875e-01 1.129010006925597470e-01 2.560164505202274565e+00 2.758658946856481275e+00 1.000000000000000000e+00 1.000000000000000000e+00 4.100000000000000000e+05 4.218470236051240913e-02 9.033190245752054182e+01 5.564911335382178449e+40 5.845208856823252312e+43 2.110000000000000000e+02
5.000000000000000000e+01 9.650213736836854878e+03 3.273276922997589367e+01 2.949958197970535892e-02 6.947046622959480722e-01 0.000000000000000000e+00 1.731397244446774408e+01 1.714612769294255656e+01 6.228940551758755523e-02 1.927945510763586293e-02 4.371634351740956159e-01 1.451001921717161913e+00 1.000000000000000000e+00 1.000000000000000000e+00 4.300000000000000000e+05 2.637155083765294755e-02 1.080584902807166081e+01 6.799413455241595523e+37 1.062442920131584632e+45 2.160000000000000000e+02
5.000000000000000000e+01 1.022062842401017770e+04 4.333388603704938191e+01 -5.203857749052641368e-02 5.912655800179125176e-01 0.000000000000000000e+00 3.246715706692140913e+01 1.272547444449697984e+01 9.348580832255029560e-02 5.477715737268176038e-02 2.683410769561620057e+00 1.010578406145685948e+00 1.000000000000000000e+00 1.000000000000000000e+00 4.500000000000000000e+05 1.836951468662830628e-02 1.903412742919749121e+02 3.415304313842782906e+41 9.508906045004528327e+43 2.170000000000000000e+02
5.000000000000000000e+01 2.315149926901652361e+04 4.084226866834490721e+01 -6.233737379233648956e-02 6.448472297100580342e-01 0.000000000000000000e+00 2.737746064277498093e+01 1.544791167785205133e+01 1.709247967771358734e-01 1.417214885823021298e-01 2.208983324862606068e+00 1.516808820387361756e+00 1.000000000000000000e+00 1.000000000000000000e+00 4.500000000000000000e+05 1.058600579788357698e-01 1.854117585619272006e+02 5.359422715761115393e+41 6.539579972318949194e+42 2.180000000000000000e+02
5.000000000000000000e+01 1.826887621084335478e+04 2.834305865639550603e+01 -1.740824975107338815e-03 6.703132763889456669e-01 0.000000000000000000e+00 1.219698391380159741e+01 1.758117866524161954e+01 3.618323502773354572e-02 5.347792962934708877e-02 1.350061891191452812e+00 1.729367435665559061e+00 1.000000000000000000e+00 1.000000000000000000e+00 4.500000000000000000e+05 5.280699145159455793e-02 1.128822827436448222e+02 1.211646010282847374e+41 1.957943782759131926e+43 2.190000000000000000e+02
5.000000000000000000e+01 1.475519520007614301e+04 3.652104970276938900e+01 -9.391114233154954083e-02 6.381525544003139316e-01 0.000000000000000000e+00 2.272603083146174896e+01 1.556494383134397275e+01 1.036789265212769845e-01 1.515108009713600212e-01 2.624180660384657582e+00 2.286946460125583336e+00 1.000000000000000000e+00 1.000000000000000000e+00 4.500000000000000000e+05 5.827984075337323128e-02 1.211247724458507946e+02 1.196600961375658926e+41 5.836245563761295575e+43 2.200000000000000000e+02
5.000000000000000000e+01 1.339332434514141141e+03 2.451991969340397404e+01 3.559891719434504082e-02 6.893313788142603205e-01 0.000000000000000000e+00 1.502988981358238085e+01 1.077587470328560926e+01 2.220263846871258287e-02 7.946185859031788812e-02 1.246406167899549500e+00 3.218770064163055666e-01 1.000000000000000000e+00 1.000000000000000000e+00 4.500000000000000000e+05 2.104466602742228673e-02 1.000843340333205020e+02 1.423312903727952190e+40 1.241074758287021496e+46 2.220000000000000000e+02
5.000000000000000000e+01 1.412320698253167393e+04 2.456029991192340489e+01 -7.250677448379945489e-02 6.453830435808143307e-01 0.000000000000000000e+00 1.110130136432352366e+01 1.469306553593850673e+01 1.343165741346394326e-01 5.038807925276853755e-02 3.093020000000000103e+00 2.111257585076153909e+00 1.000000000000000000e+00 1.000000000000000000e+00 4.600000000000000000e+05 4.320633890824041035e-02 6.884789689210407460e+01 2.500351562269958026e+40 8.425004029614651250e+43 2.240000000000000000e+02
5.000000000000000000e+01 1.421483150788138801e+03 2.517999551972955885e+01 -2.835012806316977718e-02 6.495713912353259234e-01 0.000000000000000000e+00 1.012595584311072550e+01 1.624515394344611963e+01 1.626210415913815210e-01 2.292310956797162860e-02 1.802718801786054037e+00 3.009260000000000268e+00 1.000000000000000000e+00 1.000000000000000000e+00 4.600000000000000000e+05 9.232079331024185820e-02 1.333899099010311318e+02 3.208163055887802463e+40 9.671588684551796522e+45 2.250000000000000000e+02
5.000000000000000000e+01 6.945646664133410923e+03 3.235245654273415283e+01 -1.035781112196468151e-01 6.545426677464183385e-01 0.000000000000000000e+00 1.572293588457935698e+01 1.818601621627098908e+01 2.065545909950251557e-01 1.298047351919760783e-01 2.023458670178581720e+00 2.659727760713907596e+00 1.000000000000000000e+00 1.000000000000000000e+00 4.700000000000000000e+05 7.214428482457724105e-03 1.695983417509382321e+02 2.105473845596774861e+41 1.860586176611291413e+44 2.140000000000000000e+02
5.000000000000000000e+01 8.861909325911656197e+03 2.732656970883035541e+01 6.134469866039294478e-02 6.948073108602170755e-01 0.000000000000000000e+00 1.160435287999908027e+01 1.720482770021425978e+01 2.477039599840043793e-01 4.966749615475149482e-02 1.227750042245610462e+00 3.576453173106168837e-01 1.000000000000000000e+00 1.000000000000000000e+00 4.900000000000000000e+05 1.326591816226533882e-01 1.982157010990842423e+02 4.287772561331758571e+41 3.774037129581838666e+43 2.210000000000000000e+02
5.000000000000000000e+01 3.906655723858144484e+03 3.593356397112282963e+01 4.022569598501382071e-01 6.415569177551082580e-01 0.000000000000000000e+00 1.324357959983404065e+01 2.475183267738865567e+01 1.377190290891368019e-01 6.877698988014927517e-01 2.836468007095750199e+00 0.000000000000000000e+00 1.000000000000000000e+00 2.000000000000000000e+00 4.900000000000000000e+05 2.030030692784682428e-02 1.138533864487049527e+02 3.675783866710340879e+40 3.468064951067761057e+45 2.280000000000000000e+02
5.100000000000000000e+01 1.993110529209896413e+04 2.890127402893799058e+01 -2.946402161119195985e-03 6.754926193307296822e-01 0.000000000000000000e+00 1.716382754675431599e+01 1.322557906039996922e+01 9.842920552712013105e-03 5.410233098112710026e-02 1.070988045104941166e+00 1.811403142621238027e+00 1.000000000000000000e+00 1.000000000000000000e+00 4.100000000000000000e+05 2.010674757648111405e-02 8.275471704779495496e+01 4.980657894561579914e+40 2.823165542208584298e+43 2.050000000000000000e+02
5.100000000000000000e+01 4.823567565314629064e+03 2.891041469559261401e+01 9.454067282219261875e-03 6.470030542952992514e-01 0.000000000000000000e+00 1.170821587424896215e+01 1.869137668728549073e+01 8.661412971787867121e-02 5.900658813776665096e-02 2.429785130270422755e+00 2.950456990222488640e-01 1.000000000000000000e+00 1.000000000000000000e+00 4.400000000000000000e+05 3.318736427836887354e-02 1.069851052849005129e+02 4.217125092874285012e+40 1.337293847619870194e+45 2.070000000000000000e+02
5.200000000000000000e+01 1.267347585495029307e+03 4.413258561483663556e+01 3.839576269487007809e-02 5.681259188343822375e-01 0.000000000000000000e+00 3.470136122742514573e+01 1.114337069481043940e+01 3.499204562762129461e-02 9.165127773864222005e-02 3.727352469017347625e-01 9.068596964148172290e-01 1.000000000000000000e+00 1.000000000000000000e+00 1.700000000000000000e+05 2.000883327016907132e-02 1.715779135679713363e+02 4.195151220107246511e+40 1.913343602109252044e+46 2.060000000000000000e+02
5.200000000000000000e+01 1.101958680420089422e+03 5.479160667010635422e+01 4.450775915154940310e-01 5.054311935547276535e-01 0.000000000000000000e+00 4.420369630642272085e+01 1.231831842271947153e+01 5.765259188343822006e-01 2.799231327157665830e-02 0.000000000000000000e+00 2.826990938009949161e+00 2.000000000000000000e+00 1.000000000000000000e+00 2.500000000000000000e+05 2.053780705795548150e-03 1.046459482085370212e+02 8.879665973374386794e+39 6.507366779054532459e+46 2.080000000000000000e+02
5.200000000000000000e+01 2.583109572237412067e+04 4.249100809154622738e+01 -3.459207479068998614e-02 4.832173203406187612e-01 0.000000000000000000e+00 3.308512813033953393e+01 1.100189773284299655e+01 1.236347706248140665e-02 1.843121202638278444e-01 9.242861101014793190e-01 2.633350156812674925e+00 1.000000000000000000e+00 1.000000000000000000e+00 3.600000000000000000e+05 2.407757842776420479e-02 1.690080789987875676e+02 4.256837612260340881e+41 1.152761705948783518e+43 2.110000000000000000e+02
5.200000000000000000e+01 1.121955586242916297e+03 3.503423500357003917e+01 7.446190567396797355e-02 6.715055138523661205e-01 0.000000000000000000e+00 1.445782630441707006e+01 2.238995199969437522e+01 4.958292078546582861e-03 1.416036957585805889e-01 2.652793973293897878e+00 4.835194016167732034e-01 1.000000000000000000e+00 1.000000000000000000e+00 3.600000000000000000e+05 6.583127503908335620e-02 1.197945783651556013e+02 1.991171318698315859e+40 1.314783594107596832e+46 2.120000000000000000e+02
5.200000000000000000e+01 8.364504423540192874e+03 2.645440547802115105e+01 -7.181498555530747840e-02 6.349335919179039944e-01 0.000000000000000000e+00 1.027298850888607973e+01 1.740978363556053665e+01 1.141400495597361259e-01 8.952446806272668089e-02 1.947964233687743185e+00 3.086040000000000116e+00 1.000000000000000000e+00 1.000000000000000000e+00 3.800000000000000000e+05 4.630072031521802189e-02 1.488703930063680332e+02 1.773422713327463918e+41 1.048485874363285320e+44 2.140000000000000000e+02
5.200000000000000000e+01 8.536175799691445718e+03 4.421750512211839634e+01 -7.009376287226216917e-02 6.082944441077412501e-01 0.000000000000000000e+00 1.454287362658362248e+01 3.162023548472007306e+01 1.984386857063025460e-03 1.277411944441268488e-01 1.033894040696249128e+00 2.506031764430360909e+00 1.000000000000000000e+00 1.000000000000000000e+00 3.800000000000000000e+05 7.583087458034036554e-02 2.326113882800767669e+02 5.440874972477399754e+41 9.357889282034063163e+43 2.190000000000000000e+02
5.200000000000000000e+01 2.192662381922572604e+04 4.803071417973020374e+01 -8.162548199342362087e-02 6.033422340362022407e-01 0.000000000000000000e+00 3.482430979855850239e+01 1.536476558019351124e+01 1.251989485011993364e-01 2.678956906578790556e-02 2.913542587476841916e+00 1.196807756743412554e+00 1.000000000000000000e+00 1.000000000000000000e+00 4.100000000000000000e+05 1.036460991566704078e-02 1.935840682783654074e+02 5.557049626764970461e+41 1.085753662260833408e+43 2.150000000000000000e+02
5.200000000000000000e+01 5.605879015200333924e+03 3.316509179766706694e+01 -6.438073700113559894e-03 5.394572653740685730e-01 0.000000000000000000e+00 1.019785006881531686e+01 2.445788025386872988e+01 1.806572360492519347e-01 1.019011138956573692e-01 2.714457630192384840e+00 9.480458886879344904e-01 1.000000000000000000e+00 1.000000000000000000e+00 4.300000000000000000e+05 8.277195951956528575e-02 1.699968920331240270e+02 1.778060247408559662e+41 5.444535555117989549e+44 2.230000000000000000e+02
5.200000000000000000e+01 1.737394930431603643e+04 3.492338908006291121e+01 -1.398001295399430299e-01 6.400995404173872583e-01 0.000000000000000000e+00 2.084956414372886613e+01 1.575488416533298164e+01 1.875327814717121788e-01 8.424318643300586495e-02 3.085315518181021677e+00 2.724615162741379937e+00 1.000000000000000000e+00 1.000000000000000000e+00 4.300000000000000000e+05 2.477617016758014781e-02 1.044177001719291269e+02 8.602020730617507844e+40 4.464983350461683696e+43 2.260000000000000000e+02
5.200000000000000000e+01 3.047791578061595283e+04 4.701523662841630369e+01 -1.223058508780311970e-01 5.678817340703632421e-01 0.000000000000000000e+00 3.601210515492381603e+01 1.295201843137426323e+01 1.749283094409062322e-01 4.141313133687452019e-02 3.044160000000000199e+00 1.019265889951084025e+00 1.000000000000000000e+00 1.000000000000000000e+00 4.400000000000000000e+05 1.294248640325704365e-02 2.048100858512515288e+02 8.009417379799417989e+41 3.762565068956930316e+42 2.130000000000000000e+02
5.200000000000000000e+01 7.286329347848338330e+03 5.373525871268074638e+01 4.890256199206867160e-01 5.093961063733954964e-01 0.000000000000000000e+00 1.148769201732367407e+01 4.427856740246976130e+01 5.396191593681904514e-02 6.122944441077412536e-01 1.310387193918882476e+00 0.000000000000000000e+00 1.000000000000000000e+00 2.000000000000000000e+00 4.500000000000000000e+05 1.143134100502842497e-02 1.025408784326232592e+02 3.738573340835482587e+40 2.355326839704575945e+45 2.270000000000000000e+02
5.200000000000000000e+01 1.894553393811582646e+04 3.716841760200485112e+01 -8.097650217844396675e-03 6.835170875699070336e-01 0.000000000000000000e+00 1.967206908034789592e+01 1.941959748311335687e+01 3.343867093597990836e-02 9.912402687504161258e-02 5.023407628186149498e-01 2.053252084105893438e+00 1.000000000000000000e+00 1.000000000000000000e+00 4.600000000000000000e+05 3.282455775865122938e-02 6.161408367267087272e+01 1.815305643257815551e+40 8.286413677739900962e+43 2.200000000000000000e+02
5.200000000000000000e+01 2.035442211991921067e+04 2.064756515467741593e+01 -5.940053353885932363e-02 6.689690056259753881e-01 0.000000000000000000e+00 1.133913476551176025e+01 1.036021375345202777e+01 1.591005049152816042e-01 7.346415715295991078e-02 2.111176280167671671e+00 2.064726257059688042e+00 1.000000000000000000e+00 1.000000000000000000e+00 4.600000000000000000e+05 5.887898539862542607e-02 1.296263897640141352e+02 2.192374419640670921e+41 5.539723874087815736e+42 2.210000000000000000e+02
5.200000000000000000e+01 1.428746734455569458e+04 3.635740672239892746e+01 -4.605716389647682152e-02 6.669622587380980017e-01 0.000000000000000000e+00 1.739508532898171111e+01 2.080847431641455714e+01 6.274309844722644747e-02 3.746468429275128659e-02 2.692402823551058422e+00 3.051140000000000185e+00 1.000000000000000000e+00 1.000000000000000000e+00 4.600000000000000000e+05 1.442779573800545556e-02 4.910086647154823680e+01 7.830148867591015271e+39 2.511572373698688973e+44 2.280000000000000000e+02
5.200000000000000000e+01 2.321542616747370630e+04 6.037986175262962263e+01 2.850157495566290056e-01 6.087999809380765237e-01 0.000000000000000000e+00 2.105869406066771177e+01 4.258884988508739156e+01 1.924346355431033606e-01 5.002173203406188318e-01 2.466345413499358319e+00 0.000000000000000000e+00 1.000000000000000000e+00 2.000000000000000000e+00 4.700000000000000000e+05 4.746650345275430505e-01 1.039601140699141837e+02 8.145783550241754776e+40 6.235468303871586944e+43 2.240000000000000000e+02
5.200000000000000000e+01 1.514031236241034094e+04 3.292791975660183823e+01 2.783353112854424979e-02 6.403979395293963872e-01 0.000000000000000000e+00 1.192379617182049856e+01 2.259497953882005916e+01 1.007019194614541813e-01 1.136778140114287627e-01 1.582404080727183082e+00 1.181560218672929263e+00 1.000000000000000000e+00 1.000000000000000000e+00 4.800000000000000000e+05 1.126929971637452566e-01 1.793664017075975323e+02 4.111492534041653244e+41 1.680774942249622511e+43 2.290000000000000000e+02
5.300000000000000000e+01 1.697775905450679420e+04 3.890769322009121822e+01 -1.680644715716305554e-02 5.562002764006117594e-01 0.000000000000000000e+00 1.184300415925115146e+01 2.878467429302033409e+01 1.010827095441878265e-01 1.811204842910696042e-02 3.035913175147741505e+00 2.298568690905335998e-01 1.000000000000000000e+00 1.000000000000000000e+00 2.400000000000000000e+05 1.571500531609657664e-02 1.625209777549366379e+02 3.067747728645129761e+41 2.838760116842310216e+43 2.030000000000000000e+02
5.300000000000000000e+01 9.525209137746931447e+03 2.734964466538350791e+01 5.471140569950886171e-03 6.581788570742550526e-01 0.000000000000000000e+00 1.781614890465218437e+01 1.088866152191371661e+01 8.001420965247191611e-03 2.115736217506116595e-02 1.032577279776899726e+00 1.197692565143413379e+00 1.000000000000000000e+00 1.000000000000000000e+00 3.600000000000000000e+05 1.123848083314057077e-02 1.255570779416252662e+02 1.141509912652932619e+41 1.055915805634118513e+44 2.070000000000000000e+02
5.300000000000000000e+01 5.915013585627209977e+03 3.867763388239075795e+01 -1.204910580861077996e-03 5.438687308554314148e-01 0.000000000000000000e+00 2.877769969026156360e+01 1.148154349095420912e+01 5.404262374802600022e-02 1.749726886234674039e-01 3.531316060693989178e-01 2.419647198018769707e+00 1.000000000000000000e+00 1.000000000000000000e+00 3.800000000000000000e+05 4.079798329819912112e-02 1.636527917085093975e+02 1.527491012756745992e+41 6.830616709684862719e+44 2.080000000000000000e+02
5.300000000000000000e+01 2.011382059174162350e+04 2.757248640812402485e+01 -3.481189517600189604e-02 6.504249814694572640e-01 0.000000000000000000e+00 1.797123102804854966e+01 1.095554956024568405e+01 9.224827504835188263e-02 2.218369824826593728e-02 2.190291346529097627e+00 1.754638215167039883e+00 1.000000000000000000e+00 1.000000000000000000e+00 3.800000000000000000e+05 4.761378831432655501e-02 1.860497134144105189e+02 5.789648146142276201e+41 4.428035315822017749e+42 2.090000000000000000e+02
5.300000000000000000e+01 1.126022275611267469e+04 2.506523493769870470e+01 -7.963422565765766736e-02 6.435123482541320605e-01 0.000000000000000000e+00 1.560281208432538236e+01 1.068733913657611367e+01 8.416846301736208291e-02 1.009757708907614848e-01 2.972151952019286725e+00 2.404635719352459677e+00 1.000000000000000000e+00 1.000000000000000000e+00 3.900000000000000000e+05 1.030766388233648419e-17 1.137999107677843256e+02 9.780839836533789657e+40 6.981883185741313037e+43 2.060000000000000000e+02
5.300000000000000000e+01 5.450450580746501146e+03 2.577340498943513225e+01 3.707155878072354582e-02 6.811535825372730946e-01 0.000000000000000000e+00 1.175499185439462480e+01 1.538716298436881580e+01 4.434791156716005878e-02 1.869713390429090238e-01 2.201478306894434578e+00 1.096627847028930347e+00 1.000000000000000000e+00 1.000000000000000000e+00 4.000000000000000000e+05 1.663432960872522626e-01 2.101798158076089464e+02 3.736332069292958722e+41 1.284255650571336063e+44 2.100000000000000000e+02
5.300000000000000000e+01 1.292834350281406478e+04 4.585921438829157637e+01 -6.150367296204947709e-02 6.396762109398093088e-01 0.000000000000000000e+00 1.680424194399600069e+01 3.116940830278817387e+01 3.083733723007168678e-02 1.339056230425821337e-01 5.556098742841961702e-01 2.519070731379926542e+00 1.000000000000000000e+00 1.000000000000000000e+00 4.400000000000000000e+05 7.189967574479226575e-02 2.057401380007988791e+02 4.917595681007116321e+41 3.654550690534576360e+43 2.120000000000000000e+02
5.300000000000000000e+01 8.323133972766368970e+03 1.988662788738955456e+01 -8.248091688528204346e-02 6.571945303089422596e-01 0.000000000000000000e+00 1.074492242881818349e+01 1.012058770473166724e+01 3.963530936021861240e-02 1.965949468037039294e-01 9.347682644728633194e-01 3.015980436317246216e+00 1.000000000000000000e+00 1.000000000000000000e+00 4.500000000000000000e+05 2.075269708001238611e-02 3.402431628595135749e+01 2.379860042290245053e+39 5.186407041835817610e+44 2.110000000000000000e+02
5.300000000000000000e+01 2.154817743065072136e+04 4.764079365211453165e+01 -2.216176788901694922e-02 5.382569179340683796e-01 0.000000000000000000e+00 3.639288913249495039e+01 1.314180216135043544e+01 3.106745088727072904e-02 8.967375709745882550e-02 1.723157669089890431e+00 2.474965479196800988e+00 1.000000000000000000e+00 1.000000000000000000e+00 4.700000000000000000e+05 3.015910443754004147e-02 1.724518917644490443e+02 3.900966929155397430e+41 1.911132794546493440e+43 2.190000000000000000e+02
5.300000000000000000e+01 7.026643342176274700e+02 5.309966370406814207e+01 -1.340479367697591101e-02 6.836008707311701516e-01 0.000000000000000000e+00 2.155001535282085712e+01 3.402306907031189809e+01 1.799724616827319268e-01 1.148223338656628317e-01 8.303157110101249128e-01 2.606971331324232199e+00 1.000000000000000000e+00 1.000000000000000000e+00 4.700000000000000000e+05 7.891543863689930161e-02 1.555309023067691783e+02 3.924814407287252296e+40 3.002237417807989341e+45 2.230000000000000000e+02
5.300000000000000000e+01 2.596351355676677849e+04 5.580770323666730093e+01 7.053477383272901101e-03 6.523989383452011293e-01 0.000000000000000000e+00 2.141737397775481000e+01 3.711666421668066107e+01 1.702607018761343252e-02 5.113566865153611890e-03 6.958035064014546078e-01 7.944863584120599453e-01 1.000000000000000000e+00 1.000000000000000000e+00 4.800000000000000000e+05 6.150417484485713737e-03 1.366680268428184490e+02 2.037069171811857182e+41 1.811340844491013706e+43 2.220000000000000000e+02
5.300000000000000000e+01 1.546232786234331252e+04 2.241469901276363075e+01 -1.881094492977991584e-03 6.863610057807073561e-01 0.000000000000000000e+00 1.280074329000890110e+01 1.082704643129563138e+01 2.037334671823202992e-01 1.249225996595312999e-01 1.797892572268745326e+00 1.157897560869678433e+00 1.000000000000000000e+00 1.000000000000000000e+00 4.900000000000000000e+05 1.723018593972407142e-01 8.997690223110973307e+01 6.090999558177565067e+40 3.035665529365915833e+43 2.180000000000000000e+02
5.300000000000000000e+01 2.028114709720849351e+04 2.284520510402300530e+01 -1.074871310949968573e-01 6.552438187846457707e-01 0.000000000000000000e+00 1.113450754885610117e+01 1.282898682901136844e+01 1.325045932856781239e-01 2.119770503172508647e-01 2.053129289623722542e+00 2.339933028503959456e+00 1.000000000000000000e+00 1.000000000000000000e+00 4.900000000000000000e+05 1.011995290922538537e-01 8.085037973519706611e+01 5.116406307883408800e+40 1.851450109239112427e+43 2.240000000000000000e+02
5.400000000000000000e+01 8.571726866390208670e+03 4.297121968851014628e+01 -5.522905648524525576e-03 6.723277561511644684e-01 0.000000000000000000e+00 1.932676220536194478e+01 2.586182502393117844e+01 2.790378607607996164e-02 6.148832751932066867e-03 2.144352094087097260e+00 1.296600250072749150e+00 1.000000000000000000e+00 1.000000000000000000e+00 4.000000000000000000e+05 1.614569277450866869e-02 7.833757680945936386e+01 2.112868862811984096e+40 8.721237209115393567e+44 2.070000000000000000e+02
5.400000000000000000e+01 9.021026879004108196e+03 2.525462363820589573e+01 3.414574886145818611e-02 6.805907931946474365e-01 0.000000000000000000e+00 1.079679257402296244e+01 1.575411488096173329e+01 7.059659695084324893e-02 1.103239334056606430e-01 9.263865627734528818e-01 1.309667183127001699e+00 1.000000000000000000e+00 1.000000000000000000e+00 4.100000000000000000e+05 1.072288061041099388e-01 1.027536273608269823e+02 6.247409418587458014e+40 1.527921863670872860e+44 2.060000000000000000e+02
5.400000000000000000e+01 4.916109371655453288e+03 3.841271254293376813e+01 -5.523997276668024536e-02 5.483664292142265140e-01 0.000000000000000000e+00 1.045323644430338916e+01 2.947765276444032523e+01 2.899387853096427325e-02 1.187957947217220672e-01 2.773382993722826484e+00 2.152139968889539734e+00 1.000000000000000000e+00 1.000000000000000000e+00 4.200000000000000000e+05 9.928068053016279870e-02 2.139843762294815406e+02 2.922412505263585224e+41 5.715742251638380230e+44 2.090000000000000000e+02
5.400000000000000000e+01 1.374098531808567031e+03 5.035364469454061265e+01 -7.353514199286234621e-02 5.767477805420482273e-01 0.000000000000000000e+00 3.786147456722485316e+01 1.463877438827246458e+01 1.259588675972890259e-01 3.777083209654691267e-03 2.526377380696601449e+00 9.090302246723416246e-01 1.000000000000000000e+00 1.000000000000000000e+00 4.200000000000000000e+05 7.269518767836130602e-02 2.224728234753021923e+02 6.508780935928637569e+40 1.428991080206798309e+46 2.110000000000000000e+02
5.400000000000000000e+01 1.374187605914241885e+03 6.081477383813034265e+01 4.574510749152800870e-01 4.762856968136797153e-01 0.000000000000000000e+00 5.036522736477636641e+01 1.235707486328682414e+01 5.757477805420482264e-01 6.738455498698173174e-02 0.000000000000000000e+00 1.946179617253351646e+00 2.000000000000000000e+00 1.000000000000000000e+00 4.400000000000000000e+05 1.293061090958147127e-02 1.005549849140289780e+02 3.914995894702652222e+39 1.673574225248710201e+47 2.140000000000000000e+02
5.400000000000000000e+01 6.384369670869759830e+03 5.292848999133705945e+01 -1.040677173282192197e-01 6.208293287009237771e-01 0.000000000000000000e+00 3.711386352407714639e+01 1.834491618678368852e+01 1.761755709420119997e-01 2.197492031651083338e-02 2.749046152629477380e+00 8.377382631026751847e-01 1.000000000000000000e+00 1.000000000000000000e+00 4.700000000000000000e+05 6.739463659775657423e-02 2.128263567752525489e+02 3.012618248453086150e+41 3.921097682442338167e+44 2.150000000000000000e+02
5.400000000000000000e+01 1.161930440614575673e+03 8.332923114303416412e+01 3.392046727288213770e-01 6.274048363396091954e-01 0.000000000000000000e+00 6.085675051236582789e+01 2.618727642254244614e+01 4.806856968136797303e-01 8.974317981918855658e-02 0.000000000000000000e+00 1.454467704497143021e+00 3.000000000000000000e+00 1.000000000000000000e+00 4.800000000000000000e+05 3.422645674736084220e-02 1.205160574677848047e+02 5.991228463033699409e+39 9.261498013805712939e+46 2.170000000000000000e+02
5.400000000000000000e+01 1.050291967826425025e+04 2.329657889827755923e+01 2.904041949625079527e-02 6.948169121663777537e-01 0.000000000000000000e+00 1.198316371330576580e+01 1.256750841324494239e+01 8.168403985876722395e-02 2.951455878398134836e-02 1.118499217231084364e+00 6.937796028441315377e-01 1.000000000000000000e+00 1.000000000000000000e+00 4.800000000000000000e+05 6.957944998161855188e-02 2.124084623403248884e+01 6.275807004532683509e+38 3.793132152982535165e+44 2.180000000000000000e+02
5.500000000000000000e+01 1.634872030121110765e+04 2.671361931497453313e+01 -5.083019190770309698e-02 6.545536384327234058e-01 0.000000000000000000e+00 1.541040749163924950e+01 1.261098992109637607e+01 5.848158471874816827e-02 1.639868807489584801e-01 7.802831004516730395e-01 3.086040000000000116e+00 1.000000000000000000e+00 1.000000000000000000e+00 3.500000000000000000e+05 4.114066328705680980e-02 4.413481431337918082e+01 6.946636470739596813e+39 1.033689317377986207e+44 2.060000000000000000e+02
5.500000000000000000e+01 8.305749435655259731e+03 3.831118490732939819e+01 2.545250688381700890e-02 6.466190792490995598e-01 0.000000000000000000e+00 2.674535200275785485e+01 1.338163554138772859e+01 2.929377353383809737e-02 8.427611928695026566e-02 1.244491427664918604e+00 8.190078759362522387e-01 1.000000000000000000e+00 1.000000000000000000e+00 4.200000000000000000e+05 2.800343539579012997e-02 1.603823167233486799e+02 1.870485855521565291e+41 1.800429554497740956e+44 2.120000000000000000e+02
5.500000000000000000e+01 1.566168886742515315e+04 2.309096137560730000e+01 -2.132295156348771037e-01 6.226621993603673744e-01 0.000000000000000000e+00 1.263546344870046489e+01 1.153494026511459758e+01 2.772719054236620351e-01 1.564471350596899069e-01 3.004996579576319160e+00 2.772409612240898991e+00 1.000000000000000000e+00 1.000000000000000000e+00 4.300000000000000000e+05 3.395601514705753693e-17 5.991731530674073980e+01 1.791779273868068942e+40 7.074527092355361979e+43 2.070000000000000000e+02
5.500000000000000000e+01 3.819292708199071512e+03 3.049855613032003987e+01 -1.090360400687273718e-01 6.079102556787915335e-01 0.000000000000000000e+00 1.884425621037838283e+01 1.309334430528935123e+01 3.249325858555114546e-03 2.704720023243325500e-01 6.752031534395105394e-01 3.061906385183370105e+00 1.000000000000000000e+00 1.000000000000000000e+00 4.300000000000000000e+05 1.420918835578925156e-02 7.102141941767465028e+01 9.705840144347048347e+39 7.134729480979605088e+45 2.140000000000000000e+02
5.500000000000000000e+01 1.238849184698872887e+04 2.223281196912432023e+01 6.877952393552558275e-03 6.907603247037896743e-01 0.000000000000000000e+00 1.129179968190633332e+01 1.205181754773910008e+01 1.107076427953956332e-01 8.847677816761653768e-02 4.318926646256933122e-01 2.724154785402725487e+00 1.000000000000000000e+00 1.000000000000000000e+00 4.400000000000000000e+05 1.258517129719283833e-17 5.641748754371071328e+01 1.323396952166080097e+40 1.159333282539546177e+44 2.050000000000000000e+02
5.500000000000000000e+01 6.932191715842306621e+03 2.188491528013967624e+01 -5.792506537755717777e-04 6.870010801653075871e-01 0.000000000000000000e+00 1.147147112523993506e+01 1.149062996326527220e+01 1.514264777351952418e-01 1.441255878814245162e-01 7.094710287610312971e-01 2.504522961333406794e+00 1.000000000000000000e+00 1.000000000000000000e+00 4.500000000000000000e+05 1.507409970623901085e-01 5.642040344864606283e+01 9.250060894265726977e+39 6.508906520465643520e+44 2.090000000000000000e+02
5.500000000000000000e+01 1.235186668258081409e+04 5.858044696685383457e+01 7.101454790513833659e-02 6.652823677081652898e-01 0.000000000000000000e+00 3.983089586719524533e+01 2.159693902605915028e+01 1.077959257844501029e-01 2.213591150703692334e-01 6.785257552986970753e-01 1.355848763077899921e+00 1.000000000000000000e+00 1.000000000000000000e+00 4.500000000000000000e+05 1.101651587171568747e-01 1.589101405539560119e+02 1.976529135111279383e+41 1.236425575282562062e+44 2.130000000000000000e+02
5.500000000000000000e+01 1.351529860336191086e+04 2.308996590289766360e+01 -7.725611149755845508e-02 6.556958170896403093e-01 0.000000000000000000e+00 1.032648917653732923e+01 1.390600021256456920e+01 4.220598909081266920e-02 1.218770044015399512e-01 2.796460473481153564e+00 2.611202085125733596e+00 1.000000000000000000e+00 1.000000000000000000e+00 4.600000000000000000e+05 4.109479103508465597e-02 9.934007921388025864e+01 7.495411775204042928e+40 4.373100308097436395e+43 2.170000000000000000e+02
5.500000000000000000e+01 3.748600622190461581e+04 4.403359650879554721e+01 -5.766555943822873620e-02 5.801234278657897425e-01 0.000000000000000000e+00 2.971146545472658573e+01 1.619599956609441804e+01 2.315208088039686918e-01 2.323936083772746297e-01 1.427882296356072001e+00 2.871125746096569120e+00 1.000000000000000000e+00 1.000000000000000000e+00 4.600000000000000000e+05 2.291604911231941710e-01 4.467022421016514500e+02 9.543935478772574560e+42 1.871564411411371868e+41 2.240000000000000000e+02
5.500000000000000000e+01 1.333855086236277748e+04 2.025351907148969133e+01 3.407563690933529746e-03 6.869650625522129017e-01 0.000000000000000000e+00 1.053413726545689322e+01 1.078724788554061220e+01 5.164291027037097061e-03 2.471437613523103788e-03 4.852615626069316512e-01 4.021515635773377229e-01 1.000000000000000000e+00 1.000000000000000000e+00 4.600000000000000000e+05 2.344345078773655416e-03 7.675279209932789115e+00 3.607074449134154571e+37 1.596775625200463872e+44 2.250000000000000000e+02
5.500000000000000000e+01 3.130429725258864346e+04 3.045938997382074476e+01 -4.483374209638325836e-02 6.108374103225497898e-01 0.000000000000000000e+00 2.042166569691812938e+01 1.144723692673357540e+01 2.656631854221529199e-02 2.614589855393625317e-01 1.039994991692078319e+00 2.176262825145438562e+00 1.000000000000000000e+00 1.000000000000000000e+00 4.700000000000000000e+05 1.111855628870261209e-01 2.593898509465821007e+02 1.933727916953524189e+42 6.597454334464442947e+41 2.160000000000000000e+02
5.500000000000000000e+01 1.363320362408014444e+04 3.252676188697696347e+01 4.639663412029187972e-01 6.946476713733100716e-01 0.000000000000000000e+00 2.224304141522233635e+01 1.193743596159719367e+01 6.887603247037896725e-01 1.366589526593667836e-01 0.000000000000000000e+00 1.234415718030419384e+00 2.000000000000000000e+00 1.000000000000000000e+00 4.700000000000000000e+05 6.351426444609610533e-02 1.017406309810867526e+02 7.077794923071808567e+40 7.181299254072190243e+43 2.260000000000000000e+02
5.500000000000000000e+01 2.009120201892887417e+04 4.172495726999398613e+01 -1.586263743262898429e-01 6.422224508251891395e-01 0.000000000000000000e+00 2.296524844492618911e+01 2.079789835708156076e+01 2.404665691928648541e-01 2.338562347281044340e-01 2.469951233468476559e+00 2.139441303548832440e+00 1.000000000000000000e+00 1.000000000000000000e+00 4.800000000000000000e+05 2.944866142639874969e-17 4.613950637458425064e+01 7.546533941091198933e+39 1.356681447084874602e+44 2.080000000000000000e+02
5.500000000000000000e+01 5.723149051665886873e+03 3.164390920941730201e+01 -4.163030602464503488e-02 6.585702362647528618e-01 0.000000000000000000e+00 1.467592135356728811e+01 1.863512324402699250e+01 1.350297463289199251e-01 3.353669406910979311e-02 2.517347691270934273e+00 1.209012911790353417e+00 1.000000000000000000e+00 1.000000000000000000e+00 4.800000000000000000e+05 5.154087586042317704e-02 6.000685167959325383e+01 8.145294700665974519e+39 2.446370414879709063e+45 2.150000000000000000e+02
5.500000000000000000e+01 2.229142184421065394e+04 5.032833088289960699e+01 -9.188107859535754596e-02 4.787648132541416079e-01 0.000000000000000000e+00 1.414217983228602726e+01 3.817858152563950114e+01 3.031248544213345775e-01 6.504154515737951836e-02 2.597773458391004375e+00 2.047249177200783254e+00 1.000000000000000000e+00 1.000000000000000000e+00 4.800000000000000000e+05 5.779769519507216291e-02 1.646621595298461784e+02 3.391536645450451315e+41 2.739218827485385979e+43 2.180000000000000000e+02
5.500000000000000000e+01 5.559402489346301991e+03 2.382931467648622359e+01 -1.438901752604825057e-03 6.763992229969785219e-01 0.000000000000000000e+00 1.017250764948191488e+01 1.484477939419364745e+01 5.745448091231673132e-02 8.083977716520036882e-02 4.897286972151562168e-01 2.048542376636198536e+00 1.000000000000000000e+00 1.000000000000000000e+00 4.800000000000000000e+05 4.680313427905769680e-02 1.156950089433818931e+02 6.570169232898508247e+40 4.590140177339009730e+44 2.190000000000000000e+02
5.500000000000000000e+01 7.651460555994372953e+03 5.221253376362314924e+01 4.445725175429075526e-01 6.115710436789301152e-01 0.000000000000000000e+00 1.651718005721955151e+01 3.836409083919831176e+01 5.411958727621853094e-02 6.574190792490994806e-01 2.739418855644105033e+00 0.000000000000000000e+00 1.000000000000000000e+00 2.000000000000000000e+00 4.900000000000000000e+05 6.130091977744451387e-02 9.906060723526202594e+01 3.560498115829576051e+40 1.427669318753462280e+45 2.280000000000000000e+02
5.500000000000000000e+01 1.377374306717016680e+03 2.337485145708788536e+01 -2.700646480630035720e-02 6.684695231000222782e-01 0.000000000000000000e+00 1.439546470113841714e+01 1.018083462507925674e+01 5.480071722413204505e-02 3.796042101754142084e-02 3.044160000000000199e+00 1.251202018708747810e+00 1.000000000000000000e+00 1.000000000000000000e+00 4.900000000000000000e+05 2.426818765970027020e-02 1.103502086048280404e+02 1.961825215930681850e+40 1.077129616419470602e+46 2.300000000000000000e+02
5.600000000000000000e+01 4.552321385339231711e+03 4.854945629947619068e+01 1.474983783087059803e-02 5.661049272388269937e-01 0.000000000000000000e+00 1.317803530960383007e+01 3.732987274719734216e+01 4.880664294150365012e-02 8.106201385480589494e-02 1.385324668542717630e+00 1.362293452851773834e+00 1.000000000000000000e+00 1.000000000000000000e+00 3.000000000000000000e+05 7.987259020063794401e-02 1.745814342820631850e+02 1.266669340223894706e+41 1.848635649529078510e+45 2.050000000000000000e+02
5.600000000000000000e+01 2.041139781895951455e+04 4.617359666843862698e+01 8.112594159667112226e-02 5.796806561800612601e-01 0.000000000000000000e+00 1.099713767185874858e+01 3.697282854655021822e+01 2.435358745498683308e-01 9.749025655057708128e-02 1.398468761604131805e+00 3.102863482525825001e-01 1.000000000000000000e+00 1.000000000000000000e+00 3.100000000000000000e+05 6.156606346751319209e-02 1.617869282653951473e+02 3.157965564573562184e+41 2.141876658570094947e+43 2.040000000000000000e+02
5.600000000000000000e+01 3.978609288420992925e+03 2.438112586862778386e+01 -5.072763563296176642e-02 6.488632885552323426e-01 0.000000000000000000e+00 1.532499087475231825e+01 1.025275673880975980e+01 1.080625676095914867e-01 1.512833506902413472e-01 1.990200961042272176e+00 1.984210150663793915e+00 1.000000000000000000e+00 1.000000000000000000e+00 3.300000000000000000e+05 9.869695184018786871e-02 1.080959107752279209e+02 4.058687675951273616e+40 1.650738008688853281e+45 2.060000000000000000e+02
5.600000000000000000e+01 1.252035526685247714e+04 3.792740463975194842e+01 1.350879665375966793e-02 5.756468410201964758e-01 0.000000000000000000e+00 2.906922858003948917e+01 1.039968698313112760e+01 9.249223942571244139e-03 5.514211972898389047e-02 3.088495877437934523e-01 1.066619176666756319e+00 1.000000000000000000e+00 1.000000000000000000e+00 3.400000000000000000e+05 1.508615272335263324e-02 1.767884790810338416e+02 3.309548195325789982e+41 5.067770213186192564e+43 2.090000000000000000e+02
5.600000000000000000e+01 1.873139323342329953e+04 3.987014297218421177e+01 -2.010246217087346965e-01 5.271079154417058765e-01 0.000000000000000000e+00 1.198490117323698634e+01 2.945937444297807417e+01 1.433929418507557674e-01 2.451327679584900110e-01 3.065100000000000158e+00 2.729805614911771983e+00 1.000000000000000000e+00 1.000000000000000000e+00 3.800000000000000000e+05 3.002010596464956471e-17 2.030868556050479867e+02 6.285215767503062098e+41 1.384363138412431833e+43 2.080000000000000000e+02
5.600000000000000000e+01 1.120604374932196879e+04 2.771674519775365297e+01 -5.646521756140671089e-02 6.680729517199313072e-01 0.000000000000000000e+00 1.489285464607958964e+01 1.420563602462813080e+01 9.618935611267705188e-02 1.150503101177945964e-01 1.683604489673172111e+00 2.706068667822214557e+00 1.000000000000000000e+00 1.000000000000000000e+00 3.800000000000000000e+05 8.543622419321551809e-02 6.338335825595572715e+01 1.618059485980749177e+40 2.252265328169960249e+44 2.110000000000000000e+02
5.600000000000000000e+01 1.244812747959862463e+03 5.946585302510004567e+01 4.519220802607475940e-01 5.149851791661458345e-01 0.000000000000000000e+00 1.311918661740518388e+01 4.862768388042317014e+01 2.586279122559699550e-02 5.711049272388269982e-01 1.167161281029700959e+00 0.000000000000000000e+00 1.000000000000000000e+00 2.000000000000000000e+00 3.800000000000000000e+05 5.442501736958005668e-03 1.048126622464811106e+02 6.395623408088486795e+39 1.031573445154953104e+47 2.130000000000000000e+02
5.600000000000000000e+01 2.125996952122369748e+03 3.404802020838990018e+01 4.473198638940918404e-01 6.405796466840956160e-01 0.000000000000000000e+00 2.440918029157806401e+01 1.113446625764683873e+01 6.586632885552322625e-01 1.278179856086212318e-01 0.000000000000000000e+00 1.696233005480166423e+00 2.000000000000000000e+00 1.000000000000000000e+00 3.900000000000000000e+05 5.198714382990739930e-02 1.278361439851091461e+02 2.310612475766952037e+40 1.500455410422758675e+46 2.120000000000000000e+02
5.600000000000000000e+01 1.068800131356571910e+03 4.758468617841851511e+01 1.138684369435381122e-02 6.503922772115643403e-01 0.000000000000000000e+00 1.875888334548692526e+01 3.119762526570561434e+01 2.247224450247838762e-02 3.766825522500546336e-02 3.009260000000000268e+00 5.741699830489969125e-01 1.000000000000000000e+00 1.000000000000000000e+00 3.900000000000000000e+05 2.045906305127356481e-02 1.205542320799848852e+02 1.616857204775822308e+40 2.226278708413199566e+46 2.150000000000000000e+02
5.600000000000000000e+01 1.212329371478653002e+03 2.260833788363439822e+01 -1.860719400370660637e-01 6.295651257934111733e-01 0.000000000000000000e+00 1.128713353136301123e+01 1.238363166941921989e+01 2.203762796430806803e-01 2.323595307514514929e-01 2.468515061566096680e+00 2.595887255208447097e+00 1.000000000000000000e+00 1.000000000000000000e+00 3.900000000000000000e+05 1.235708420972813498e-01 3.554366329450969175e+01 6.979308847503202911e+38 2.181577937414637529e+46 2.160000000000000000e+02
5.600000000000000000e+01 1.159956573448721974e+04 2.280420370471640723e+01 -5.364341421567818402e-02 6.657886237385757244e-01 0.000000000000000000e+00 1.143460487826824767e+01 1.257478337747498820e+01 1.132629289841887710e-01 2.328542742235263554e-03 3.100000000000000089e+00 1.362636139079513642e+00 1.000000000000000000e+00 1.000000000000000000e+00 3.900000000000000000e+05 4.224809561342302011e-03 1.593171214045273310e+01 2.836950920300456859e+38 3.101603231706981436e+44 2.170000000000000000e+02
5.600000000000000000e+01 1.337985056160417344e+03 2.131815928911950309e+01 -4.641547478903048501e-03 6.827122286495970194e-01 0.000000000000000000e+00 1.046603810915603816e+01 1.196195213393624890e+01 7.735390536001422734e-02 3.164802486679352267e-02 1.601706728619644915e+00 1.781235863708452438e+00 1.000000000000000000e+00 1.000000000000000000e+00 3.900000000000000000e+05 6.637102259591619313e-02 3.895698052847205162e+01 9.356058062643746374e+38 2.302020979956696659e+46 2.180000000000000000e+02
5.600000000000000000e+01 7.336993962041253326e+03 2.882299490032021438e+01 -1.838846263258264030e-02 6.451097005067144563e-01 0.000000000000000000e+00 1.107148507200167487e+01 1.913393301262494361e+01 5.863782757070750556e-02 3.795658275366309287e-02 1.734826789561445537e+00 2.238026891911418570e+00 1.000000000000000000e+00 1.000000000000000000e+00 4.000000000000000000e+05 3.024674635560706606e-02 1.390760739949182039e+02 1.273835869005630987e+41 2.106322778270782398e+44 2.140000000000000000e+02
5.600000000000000000e+01 1.024296905813772719e+04 4.118472167973873610e+01 -8.796375561743130511e-02 6.091514487553046919e-01 0.000000000000000000e+00 1.650831129225283433e+01 2.666743937639107997e+01 1.992717516640233333e-01 9.480792640134486082e-02 2.697032823045434569e+00 1.904453059063942799e+00 1.000000000000000000e+00 1.000000000000000000e+00 4.200000000000000000e+05 7.156122226416163079e-02 1.356557242128352527e+02 1.266454188242510240e+41 1.878738080748928678e+44 2.200000000000000000e+02
5.600000000000000000e+01 2.140067266850064698e+04 4.776913310588378891e+01 3.592273109036504125e-02 5.991523156925367966e-01 0.000000000000000000e+00 3.476686802311208169e+01 1.508407525393385029e+01 7.617500502187281308e-02 5.093657043099392850e-02 6.668930338109441136e-01 1.958059481870638052e+00 1.000000000000000000e+00 1.000000000000000000e+00 4.300000000000000000e+05 4.711787310863806838e-02 1.578940571442331589e+02 2.978955359819806661e+41 1.978850709457792755e+43 2.240000000000000000e+02
5.600000000000000000e+01 1.192643363657909731e+03 5.192928797667785545e+01 6.629724285722335964e-01 8.719674180288122800e-01 0.000000000000000000e+00 2.133778102027782708e+01 3.407935880052357902e+01 6.901122286495969815e-01 6.459796466840955764e-01 0.000000000000000000e+00 0.000000000000000000e+00 2.000000000000000000e+00 3.000000000000000000e+00 4.400000000000000000e+05 0.000000000000000000e+00 8.416700736627046808e+01 4.403532706113686749e+39 3.254273402108052953e+46 2.300000000000000000e+02
5.600000000000000000e+01 1.326751644050005098e+03 2.748330919985962240e+01 -1.893532576783527738e-02 6.681526998556532870e-01 0.000000000000000000e+00 1.721096960050480362e+01 1.167475946926496455e+01 6.080885649312211400e-02 8.031501841068995617e-02 2.383923627602355211e+00 1.341287816111174758e+00 1.000000000000000000e+00 1.000000000000000000e+00 4.400000000000000000e+05 5.022404453131671526e-02 1.152170223497831358e+02 1.982268077163938768e+40 1.287290390951057242e+46 2.310000000000000000e+02
5.600000000000000000e+01 6.370752036419769865e+03 4.459326288685923600e+01 4.053781018372150657e-01 7.138019843741992831e-01 0.000000000000000000e+00 1.836245030589365257e+01 2.884952425726148562e+01 1.800537794582715220e-02 6.573097005067143339e-01 1.010774249350953280e+00 0.000000000000000000e+00 1.000000000000000000e+00 2.000000000000000000e+00 4.500000000000000000e+05 9.112355607690771769e-03 9.000416686424352974e+01 2.502213916972888208e+40 1.593645268943031956e+45 2.260000000000000000e+02
5.600000000000000000e+01 1.311354090274476039e+04 4.667837470426438529e+01 4.442515569045504820e-01 4.868978881025218253e-01 0.000000000000000000e+00 1.050992728344882465e+01 3.801473806536331779e+01 1.003408363222528799e-01 5.864468410201963966e-01 2.343889340478515937e+00 0.000000000000000000e+00 1.000000000000000000e+00 2.000000000000000000e+00 4.500000000000000000e+05 1.688112575816049302e-02 1.072963017885460459e+02 6.986889371546530416e+40 3.033060260687496931e+44 2.290000000000000000e+02
5.600000000000000000e+01 1.088909988458559383e+03 7.721408668340519910e+01 3.718331200500203382e-01 5.669320857430985017e-01 0.000000000000000000e+00 2.119179133001767923e+01 5.954797255171563819e+01 1.162455251862102718e-01 5.189851791661458380e-01 1.937304614611172315e+00 0.000000000000000000e+00 1.000000000000000000e+00 3.000000000000000000e+00 4.500000000000000000e+05 3.371261174085305595e-02 1.251575361088313372e+02 9.805616276526612824e+39 7.709165782662229094e+46 2.320000000000000000e+02
5.600000000000000000e+01 1.104653670434947571e+03 7.040633565329511612e+01 8.063021712080064018e-01 8.557163177173862101e-01 0.000000000000000000e+00 2.264997552021856464e+01 5.196513154999244222e+01 6.409651257934111390e-01 8.783674180288122413e-01 0.000000000000000000e+00 0.000000000000000000e+00 2.000000000000000000e+00 4.000000000000000000e+00 4.800000000000000000e+05 0.000000000000000000e+00 9.761521507644086171e+01 5.197208494121594415e+39 4.116610643177759265e+46 2.340000000000000000e+02
5.600000000000000000e+01 1.644856422509082040e+04 4.897368206712070560e+01 4.243799694853904181e-01 5.513720040811274092e-01 0.000000000000000000e+00 1.093096146970707316e+01 3.996194983844488036e+01 1.463564319204849473e-01 5.265079154417058316e-01 1.214750544886080474e+00 0.000000000000000000e+00 1.000000000000000000e+00 2.000000000000000000e+00 4.900000000000000000e+05 3.186801602471369538e-02 1.140262154663742251e+02 9.483440567728168794e+40 1.158565762033516988e+44 2.350000000000000000e+02
5.700000000000000000e+01 4.393462484218667669e+03 2.380134465952968270e+01 -1.072709211622785708e-01 6.356280594195059530e-01 0.000000000000000000e+00 1.038994735012686910e+01 1.455647805374902681e+01 1.211604763386766453e-01 9.934949318089057735e-02 2.937304258323315320e+00 3.079060000000000130e+00 1.000000000000000000e+00 1.000000000000000000e+00 2.800000000000000000e+05 1.672662583157773913e-02 9.753078269655856047e+01 3.282860042536916162e+40 1.500352029244216367e+45 2.040000000000000000e+02
5.700000000000000000e+01 1.317473768325927722e+03 5.438015327079653360e+01 2.058089133142606761e-02 6.674796772438938985e-01 0.000000000000000000e+00 2.228431944466236203e+01 3.485162810403432587e+01 8.815842907180088117e-02 6.678565973491054630e-02 1.394310357665722755e+00 1.205723223101921704e+00 1.000000000000000000e+00 1.000000000000000000e+00 2.800000000000000000e+05 6.238432877092239121e-02 1.144603951926035279e+02 8.510062556144845778e+39 5.039129126646773013e+46 2.050000000000000000e+02
5.700000000000000000e+01 1.341758968921662017e+03 2.978845325433110958e+01 -1.985811394585458578e-02 6.640630875113512355e-01 0.000000000000000000e+00 1.882251252791311913e+01 1.247951446270113074e+01 4.942480988879453807e-02 2.471009073545600565e-02 2.532891635725149637e+00 1.093677235380680290e+00 1.000000000000000000e+00 1.000000000000000000e+00 3.100000000000000000e+05 2.826121843694594585e-02 1.214823000217179612e+02 2.147048131066451742e+40 1.420390600252243847e+46 2.060000000000000000e+02
5.700000000000000000e+01 2.977227207259804345e+03 3.506966021066750727e+01 3.786469823603816343e-01 6.408699730376568038e-01 0.000000000000000000e+00 2.382873195056216886e+01 1.262897857934883383e+01 6.420280594195059143e-01 1.361771891035965798e-01 0.000000000000000000e+00 2.623533192293817429e+00 2.000000000000000000e+00 1.000000000000000000e+00 3.400000000000000000e+05 3.273445380403521010e-02 1.001685869953039969e+02 1.861767428236549974e+40 9.789533580293261598e+45 2.080000000000000000e+02
5.700000000000000000e+01 1.914809137108147843e+04 4.168563601226146886e+01 -4.603764180984015741e-05 5.677661094410040299e-01 0.000000000000000000e+00 3.085501366538507995e+01 1.253439518129216879e+01 1.663021754900264326e-01 7.289363011425120664e-02 1.416328570550384525e+00 2.618420681636826508e+00 1.000000000000000000e+00 1.000000000000000000e+00 3.700000000000000000e+05 1.643221083945932970e-01 1.779694338677757628e+02 4.211691449144908912e+41 1.728301548068727300e+43 2.160000000000000000e+02
5.700000000000000000e+01 1.270354386601632768e+03 2.828188109767241443e+01 -7.708455378940730698e-03 6.619300529386077381e-01 0.000000000000000000e+00 1.229049300481686124e+01 1.745859596134480896e+01 7.147633622432104927e-02 3.147720203284536111e-02 2.308665203929042509e+00 8.525345716053931433e-01 1.000000000000000000e+00 1.000000000000000000e+00 3.700000000000000000e+05 3.542720318050250616e-02 8.480010618662541333e+01 7.883513388523315536e+39 1.989321807649452467e+46 2.170000000000000000e+02
5.700000000000000000e+01 1.794351092794833676e+04 4.135027719304616767e+01 -7.136882322409138224e-02 6.177254209239151361e-01 0.000000000000000000e+00 2.615197272254015104e+01 1.716404483111548984e+01 1.348873167023475345e-02 1.938916793780013081e-01 8.507032266751233252e-01 3.093020000000000103e+00 1.000000000000000000e+00 1.000000000000000000e+00 3.800000000000000000e+05 1.014007764763709581e-02 8.628842596985118973e+01 4.633663438039104189e+40 8.802532602686890151e+43 2.180000000000000000e+02
5.700000000000000000e+01 3.534666507281794111e+03 2.174567322051234797e+01 -9.632345585492603501e-02 6.605035327079767926e-01 0.000000000000000000e+00 1.045929318744529724e+01 1.234127847839092595e+01 9.216254811290770788e-02 1.729512312611094227e-01 1.639278728806794705e+00 3.079060000000000130e+00 1.000000000000000000e+00 1.000000000000000000e+00 3.900000000000000000e+05 6.673109712297900509e-02 1.474682446151340969e+02 9.914355139396021566e+40 8.900862020627664601e+44 2.190000000000000000e+02
5.700000000000000000e+01 9.239471160137158222e+03 4.344572037034831169e+01 1.598261589469457747e-02 5.811080033471408557e-01 0.000000000000000000e+00 3.344856204862162485e+01 1.174460631802833888e+01 1.366687352388858134e-02 1.616503345387250157e-01 2.451300862618287502e-01 1.423394188493715129e+00 1.000000000000000000e+00 1.000000000000000000e+00 4.000000000000000000e+05 4.911280441301348748e-02 1.865234288435799215e+02 2.993367884038111569e+41 1.412873116280000575e+44 2.210000000000000000e+02
5.700000000000000000e+01 2.839123730179920312e+04 5.922183754513508092e+01 -5.396409682564085042e-02 6.662213252753312887e-01 0.000000000000000000e+00 3.350383923345430048e+01 2.872081387490995752e+01 6.420540417295565738e-02 7.369321998932341911e-02 2.430088017731558470e+00 2.526552370022504324e+00 1.000000000000000000e+00 1.000000000000000000e+00 4.100000000000000000e+05 2.286475370720150724e-02 4.326179886291794219e+01 6.651582364024797611e+39 9.489354580120670940e+43 2.090000000000000000e+02
5.700000000000000000e+01 1.196619734737629869e+03 5.501114806822438652e+01 3.935202893039240757e-01 7.200947473936196719e-01 0.000000000000000000e+00 2.317890788976434635e+01 3.513424778780375846e+01 8.464751399719333547e-02 6.468699730376568091e-01 1.458370122569646377e+00 0.000000000000000000e+00 1.000000000000000000e+00 3.000000000000000000e+00 4.300000000000000000e+05 5.233341704970333186e-02 1.636708259549282047e+02 2.983439559654046337e+40 1.859306974586061162e+46 2.240000000000000000e+02
5.700000000000000000e+01 1.143862548623636212e+04 2.360071597571251800e+01 -1.345911428521806008e-01 6.151973689472410856e-01 0.000000000000000000e+00 1.041455631359450607e+01 1.431705355965646298e+01 2.387174373272641370e-01 7.571700598537842164e-02 3.100000000000000089e+00 2.464158495565917040e+00 1.000000000000000000e+00 1.000000000000000000e+00 4.300000000000000000e+05 4.745910343332447601e-02 8.601583535148449755e+01 4.367663798380123838e+40 1.124279149122536974e+44 2.260000000000000000e+02
5.700000000000000000e+01 1.190522010495936775e+04 4.229592844819577380e+01 5.820049201577019021e-02 6.622453410089108594e-01 0.000000000000000000e+00 2.769093724986345961e+01 1.668876521470141583e+01 9.540249590602087326e-02 9.098329186883639952e-02 2.429150172110798866e-01 1.558482849065789599e+00 1.000000000000000000e+00 1.000000000000000000e+00 4.500000000000000000e+05 8.935696179155570851e-02 1.160372891212638535e+02 8.655690342145832228e+40 1.522255990686703767e+44 2.200000000000000000e+02
5.700000000000000000e+01 1.011318453372264776e+04 4.576817736465917363e+01 -3.289501446871317958e-02 5.980888233440985191e-01 0.000000000000000000e+00 1.523766241323176018e+01 3.258351428964648733e+01 5.076393259461021296e-02 4.902667356997507386e-02 3.072080000000000144e+00 2.096342110089812305e+00 1.000000000000000000e+00 1.000000000000000000e+00 4.500000000000000000e+05 4.224454048267423795e-02 1.778632373043720349e+02 2.699457624363758016e+41 1.277421405212393648e+44 2.250000000000000000e+02
5.700000000000000000e+01 2.428387960178930007e+04 5.263508648959591341e+01 1.302761725509642421e-01 7.198373082882668639e-01 0.000000000000000000e+00 3.023420226142562939e+01 2.534020415989823505e+01 1.650707745773173918e-01 1.207240333920284875e-01 4.476804494522875211e-01 4.600860883271030710e-01 1.000000000000000000e+00 1.000000000000000000e+00 4.700000000000000000e+05 1.405905277891032201e-01 6.135424724963961296e+01 1.812963245646731323e+40 7.145714044241696070e+43 2.230000000000000000e+02
5.700000000000000000e+01 1.112285885596473463e+03 7.845056942759218543e+01 7.043662455168892000e-01 8.665844418488048984e-01 0.000000000000000000e+00 2.834700428715646581e+01 5.506178161230606349e+01 6.699300529386077452e-01 7.220947473936196737e-01 0.000000000000000000e+00 0.000000000000000000e+00 2.000000000000000000e+00 4.000000000000000000e+00 4.800000000000000000e+05 0.000000000000000000e+00 9.605164593128371564e+01 4.062573031892982378e+39 5.193801820988863534e+46 2.310000000000000000e+02
5.800000000000000000e+01 1.311718373782351591e+04 2.706905362894089251e+01 -2.726775159758253880e-02 6.779100703222390445e-01 0.000000000000000000e+00 1.413196933773508945e+01 1.434836895754411401e+01 9.322183613286549875e-02 4.896424517245168834e-02 2.050284767973405309e+00 1.813495479736263905e+00 1.000000000000000000e+00 1.000000000000000000e+00 3.400000000000000000e+05 2.158284017772581914e-02 3.870173739109601030e+01 4.093133878442348801e+39 2.120403677420865872e+44 2.040000000000000000e+02
5.800000000000000000e+01 2.054526729927575070e+04 4.321398102168485167e+01 -3.462948947800085359e-02 5.257302276802906515e-01 0.000000000000000000e+00 1.310716276523056578e+01 3.198302235319149034e+01 1.833026909928996973e-01 3.013737603261008036e-01 3.086040000000000116e+00 1.483806757750721239e+00 1.000000000000000000e+00 1.000000000000000000e+00 3.400000000000000000e+05 3.002342036833541838e-01 3.467259714193483546e+02 3.201191065536296796e+42 2.782896887229580450e+42 2.060000000000000000e+02
5.800000000000000000e+01 1.303941290617527557e+04 5.809028496211320913e+01 2.982205614562844498e-01 8.101846831071485289e-01 0.000000000000000000e+00 3.457454291626002885e+01 2.708150825795525662e+01 1.365530196872223167e-03 6.779100703222390445e-01 9.286849780464325743e-01 0.000000000000000000e+00 1.000000000000000000e+00 2.000000000000000000e+00 3.700000000000000000e+05 1.093561757743949890e-03 1.845364421883917032e+02 3.222751140916695845e+41 4.752225638203662074e+43 2.070000000000000000e+02
5.800000000000000000e+01 1.420900500321961044e+04 2.383976088029137941e+01 -2.935910526816079211e-02 6.663842274146477562e-01 0.000000000000000000e+00 1.439226048679928915e+01 1.065827643330324825e+01 5.430366227307055482e-02 1.097834309375285561e-01 2.132989670188841558e+00 1.846793187651211365e+00 1.000000000000000000e+00 1.000000000000000000e+00 4.200000000000000000e+05 7.429769418273150794e-02 1.081809801416630421e+02 9.846649572099584802e+40 3.262745088784365768e+43 2.080000000000000000e+02
5.800000000000000000e+01 1.107432388520825225e+04 4.101643590847959331e+01 -6.337489433433553254e-02 6.098009338615705266e-01 0.000000000000000000e+00 3.179452513535992253e+01 1.089833563081477230e+01 1.636917730129591741e-01 2.311153820936112935e-01 2.378846265771827451e+00 1.137784484938578533e+00 1.000000000000000000e+00 1.000000000000000000e+00 4.200000000000000000e+05 1.130962051804182272e-01 2.084703502632080472e+02 4.850494049177534633e+41 4.941036072951687349e+43 2.100000000000000000e+02
5.800000000000000000e+01 1.795214578456755044e+04 4.763235487620127628e+01 -6.931348014903530169e-03 6.371733032531410323e-01 0.000000000000000000e+00 1.627927338387329925e+01 3.350658294570381202e+01 1.320525195027017484e-01 8.247210734056825698e-02 1.276218024948495344e+00 1.929159176461610281e+00 1.000000000000000000e+00 1.000000000000000000e+00 4.300000000000000000e+05 7.292024076239859987e-02 1.702746955595567329e+02 3.368547027577338756e+41 2.436154358772620796e+43 2.110000000000000000e+02
5.800000000000000000e+01 9.228789551137659146e+03 3.235198648648091080e+01 2.098886683823323468e-02 6.399543443780811858e-01 0.000000000000000000e+00 1.083467731134969902e+01 2.301156559744892149e+01 2.247542739254692334e-01 6.274989941304803809e-02 1.408167754859902976e+00 1.350089095527041927e+00 1.000000000000000000e+00 1.000000000000000000e+00 4.300000000000000000e+05 9.421671163119646475e-02 1.882516791294086715e+02 3.508147610120822131e+41 6.327337299176529112e+43 2.130000000000000000e+02
5.800000000000000000e+01 1.240659966449835338e+04 6.871317618565404928e+01 6.697109562236127633e-01 4.635960924071269029e-01 0.000000000000000000e+00 5.815712721674945840e+01 1.286437372163715054e+01 8.165846831071484901e-01 7.612002875662340906e-03 0.000000000000000000e+00 7.194043718754704608e-01 3.000000000000000000e+00 1.000000000000000000e+00 4.300000000000000000e+05 9.242209365187106828e-04 8.508405495461138912e+01 2.830299634423746351e+40 1.340533619897080899e+45 2.140000000000000000e+02
5.800000000000000000e+01 1.506995271929340379e+04 3.343311897283128076e+01 -8.026415495055018098e-03 6.818253642547508209e-01 0.000000000000000000e+00 1.820189915191478747e+01 1.692104163727171340e+01 1.005367652819506019e-01 4.506534346439952654e-02 1.320077133046791085e+00 2.876552574361732173e+00 1.000000000000000000e+00 1.000000000000000000e+00 4.400000000000000000e+05 9.739340688387104761e-02 1.667288871888722213e+02 3.273416813614472084e+41 1.869921412325412459e+43 2.170000000000000000e+02
5.800000000000000000e+01 1.684449302838565563e+04 2.627351744585516258e+01 -2.772871601029845007e-02 6.619815721196280478e-01 0.000000000000000000e+00 1.565220001587414878e+01 1.193070773258632045e+01 5.111988697333387510e-02 2.633890167441644836e-01 8.536851210389225786e-01 1.994055352726997743e+00 1.000000000000000000e+00 1.000000000000000000e+00 4.900000000000000000e+05 1.761258855534391932e-01 3.232326615038052182e+02 2.793849635337727660e+42 1.440079953114871271e+42 2.240000000000000000e+02
5.900000000000000000e+01 2.183338659942671438e+04 2.259878344834590536e+01 6.615071713470202508e-02 7.002661900795456029e-01 0.000000000000000000e+00 1.078696325171534909e+01 1.303441403864350256e+01 9.478158354617699510e-02 2.446602827445460704e-01 1.298754292540548638e+00 1.150544769402782830e+00 1.000000000000000000e+00 1.000000000000000000e+00 4.500000000000000000e+05 2.335651667052671132e-01 5.434845848688713943e+01 1.625544699588640739e+40 2.214451133434004678e+43 2.060000000000000000e+02
5.900000000000000000e+01 1.012744048404986279e+04 2.080354352683460917e+01 5.892557830916002326e-02 7.036234347644386711e-01 0.000000000000000000e+00 1.088743840521515338e+01 1.104118099475280346e+01 6.091160797766263096e-02 1.042605315770890467e-01 4.726709438345354508e-01 9.152935361352627641e-01 1.000000000000000000e+00 1.000000000000000000e+00 4.900000000000000000e+05 8.265165522860098979e-02 2.758966248104743713e+01 1.407297078724155975e+39 3.030070752436091496e+44 2.120000000000000000e+02
6.000000000000000000e+01 2.437690001433602811e+04 4.877635521375879790e+01 -5.095196130648192712e-02 5.939248170299912255e-01 0.000000000000000000e+00 3.644221357400763850e+01 1.452997836942006771e+01 2.470884318454033557e-01 2.940774760283811073e-02 1.911872314459964528e+00 2.417660735073164369e-01 1.000000000000000000e+00 1.000000000000000000e+00 3.500000000000000000e+05 2.198996846343105604e-01 4.623756363250997197e+02 8.005877099795405768e+42 7.202399471877758187e+41 2.050000000000000000e+02
6.000000000000000000e+01 1.955216757669877188e+04 4.887028602534309130e+01 -3.924975412573913219e-02 5.669740778850749230e-01 0.000000000000000000e+00 1.246543287714740877e+01 3.824315222211033216e+01 6.268123933285023319e-02 1.013957881763099672e-01 3.154320394945183126e-01 2.352973608146434525e+00 1.000000000000000000e+00 1.000000000000000000e+00 3.700000000000000000e+05 7.192820677734482193e-02 1.943714244454693869e+02 5.221260549270366915e+41 1.776224607350942774e+43 2.070000000000000000e+02
6.000000000000000000e+01 1.304901960207670527e+04 3.408517601403817565e+01 -6.526513782482465387e-03 6.300056044096966623e-01 0.000000000000000000e+00 1.123789914015798352e+01 2.435310974748141177e+01 1.189963700838174709e-01 5.700584800047402145e-02 1.187767444982876786e+00 2.126241801395021724e+00 1.000000000000000000e+00 1.000000000000000000e+00 3.900000000000000000e+05 4.843590896212923019e-02 1.742224413240557794e+02 3.395546304753337766e+41 3.134231028600486714e+43 2.100000000000000000e+02
6.000000000000000000e+01 2.372353936792815603e+03 2.477228127346510789e+01 2.206751593987815382e-04 6.704293827789341575e-01 0.000000000000000000e+00 1.520961909171517590e+01 1.082399642204121903e+01 1.281856713391320984e-02 2.577952656433445122e-02 1.132051381878177443e+00 1.850660210954224949e+00 1.000000000000000000e+00 1.000000000000000000e+00 3.900000000000000000e+05 1.680360347793785972e-02 9.109373884891594741e+01 1.397548626188823116e+40 1.063052729773900631e+46 2.130000000000000000e+02
6.000000000000000000e+01 9.262456026169238612e+03 4.662572266453209124e+01 9.418992387549982720e-03 5.371127164933877651e-01 0.000000000000000000e+00 1.162565235183586232e+01 3.677886929547165806e+01 1.198711161055742297e-01 1.149457312688987182e-01 1.710738012212049020e+00 1.416358314625936865e+00 1.000000000000000000e+00 1.000000000000000000e+00 3.900000000000000000e+05 1.135776626337938050e-01 1.750564526722268965e+02 2.398954939569366222e+41 2.229728586431739078e+44 2.140000000000000000e+02
6.000000000000000000e+01 9.660354299251444900e+03 1.974248287120515855e+01 1.678581422162933948e-02 6.925143439932799350e-01 0.000000000000000000e+00 1.022781242619767283e+01 1.050972781202632689e+01 1.262545211429399461e-01 7.672854880621059193e-02 7.305614320847715337e-01 2.435652801576954296e+00 1.000000000000000000e+00 1.000000000000000000e+00 4.200000000000000000e+05 1.204868884370575016e-01 6.088741515941568849e+01 1.500630134376540738e+40 1.750884258203772196e+44 2.120000000000000000e+02
6.000000000000000000e+01 3.012370384084542457e+04 4.995623657269734252e+01 3.351392149485113436e-03 6.394449409169939980e-01 0.000000000000000000e+00 3.164082041896766029e+01 2.066615018289687100e+01 1.095903215128990332e-01 1.312369430315357965e-01 5.884665386972947054e-01 3.093020000000000103e+00 1.000000000000000000e+00 1.000000000000000000e+00 4.200000000000000000e+05 6.083207007255710119e-02 1.195223099843044992e+02 1.546285328714954915e+41 1.314670454004729963e+43 2.220000000000000000e+02
6.000000000000000000e+01 7.633140839436291571e+03 2.398507345805683855e+01 3.472914545538065278e-02 6.770416478334440047e-01 0.000000000000000000e+00 1.043664530319938422e+01 1.479423483237416193e+01 2.888766861335678379e-02 1.255509425488885999e-01 1.493132718124897007e+00 1.093748146317769621e+00 1.000000000000000000e+00 1.000000000000000000e+00 4.300000000000000000e+05 1.249181264704342237e-01 1.897855293843035156e+02 3.607854490175786446e+41 5.377103946537643040e+43 2.280000000000000000e+02
6.000000000000000000e+01 6.787661068012823307e+03 2.398088077126396200e+01 -6.006462161278778439e-02 6.543441227038050423e-01 0.000000000000000000e+00 1.085337359256530476e+01 1.432136355459386579e+01 8.990965098698659730e-02 4.166004139762596870e-02 2.807644743610848703e+00 2.994624500807421708e+00 1.000000000000000000e+00 1.000000000000000000e+00 4.300000000000000000e+05 2.147174763304546610e-02 7.687482572074488019e+01 2.214956578805999038e+40 5.964266845190339343e+44 2.290000000000000000e+02
6.000000000000000000e+01 8.670158408696064726e+03 5.946519647004883780e+01 3.590027317317075473e-01 4.753379489557094106e-01 0.000000000000000000e+00 1.547463892246650374e+01 4.666863806744181176e+01 2.334532476113942434e-01 5.493127164933876427e-01 2.740627647784660503e+00 0.000000000000000000e+00 1.000000000000000000e+00 2.000000000000000000e+00 4.400000000000000000e+05 2.444855350447519560e-02 1.187582812288636660e+02 6.331101339774835229e+40 1.438353294146192910e+45 2.230000000000000000e+02
6.000000000000000000e+01 8.220749875944917221e+03 3.681017237230357608e+01 8.033738867538924716e-03 6.800509326175996350e-01 0.000000000000000000e+00 1.481596487534238626e+01 2.374869849045957437e+01 1.901333092315173612e-01 6.535621649641334963e-02 1.106730335766996198e+00 2.230312013808370963e+00 1.000000000000000000e+00 1.000000000000000000e+00 4.500000000000000000e+05 9.927738302390859415e-02 1.871952756165999290e+02 3.007739173002803841e+41 1.041753417870501608e+44 2.270000000000000000e+02
6.000000000000000000e+01 5.255708537622471340e+03 2.187526789911720471e+01 -2.956786218646949640e-02 6.692419574676495841e-01 0.000000000000000000e+00 1.281096349162501902e+01 1.016754140208679935e+01 1.084752858748850163e-01 7.514223828691064810e-02 1.746820818762281124e+00 2.178231722671746251e+00 1.000000000000000000e+00 1.000000000000000000e+00 4.600000000000000000e+05 1.067990877663829025e-01 9.116943565591199672e+01 3.213747360322782287e+40 7.594348158600985433e+44 2.310000000000000000e+02
6.000000000000000000e+01 7.727712198062256903e+03 3.469711563359954454e+01 -4.857898821037274877e-03 6.125124609682872645e-01 0.000000000000000000e+00 2.435520261669170949e+01 1.192420250823318106e+01 1.300348564757813213e-02 3.816360103497148937e-02 5.082500926575929112e-01 3.044160000000000199e+00 1.000000000000000000e+00 1.000000000000000000e+00 4.700000000000000000e+05 6.328136904455946600e-03 1.536577423008994856e+02 1.636265367107203098e+41 2.274060827932365448e+44 2.320000000000000000e+02
6.000000000000000000e+01 1.081193942199348385e+04 2.415208463530468208e+01 -5.545316071651141404e-02 6.707294228530354951e-01 0.000000000000000000e+00 1.192322413793626268e+01 1.345013194410683077e+01 2.482320470823482644e-02 1.068036609476266802e-01 1.505074229169837574e+00 3.023220000000000240e+00 1.000000000000000000e+00 1.000000000000000000e+00 4.800000000000000000e+05 2.076536807247676697e-02 5.925811169138470547e+01 1.367232863558599205e+40 2.059899667306049085e+44 2.300000000000000000e+02
6.000000000000000000e+01 1.716519360272079211e+04 6.635210943251858851e+01 2.573224311960382038e-01 7.722936161079620998e-01 0.000000000000000000e+00 3.638423177824662247e+01 3.414795047269517880e+01 9.197737966029807810e-02 6.260056044096966588e-01 2.873854932501272774e+00 0.000000000000000000e+00 1.000000000000000000e+00 2.000000000000000000e+00 4.800000000000000000e+05 2.433265602200233857e-02 1.752218562843370364e+02 3.118979816393290132e+41 3.420318106494717918e+43 2.370000000000000000e+02
6.000000000000000000e+01 7.950466302459180042e+03 2.734189313774921004e+01 -8.319358327809976694e-02 6.635598648591202187e-01 0.000000000000000000e+00 1.365720830576361600e+01 1.504936647649327774e+01 2.290329185906065518e-02 1.611428142517147000e-01 1.576382285646453996e+00 2.962838194775187173e+00 1.000000000000000000e+00 1.000000000000000000e+00 4.900000000000000000e+05 2.042250056987834905e-02 6.169122741892098816e+01 1.202644202903829270e+40 6.460788201717648861e+44 2.350000000000000000e+02
6.100000000000000000e+01 1.024126835458789174e+04 3.659867963667886670e+01 -4.856452942538176665e-03 6.604898617301919739e-01 0.000000000000000000e+00 2.450010561142524423e+01 1.390930177751861230e+01 4.973298281543737237e-02 1.053414481143029463e-01 2.519864701694015885e+00 9.900260306530898058e-01 1.000000000000000000e+00 1.000000000000000000e+00 3.200000000000000000e+05 4.620956105726766600e-02 1.584906833895468026e+02 2.126296166178702476e+41 8.650203048411813773e+43 2.070000000000000000e+02
6.100000000000000000e+01 1.443550496416527130e+04 2.148288622388252378e+01 -8.450021313248609611e-02 6.604661603089534427e-01 0.000000000000000000e+00 1.126315977438460081e+01 1.129615096387656870e+01 1.277388398999956542e-01 5.200054135585179677e-02 2.753850252557044076e+00 2.930188310183528433e+00 1.000000000000000000e+00 1.000000000000000000e+00 3.300000000000000000e+05 4.813680045472951141e-02 2.952409663914184534e+01 2.101776233080803370e+39 1.227030652176820572e+44 2.040000000000000000e+02
6.100000000000000000e+01 1.304134760396953197e+03 3.337469423541762836e+01 1.683843194775160382e-02 6.678984647895434001e-01 0.000000000000000000e+00 2.201594634093419955e+01 1.302924595042221689e+01 3.059490776079110130e-02 8.148126459384015530e-02 1.883198084677052853e+00 7.214563556178446024e-01 1.000000000000000000e+00 1.000000000000000000e+00 3.400000000000000000e+05 2.959819678324737691e-02 1.403720294018647508e+02 3.030111394795501978e+40 1.268050875958348559e+46 2.080000000000000000e+02
6.100000000000000000e+01 4.894537590736978927e+03 3.017893746113422182e+01 -4.655027441417511347e-02 6.549552950207289115e-01 0.000000000000000000e+00 1.208095433592422019e+01 1.955268756334001878e+01 1.910586060343720180e-02 8.709726612193606499e-02 2.818980170509006733e-01 3.040326668106319907e+00 1.000000000000000000e+00 1.000000000000000000e+00 3.500000000000000000e+05 3.773795697371077479e-03 1.431660744518665069e+02 9.994367988909896149e+40 7.047896366387772537e+44 2.050000000000000000e+02
6.100000000000000000e+01 1.338649827647017446e+04 2.642404853877973636e+01 -1.093402127491249765e-01 6.335931236497979180e-01 0.000000000000000000e+00 1.046371446523847304e+01 1.719116160513598146e+01 6.822038117827811110e-02 1.522910216630959102e-01 2.180596987828495870e+00 3.093020000000000103e+00 1.000000000000000000e+00 1.000000000000000000e+00 3.600000000000000000e+05 3.175303707785570584e-02 1.600133888605011236e+02 2.956094385410275350e+41 2.141243156504711937e+43 2.120000000000000000e+02
6.100000000000000000e+01 1.204055950532805764e+04 3.413087793244871193e+01 -1.064062022670553276e-02 5.587941594049192773e-01 0.000000000000000000e+00 2.470944569187606987e+01 1.085376992929277939e+01 9.607946002686729159e-02 2.373250700195340401e-01 9.480136889910796283e-01 2.324724609393266750e+00 1.000000000000000000e+00 1.000000000000000000e+00 3.600000000000000000e+05 7.804135783125541737e-02 1.471761640109631628e+02 1.945925180192848236e+41 7.762287617899251183e+43 2.130000000000000000e+02
6.100000000000000000e+01 4.032287576692345283e+03 3.094055027231693344e+01 -1.246467314029511483e-02 6.706161722253601853e-01 0.000000000000000000e+00 1.284955792013672315e+01 1.958863300711682243e+01 9.243410851359873392e-02 4.984410076675192813e-02 1.079599093603912374e+00 2.985885607879191106e+00 1.000000000000000000e+00 1.000000000000000000e+00 3.700000000000000000e+05 5.273667329567133244e-02 1.419691554881124773e+02 8.093109710253347131e+40 1.290433872804926719e+45 2.100000000000000000e+02
6.100000000000000000e+01 5.661449005812252835e+03 2.787406640055877460e+01 1.496581036035100204e-02 6.814415646034390761e-01 0.000000000000000000e+00 1.681586208392938175e+01 1.250382332742531766e+01 1.659792329042786632e-02 7.972698596967409124e-02 1.138129556146819432e+00 1.242144100944101215e+00 1.000000000000000000e+00 1.000000000000000000e+00 3.700000000000000000e+05 5.380070347045913526e-02 9.242360393540232621e+01 3.145793722808345769e+40 9.269167975966592553e+44 2.140000000000000000e+02
6.100000000000000000e+01 1.305864466206872976e+03 2.329715852385234243e+01 8.324426948615296085e-02 7.254498608202643029e-01 0.000000000000000000e+00 1.076994077360176227e+01 1.372750301063931921e+01 3.126067580271715829e-01 2.474118211758477848e-01 8.698631649010070133e-01 1.609687353132170484e+00 1.000000000000000000e+00 1.000000000000000000e+00 4.000000000000000000e+05 2.472247380925586546e-01 1.340241966978119024e+02 3.589703420193258427e+40 5.753470672982813186e+45 2.180000000000000000e+02
6.100000000000000000e+01 8.388452205186837091e+03 4.014690682248190257e+01 4.950826274053223702e-02 5.895723876695079246e-01 0.000000000000000000e+00 1.055278002903576429e+01 3.119903656683124638e+01 9.192471169347156412e-02 6.442113451179008743e-02 3.430966080932737472e-01 9.594949218008543834e-01 1.000000000000000000e+00 1.000000000000000000e+00 4.200000000000000000e+05 6.433736705574395753e-02 1.872125382321465850e+02 2.931481510511120341e+41 1.551357575605051262e+44 2.110000000000000000e+02
6.100000000000000000e+01 2.056913414917295086e+04 3.489425214417818921e+01 6.125823754928691467e-02 7.084923888116946289e-01 0.000000000000000000e+00 1.809837705942398856e+01 1.850437294547094425e+01 3.061395755566748145e-01 6.737707795112837794e-02 9.782864011268590509e-01 2.323066737323804976e+00 1.000000000000000000e+00 1.000000000000000000e+00 4.300000000000000000e+05 1.680564025095357683e-01 2.459818912875662704e+02 1.240874590449454058e+42 2.630013708316142635e+42 2.090000000000000000e+02
6.100000000000000000e+01 9.523315927924712014e+03 2.500374421453285478e+01 2.155474727630781687e-03 6.865835064877447991e-01 0.000000000000000000e+00 1.289240089260936628e+01 1.342532289038689974e+01 1.110172173653082781e-02 2.870775932723198046e-02 8.408413861445849236e-01 1.671418873164977725e+00 1.000000000000000000e+00 1.000000000000000000e+00 4.300000000000000000e+05 2.856255035728232083e-02 1.530209074162150884e+01 2.144735728838829048e+38 6.384931333922841313e+44 2.200000000000000000e+02
6.100000000000000000e+01 8.447156305190053899e+03 5.255478994715485896e+01 4.618166207089851039e-01 6.742809686914152945e-01 0.000000000000000000e+00 3.669983151786087205e+01 1.849160124797050386e+01 6.806898617301918586e-01 6.574052717232339860e-02 0.000000000000000000e+00 1.140479797184009492e+00 2.000000000000000000e+00 1.000000000000000000e+00 4.500000000000000000e+05 3.877437254096609276e-02 1.149558035237196520e+02 5.990251746605060183e+40 6.484571091852843957e+44 2.210000000000000000e+02
6.100000000000000000e+01 4.079156273052881716e+03 3.666500261787638948e+01 5.071616370930942530e-01 5.818949490340087349e-01 0.000000000000000000e+00 2.791897979304293287e+01 1.011301142077761206e+01 6.966415646034389564e-01 2.961628864375515091e-02 0.000000000000000000e+00 2.138932403585179109e+00 2.000000000000000000e+00 1.000000000000000000e+00 4.500000000000000000e+05 1.462842917643688012e-01 1.011057325316959066e+02 2.654543280799005600e+40 4.942551396725660137e+45 2.220000000000000000e+02
6.100000000000000000e+01 1.445277584936569656e+04 3.028232741541276951e+01 -2.792520178195322805e-02 6.779241106389378713e-01 0.000000000000000000e+00 1.565367464545872167e+01 1.619373833916780114e+01 9.458293776887449766e-02 1.545645630246162694e-01 1.732249534623601095e+00 1.834052491013622221e+00 1.000000000000000000e+00 1.000000000000000000e+00 4.800000000000000000e+05 6.140832125467995950e-02 1.207450786368609528e+02 1.260592266857611297e+41 3.810291433479976880e+43 2.160000000000000000e+02
6.100000000000000000e+01 1.101272745335623040e+04 4.759607608223454633e+01 3.507086902943704620e-01 5.998669897103684479e-01 0.000000000000000000e+00 1.589529661520780301e+01 3.421733837996516314e+01 1.327998354256910984e-01 5.745941594049192025e-01 2.988320000000000309e+00 0.000000000000000000e+00 1.000000000000000000e+00 2.000000000000000000e+00 4.800000000000000000e+05 8.483483669083313056e-03 9.463966809902886723e+01 4.236032447098212724e+40 4.514772469812343040e+44 2.280000000000000000e+02
6.100000000000000000e+01 1.312081794020690268e+03 2.016623876272199567e+01 -1.423675283813987669e-01 6.463656111520603709e-01 0.000000000000000000e+00 1.059456829364974517e+01 1.053079777630674663e+01 8.893484161482423378e-02 4.166126142556369483e-01 1.505138079304218834e+00 2.345652146316237641e+00 1.000000000000000000e+00 1.000000000000000000e+00 4.800000000000000000e+05 2.956319760276618913e-01 1.843739524305501050e+02 1.036983121402630307e+41 2.749916850840333711e+45 2.320000000000000000e+02
6.100000000000000000e+01 1.064398856066403096e+04 2.246648778068173158e+01 1.229741688858905641e-01 7.052380749295984463e-01 0.000000000000000000e+00 1.054408206045541085e+01 1.318369882647207803e+01 9.297811335974166813e-02 2.819952222232485761e-01 1.605722144976515553e+00 6.533240873566652507e-01 1.000000000000000000e+00 1.000000000000000000e+00 4.900000000000000000e+05 1.964971276775626385e-01 1.898171086629735385e+02 4.581584832465925535e+41 1.602098265258818409e+43 2.170000000000000000e+02
6.200000000000000000e+01 7.995755568296625825e+03 2.555573338617870505e+01 1.124530733203286600e-02 6.780506242099780811e-01 0.000000000000000000e+00 1.490297936339084650e+01 1.195198980440122583e+01 7.957310443465154259e-02 9.911292819569537949e-02 7.918247015843157266e-01 2.035741969991245792e+00 1.000000000000000000e+00 1.000000000000000000e+00 3.100000000000000000e+05 6.885315451925026753e-02 5.529091472849671618e+01 8.951038765481680371e+39 6.070454929914575271e+44 2.070000000000000000e+02
6.200000000000000000e+01 1.285377925803942844e+03 3.164271341884503386e+01 3.830104392882108244e-02 6.906784371323116956e-01 0.000000000000000000e+00 2.095719001397332804e+01 1.228791649449003565e+01 1.722626574546029174e-02 2.543767121523465291e-01 2.987034322226883365e+00 1.022207365706468529e+00 1.000000000000000000e+00 1.000000000000000000e+00 3.100000000000000000e+05 1.181224229180848073e-01 3.288696218769618440e+02 4.141512677538388622e+41 1.311371674161484627e+45 2.100000000000000000e+02
6.200000000000000000e+01 5.974539746130406456e+03 2.791173754997250356e+01 1.454147387099310497e-02 6.681072416464708397e-01 0.000000000000000000e+00 1.795496190446475993e+01 1.135946849390846758e+01 4.778095017286143435e-03 6.469658662984957564e-02 2.845547196821629488e-01 1.083781735117881340e+00 1.000000000000000000e+00 1.000000000000000000e+00 3.200000000000000000e+05 3.391946122832893706e-02 1.374215066724441670e+02 1.076100647966564478e+41 3.511199776935550933e+44 2.060000000000000000e+02
6.200000000000000000e+01 3.213543152986919722e+03 2.422835331859586105e+01 -4.958878506412754683e-02 6.488011133798786689e-01 0.000000000000000000e+00 1.091173647405743630e+01 1.457847176401036826e+01 1.427853662202362706e-01 7.006454939224021627e-02 2.806078000150510121e+00 1.366593395449329451e+00 1.000000000000000000e+00 1.000000000000000000e+00 3.300000000000000000e+05 6.892258471487328064e-02 8.886775812686600773e+01 1.858647987127455092e+40 4.562737481022740824e+45 2.080000000000000000e+02
6.200000000000000000e+01 1.430049516866489739e+03 4.307476778512502591e+01 2.426478660248154728e-02 6.623108298086144430e-01 0.000000000000000000e+00 1.618895552729118137e+01 2.897202375289384335e+01 6.529351983063211295e-02 8.785963766221880147e-03 2.135281281948321341e-01 1.321535880698950560e+00 1.000000000000000000e+00 1.000000000000000000e+00 3.300000000000000000e+05 8.514434656815398489e-03 1.477105654858506796e+02 2.298850182804485544e+40 2.205680089720998737e+46 2.140000000000000000e+02
6.200000000000000000e+01 3.394888682446825987e+04 5.790400913452184994e+01 -7.685633621206983124e-02 6.681850207992618973e-01 0.000000000000000000e+00 3.450225353357071612e+01 2.651612487118989847e+01 1.995153111452102057e-01 6.968340987742113746e-02 2.553194777480750410e+00 9.752878494627388317e-01 1.000000000000000000e+00 1.000000000000000000e+00 3.400000000000000000e+05 5.982977411743090057e-02 1.149386217183146215e+02 1.392453921853277341e+41 1.231033067406128861e+43 2.040000000000000000e+02
6.200000000000000000e+01 2.051832892668327986e+04 4.139882230697791954e+01 -8.577544967868735992e-02 6.440579784856311774e-01 0.000000000000000000e+00 2.718024139265285655e+01 1.631903912883406349e+01 1.496088815673418115e-01 5.029940102214131362e-03 2.775125118857042494e+00 6.524945977799567753e-01 1.000000000000000000e+00 1.000000000000000000e+00 3.400000000000000000e+05 5.360781983504474962e-02 1.577474074360637246e+02 3.062393141342360574e+41 1.462871033776098441e+43 2.130000000000000000e+02
6.200000000000000000e+01 1.574832998624653010e+04 2.614664640744867086e+01 7.748842166081618132e-02 7.099238451253403470e-01 0.000000000000000000e+00 1.465300167586235425e+01 1.295469732250822936e+01 1.379226799181402785e-01 1.300862450624298283e-01 1.257425289579040539e+00 4.516124433257955317e-01 1.000000000000000000e+00 1.000000000000000000e+00 3.500000000000000000e+05 1.282424024184873612e-01 4.990911654314201229e+01 9.910341264984179795e+39 8.419871312996584466e+43 2.120000000000000000e+02
6.200000000000000000e+01 1.146572333260484265e+04 4.087363768918017826e+01 3.830816112482859220e-02 5.297242271847605322e-01 0.000000000000000000e+00 1.009511984296524112e+01 3.234187606050822694e+01 5.676949635391594778e-02 1.035031139246131854e-01 1.830945428289033394e+00 1.012572511184017809e+00 1.000000000000000000e+00 1.000000000000000000e+00 3.600000000000000000e+05 9.067062654972339597e-02 1.644855143212753887e+02 2.441099380486995463e+41 1.088505616739296909e+44 2.150000000000000000e+02
6.200000000000000000e+01 4.469269998360350655e+03 2.335167414122244978e+01 1.563060511375299541e-02 6.913212140259924476e-01 0.000000000000000000e+00 1.202338976755457622e+01 1.254505975162197906e+01 5.213144817068950110e-02 5.500429299932480670e-02 2.460089866237987755e-01 1.901264113773029507e+00 1.000000000000000000e+00 1.000000000000000000e+00 3.700000000000000000e+05 4.450727411923611349e-02 4.000862350277426316e+01 2.320905143233183003e+39 3.788166266322022302e+45 2.170000000000000000e+02
6.200000000000000000e+01 1.409425815367105679e+04 2.490420222457519017e+01 9.662071245491577962e-03 6.853183919985128547e-01 0.000000000000000000e+00 1.239138711271669280e+01 1.384279525343000827e+01 3.023712164731498162e-02 6.356272100890118792e-02 2.894190852850873075e+00 7.940800535852026165e-01 1.000000000000000000e+00 1.000000000000000000e+00 3.700000000000000000e+05 4.533414530455135566e-02 4.652958143832286453e+01 7.667750375150715982e+39 1.222868814935344764e+44 2.180000000000000000e+02
6.200000000000000000e+01 1.168699050557831924e+03 4.493282788018605345e+01 4.472058498374616997e-01 6.277530731134756126e-01 0.000000000000000000e+00 3.167912347104401505e+01 1.495575534729503175e+01 6.936784371323116982e-01 8.094418727802255020e-02 0.000000000000000000e+00 2.751715395595627722e+00 2.000000000000000000e+00 1.000000000000000000e+00 3.700000000000000000e+05 1.310853659937333271e-02 9.945653346547528884e+01 8.806491560109639573e+39 3.614351042322768614e+46 2.240000000000000000e+02
6.200000000000000000e+01 1.310698959540790565e+04 2.161589397697536796e+01 -6.070668012465318258e-02 6.693384741004745342e-01 0.000000000000000000e+00 1.166006081070293376e+01 1.110498528008424124e+01 1.348640421494596564e-01 7.647584549478095295e-02 2.935882813258823276e+00 1.384407920061511366e+00 1.000000000000000000e+00 1.000000000000000000e+00 3.800000000000000000e+05 7.189815581558293978e-02 8.774618214121535686e+01 5.203556108263780080e+40 5.106268448278417724e+43 2.160000000000000000e+02
6.200000000000000000e+01 1.205878335864385190e+04 2.729407723276387188e+01 -6.976152219818622380e-02 6.588062140156676350e-01 0.000000000000000000e+00 1.612496089593608417e+01 1.252463021527912446e+01 1.250236010014320887e-01 6.574574712470296345e-02 2.303493192493821340e+00 2.480940853083576147e+00 1.000000000000000000e+00 1.000000000000000000e+00 3.800000000000000000e+05 7.535148456519273619e-02 1.282440909799171038e+02 1.410752334293030404e+41 4.925520667527401112e+43 2.190000000000000000e+02
6.200000000000000000e+01 5.930780804431092292e+03 3.739114518199735215e+01 4.828558027509231576e-01 6.221736834587004994e-01 0.000000000000000000e+00 1.129378149492542427e+01 2.794385451186849068e+01 2.454067301161372630e-02 6.691072416464708406e-01 4.572486259567148381e-01 0.000000000000000000e+00 1.000000000000000000e+00 2.000000000000000000e+00 3.800000000000000000e+05 3.878226657072684266e-03 9.952087043397045818e+01 3.505210180029006488e+40 1.506953227843589608e+45 2.280000000000000000e+02
6.200000000000000000e+01 1.171061805463281644e+03 8.218800608972595967e+01 6.456337906173090779e-01 8.667050247904639626e-01 0.000000000000000000e+00 4.494316361916290958e+01 4.312433226218979598e+01 6.267530731134756117e-01 6.653108298086144456e-01 0.000000000000000000e+00 0.000000000000000000e+00 3.000000000000000000e+00 2.000000000000000000e+00 3.900000000000000000e+05 0.000000000000000000e+00 1.405177333520942184e+01 9.499349871160447442e+36 1.490286121779801946e+47 2.290000000000000000e+02
6.200000000000000000e+01 1.515135261399792034e+04 4.888501344371668011e+01 -5.882492331371701189e-02 6.208909962681924410e-01 0.000000000000000000e+00 3.166393922576383702e+01 1.951109325997321520e+01 7.974069349270299090e-02 1.777257025448931438e-01 1.642615564185039290e+00 2.525056993204787936e+00 1.000000000000000000e+00 1.000000000000000000e+00 4.000000000000000000e+05 7.976604239549239805e-03 1.086546103769416760e+02 7.802125656861476571e+40 1.291287302198928347e+44 2.090000000000000000e+02
6.200000000000000000e+01 1.102094947746233993e+04 5.048450826818798731e+01 3.977908867898327649e-01 4.830265325535588739e-01 0.000000000000000000e+00 1.158582658512327157e+01 4.091125873888353937e+01 1.051239297304858988e-01 5.351242271847604925e-01 2.548208976856928931e+00 0.000000000000000000e+00 1.000000000000000000e+00 2.000000000000000000e+00 4.100000000000000000e+05 1.418622329195464403e-02 1.069030211071425640e+02 5.949708906955557992e+40 6.123057075781568997e+44 2.300000000000000000e+02
6.200000000000000000e+01 7.243017653146451266e+03 3.009449582682070812e+01 -7.414200427589709430e-02 6.589807950585020446e-01 0.000000000000000000e+00 1.471787208116208490e+01 1.689695811497292155e+01 1.047768720440856310e-01 6.115801565628792291e-02 3.044160000000000199e+00 2.470376569437861214e+00 1.000000000000000000e+00 1.000000000000000000e+00 4.200000000000000000e+05 1.095872096119094531e-17 6.813671147889108681e+01 1.455431736687037305e+40 9.167595180038701801e+44 2.200000000000000000e+02
6.200000000000000000e+01 2.090068029502952777e+04 5.093967699054934428e+01 -1.187488260662976185e-02 6.784442958598919660e-01 0.000000000000000000e+00 2.846326587471560998e+01 2.510144447526778322e+01 2.081124118525830985e-02 5.595151214370901877e-02 5.861211755486402941e-01 2.505234917570091646e+00 1.000000000000000000e+00 1.000000000000000000e+00 4.200000000000000000e+05 2.880193651923534937e-02 2.680089477129607900e+01 1.401276285205087633e+39 2.234576109692846991e+44 2.340000000000000000e+02
6.200000000000000000e+01 1.238267226118641702e+03 3.642068272201273516e+01 3.846986439135804958e-01 6.632828817607490102e-01 0.000000000000000000e+00 2.427297452762523733e+01 1.368089219819486324e+01 6.562011133798786311e-01 1.517313226540978610e-01 0.000000000000000000e+00 2.264434173638102177e+00 2.000000000000000000e+00 1.000000000000000000e+00 4.200000000000000000e+05 6.071602276495574602e-02 1.090290184211293365e+02 1.358176899385284900e+40 2.167921169026862636e+46 2.360000000000000000e+02
6.200000000000000000e+01 1.456970049057481083e+04 2.112680804062118156e+01 -1.033511515235099321e-01 6.452655133869781290e-01 0.000000000000000000e+00 1.200605952882413163e+01 1.015846920909832640e+01 5.050782170570490559e-02 1.707129000377197725e-01 2.739549376842786987e+00 3.100000000000000089e+00 1.000000000000000000e+00 1.000000000000000000e+00 4.200000000000000000e+05 1.976368591512375414e-02 3.330655513745446683e+01 3.052904638720823580e+39 1.139663609369515269e+44 2.380000000000000000e+02
6.200000000000000000e+01 2.364031829892227051e+03 3.317331582152667124e+01 4.798139397295252961e-01 6.644118436822271656e-01 0.000000000000000000e+00 2.337854401370023538e+01 1.139325008945921880e+01 7.065212140259923279e-01 5.912647650618820666e-02 0.000000000000000000e+00 1.320961265770580706e+00 2.000000000000000000e+00 1.000000000000000000e+00 4.300000000000000000e+05 2.529941604839151120e-02 1.013152313647761673e+02 1.445841429520540160e+40 1.593657609824877371e+46 2.330000000000000000e+02
6.200000000000000000e+01 1.076754060554378611e+03 9.416688063952214804e+01 7.417579464670908118e-01 4.003225388448818922e-01 0.000000000000000000e+00 8.224473538328339828e+01 1.430173988317384115e+01 8.731050247904639239e-01 7.193143592224192362e-02 0.000000000000000000e+00 1.760686361906335318e+00 4.000000000000000000e+00 1.000000000000000000e+00 4.300000000000000000e+05 1.003931041628465005e-02 7.046151524870631988e+01 1.239225944984672987e+39 4.179042054801580680e+47 2.400000000000000000e+02
6.200000000000000000e+01 6.268327000012619465e+03 2.500270287552160653e+01 1.614481567223526037e-03 6.858651392339836228e-01 0.000000000000000000e+00 1.371434312823859081e+01 1.258843331805922539e+01 7.227331283473548140e-02 1.318316059946891272e-01 1.215817424368822008e+00 1.753817162984338429e+00 1.000000000000000000e+00 1.000000000000000000e+00 4.400000000000000000e+05 1.175411571630794461e-01 9.712414575898824864e+01 4.144993838066488550e+40 4.926900963380897578e+44 2.350000000000000000e+02
6.200000000000000000e+01 4.342338700178110230e+03 4.591349358230080924e+01 4.692391541879087358e-01 4.576792800414568596e-01 0.000000000000000000e+00 1.031086659943285078e+01 3.743416973333199138e+01 1.221568941555362248e-01 6.319736834587004193e-01 3.044160000000000199e+00 0.000000000000000000e+00 1.000000000000000000e+00 3.000000000000000000e+00 4.400000000000000000e+05 2.781738175385514884e-03 9.962207442633963694e+01 2.326414169211811001e+40 1.069455433890914931e+46 2.390000000000000000e+02
6.200000000000000000e+01 8.892267681120583802e+03 2.604413095427829461e+01 2.732929813527882473e-02 6.671205002473242773e-01 0.000000000000000000e+00 1.083708888526108538e+01 1.654068050377999910e+01 5.565305143193857024e-02 9.734664138494356078e-02 1.624735983235731762e+00 1.064579287204724611e+00 1.000000000000000000e+00 1.000000000000000000e+00 4.500000000000000000e+05 6.626281553698705473e-02 1.043772739925228024e+02 6.404257053864116211e+40 1.710177159039815179e+44 2.210000000000000000e+02
6.200000000000000000e+01 1.207510915153817405e+04 3.775749046003755183e+01 4.663165049256068340e-01 6.165959657807449368e-01 0.000000000000000000e+00 2.734434456663721491e+01 1.186980468588621740e+01 6.886062140156673506e-01 6.289534652732267639e-02 0.000000000000000000e+00 2.385782716424131866e+00 2.000000000000000000e+00 1.000000000000000000e+00 4.700000000000000000e+05 6.726086592532409814e-01 1.053737477303162962e+02 6.861819094356438979e+40 1.646010458355912655e+44 2.320000000000000000e+02
6.200000000000000000e+01 2.091637490320721190e+04 6.416065710342344630e+01 5.233874846566930472e-01 5.320071393717421548e-01 0.000000000000000000e+00 5.098656305766446906e+01 1.542000779936320143e+01 6.906442958598918436e-01 8.252505919499215914e-02 0.000000000000000000e+00 1.938304163046487005e+00 2.000000000000000000e+00 1.000000000000000000e+00 4.700000000000000000e+05 1.526707995991997968e-01 1.012334899912068096e+02 6.896917286398641400e+40 1.330833638624728730e+44 2.410000000000000000e+02
6.200000000000000000e+01 1.004864972342495275e+04 6.022627820395940290e+01 4.010859690814088663e-01 4.772643698163134274e-01 0.000000000000000000e+00 5.055422498306727874e+01 1.171871781516621525e+01 4.904265325535588915e-01 1.668866600906354636e-02 0.000000000000000000e+00 3.506340679562264806e-01 3.000000000000000000e+00 1.000000000000000000e+00 4.800000000000000000e+05 1.111408845106482985e-03 1.043126598805642828e+02 4.768406627271495055e+40 1.239234208756152943e+45 2.440000000000000000e+02
6.200000000000000000e+01 1.297336050638037341e+04 4.179674319619124390e+01 3.086150777612380325e-01 7.857574086600747076e-01 0.000000000000000000e+00 2.282236395048726507e+01 2.166566775102059950e+01 1.030394483954250456e-01 7.079384741004741688e-01 2.323903222862996110e+00 0.000000000000000000e+00 1.000000000000000000e+00 2.000000000000000000e+00 4.900000000000000000e+05 6.175749491758582010e-01 2.377168264249123411e+02 7.904072289485276088e+41 1.344180626303792877e+43 2.310000000000000000e+02
6.200000000000000000e+01 1.039302912910483656e+03 1.189755411818117921e+02 3.352185245832179361e-01 5.902548438580413892e-01 0.000000000000000000e+00 2.964784015667460437e+01 9.427523484398356857e+01 1.025759069631510811e-01 4.087225388448819108e-01 1.457782851934261714e-01 0.000000000000000000e+00 1.000000000000000000e+00 5.000000000000000000e+00 4.900000000000000000e+05 4.036108291806320483e-03 1.243609817661439365e+02 4.348242819404318780e+39 1.481189624514108944e+47 2.460000000000000000e+02
6.300000000000000000e+01 8.921485822542335882e+02 4.666367616341621272e+01 5.407203201362989833e-03 5.244832760602742283e-01 0.000000000000000000e+00 1.045736593184587271e+01 3.784039360105500549e+01 4.221887091569040407e-02 1.749784105511370536e-02 1.644184830052035640e-01 1.837316929580397495e+00 1.000000000000000000e+00 1.000000000000000000e+00 3.500000000000000000e+05 1.688004697368853183e-02 1.670261850239498074e+02 4.917492493038033827e+40 1.098956557146473151e+46 2.050000000000000000e+02
6.300000000000000000e+01 8.282048981089899826e+03 3.157736157777846842e+01 -5.361605726121736193e-02 6.643410906368639735e-01 0.000000000000000000e+00 1.441153589347594099e+01 1.875085749841441540e+01 4.433536307385237130e-02 1.050727686710708209e-01 2.174616768996080030e+00 2.372191340204262922e+00 1.000000000000000000e+00 1.000000000000000000e+00 4.400000000000000000e+05 7.309968314167460124e-02 1.232885403788968972e+02 9.259387270381632430e+40 2.191364801202092952e+44 2.110000000000000000e+02
6.300000000000000000e+01 3.096458839626105146e+03 2.112059808865045341e+01 -5.774861120874243831e-03 6.850779552028309904e-01 0.000000000000000000e+00 1.196704429663679292e+01 1.027658399953060631e+01 5.558257793209254310e-02 9.827524516373976893e-02 2.480691792959573760e+00 1.167178929203257942e+00 1.000000000000000000e+00 1.000000000000000000e+00 4.700000000000000000e+05 7.594450944951654237e-02 1.072699718602282672e+02 3.437727422068906031e+40 2.399075636432989048e+45 2.140000000000000000e+02
6.300000000000000000e+01 1.511085899776550468e+04 2.918933455821463241e+01 -4.635154853682016407e-05 6.463002754747831924e-01 0.000000000000000000e+00 1.215068423348184368e+01 1.856316791480214690e+01 9.366935831915791655e-02 6.194099544165229676e-02 3.019213060802515169e+00 1.941831992996048140e-01 1.000000000000000000e+00 1.000000000000000000e+00 4.900000000000000000e+05 5.845635368048762021e-02 8.919651375490118994e+01 5.293155435878157353e+40 6.321774082169872936e+43 2.120000000000000000e+02
6.400000000000000000e+01 4.452856611411029007e+03 3.153097876861711768e+01 2.594176389484416367e-02 6.306872901523612462e-01 0.000000000000000000e+00 2.161526677375959338e+01 1.137013889033910807e+01 9.464252643608364601e-02 3.427060184253152147e-02 9.653461090344123141e-01 2.484772691453263960e+00 1.000000000000000000e+00 1.000000000000000000e+00 2.800000000000000000e+05 7.781943382264978892e-02 1.917768359618776230e+02 2.160410124855443362e+41 5.253004912561721861e+44 2.100000000000000000e+02
6.400000000000000000e+01 1.290215638001778188e+03 4.726311390524183054e+01 -1.575271657248058371e-02 4.668893617867205248e-01 0.000000000000000000e+00 3.775870071292109742e+01 1.118083813354170353e+01 3.699466003817754312e-02 1.242629531552076200e-01 1.158177416281483296e+00 2.850938622434471714e+00 1.000000000000000000e+00 1.000000000000000000e+00 3.100000000000000000e+05 3.388983720001782773e-02 1.628005595003890846e+02 3.192930860978688981e+40 3.747827792292869442e+46 2.130000000000000000e+02
6.400000000000000000e+01 2.258767373986637176e+04 2.622417047734391815e+01 6.182694426578562441e-02 7.126720970863110738e-01 0.000000000000000000e+00 1.496911643138249026e+01 1.274808195332912675e+01 1.663888549241006043e-01 2.102740626389705270e-01 1.817591201318455196e+00 5.230916378604952843e-01 1.000000000000000000e+00 1.000000000000000000e+00 3.200000000000000000e+05 1.613473398999093200e-01 1.820631190567791009e+02 5.898172786217649137e+41 2.492630893839841232e+42 2.110000000000000000e+02
6.400000000000000000e+01 2.861311739370440409e+04 6.648024368044730181e+01 -6.391173022742772936e-02 6.683553999225436693e-01 0.000000000000000000e+00 3.396551514211394363e+01 3.589132370284145424e+01 2.535159641013813581e-02 2.015669681335381658e-01 2.149260910009828329e+00 2.155629887713153003e+00 1.000000000000000000e+00 1.000000000000000000e+00 3.400000000000000000e+05 1.680673406486528632e-01 1.981145180799726120e+02 6.140611868858405612e+41 7.172677049612044457e+42 2.160000000000000000e+02
6.400000000000000000e+01 1.349473011019064688e+04 3.009041401331659316e+01 4.151976610931384926e-02 6.933873535480643557e-01 0.000000000000000000e+00 1.791047149911103986e+01 1.377800444443445826e+01 1.146666832798851760e-01 1.315541786128964497e-01 1.292011870373358517e+00 1.143867972875436179e+00 1.000000000000000000e+00 1.000000000000000000e+00 3.500000000000000000e+05 8.508900681945712197e-02 8.417827839723248928e+01 4.109220439538306992e+40 9.096767988718075648e+43 2.140000000000000000e+02
6.400000000000000000e+01 5.167487718271864651e+03 2.276661055064393580e+01 -1.405586164517112768e-01 6.435668696467455874e-01 0.000000000000000000e+00 1.247665461519873809e+01 1.139388082804855884e+01 1.758396243486796962e-01 1.067012569078080592e-01 2.923337919873226554e+00 3.079060000000000130e+00 1.000000000000000000e+00 1.000000000000000000e+00 3.600000000000000000e+05 2.641321978652666838e-02 4.102764222199791533e+01 2.836971020695856823e+39 2.633472708895150143e+45 2.170000000000000000e+02
6.400000000000000000e+01 1.127511632551613502e+03 5.872125914551050130e+01 3.531212823336894457e-01 4.998696318354173274e-01 0.000000000000000000e+00 1.374538642553486767e+01 4.731749775095057231e+01 7.367175733712777452e-02 4.732893617867205416e-01 2.535482786132220667e+00 0.000000000000000000e+00 1.000000000000000000e+00 2.000000000000000000e+00 3.700000000000000000e+05 1.041600872546151642e-02 1.139668785638059774e+02 1.021826361470284610e+40 7.278371065988895559e+46 2.190000000000000000e+02
6.400000000000000000e+01 2.265384813599309564e+04 5.114235002611597736e+01 -1.444177000203807626e-01 6.237857207066473952e-01 0.000000000000000000e+00 3.460328838095124127e+01 1.894911578078683689e+01 2.184738357413935628e-01 4.236413436071839039e-02 3.051140000000000185e+00 1.828905157011814664e+00 1.000000000000000000e+00 1.000000000000000000e+00 3.700000000000000000e+05 7.300313845115569654e-03 1.870080893828972535e+02 4.984440099683714107e+41 1.143680668994984521e+43 2.120000000000000000e+02
6.400000000000000000e+01 1.349299668260980297e+03 4.305712879629740542e+01 4.159693995365686958e-01 5.993508878409556928e-01 0.000000000000000000e+00 1.369811273746780955e+01 3.158904917794433587e+01 1.242591985338730026e-01 6.366872901523612516e-01 2.416804728029921190e+00 0.000000000000000000e+00 1.000000000000000000e+00 2.000000000000000000e+00 3.700000000000000000e+05 3.190646871496016779e-02 1.226357924256081589e+02 1.448769518542291416e+40 3.614911970194556642e+46 2.200000000000000000e+02
6.400000000000000000e+01 4.473118414524058608e+03 3.354246247790914026e+01 4.016330350529168092e-01 6.571158894094344394e-01 0.000000000000000000e+00 2.278232493276223636e+01 1.207623091167294582e+01 6.465668696467455900e-01 6.053848555234579709e-02 0.000000000000000000e+00 3.086040000000000116e+00 2.000000000000000000e+00 1.000000000000000000e+00 4.000000000000000000e+05 1.631969103002907677e-03 9.237557464658648598e+01 2.337936319881819610e+40 2.933573096646353280e+45 2.230000000000000000e+02
6.400000000000000000e+01 1.147082759483246718e+03 5.722654661386313535e+01 4.324909700210895491e-01 6.002680585842705696e-01 0.000000000000000000e+00 1.686185220667561069e+01 4.310667297685676402e+01 1.801786944458781681e-02 6.057508878409556541e-01 2.188908173509205302e+00 0.000000000000000000e+00 1.000000000000000000e+00 3.000000000000000000e+00 4.300000000000000000e+05 5.067952108169525120e-03 1.022610647902049834e+02 7.417266849537578572e+39 5.855250920171656400e+46 2.270000000000000000e+02
6.400000000000000000e+01 1.048390866205097882e+04 3.605390226643693552e+01 1.125145398429051868e-02 6.682314721901739807e-01 0.000000000000000000e+00 1.631411070845751254e+01 2.166643707363675730e+01 7.519395102255610475e-02 9.263924497418242476e-02 3.035756870359554771e+00 6.082338768242389060e-01 1.000000000000000000e+00 1.000000000000000000e+00 4.400000000000000000e+05 5.293582176421306185e-02 8.188762022839011934e+01 2.997474294926902083e+40 3.149378958637621065e+44 2.260000000000000000e+02
6.400000000000000000e+01 1.048247603495743988e+03 4.218536713063075183e+01 -1.470650108242059842e-03 6.835865885690939336e-01 0.000000000000000000e+00 2.020798717775556241e+01 2.415616245450503641e+01 4.623222891695757952e-02 4.657646663360281297e-02 1.126525601626842121e+00 1.998610819932053584e+00 1.000000000000000000e+00 1.000000000000000000e+00 4.400000000000000000e+05 4.237874637615037660e-02 5.951026716638375547e+01 2.189610329593259846e+39 2.858136584118424874e+46 2.290000000000000000e+02
6.400000000000000000e+01 8.933545398344482237e+03 4.146157382405102254e+01 -1.777002187586666435e-02 5.937750313142612368e-01 0.000000000000000000e+00 1.263920635656991287e+01 3.059077424009595347e+01 8.715336989470538753e-02 7.463020779818653472e-02 1.590303845534477123e+00 1.904002856599618987e+00 1.000000000000000000e+00 1.000000000000000000e+00 4.600000000000000000e+05 7.052542906251640931e-02 1.782318380589005073e+02 2.605942547101401420e+41 1.535098218784209155e+44 2.280000000000000000e+02
6.400000000000000000e+01 1.531497299580704203e+04 3.541846766194420582e+01 1.013354635931444647e-02 6.773949952375426520e-01 0.000000000000000000e+00 2.148594023803699216e+01 1.576030898954545556e+01 9.324411373504093437e-03 1.392359754071515951e-02 4.113436099071791641e-01 4.882023400344136510e-01 1.000000000000000000e+00 1.000000000000000000e+00 4.800000000000000000e+05 4.584511176063248497e-03 8.507164930889796040e+01 4.292033866762964810e+40 8.863598479445527739e+43 2.300000000000000000e+02
6.400000000000000000e+01 5.899265552963951450e+03 2.382661512192195019e+01 -9.265559606362903933e-02 6.319040981351717878e-01 0.000000000000000000e+00 1.039792953614585258e+01 1.457992056015375759e+01 1.646008994132108216e-01 4.653129336087147988e-02 2.891142717550360342e+00 2.885087996760197449e+00 1.000000000000000000e+00 1.000000000000000000e+00 4.800000000000000000e+05 2.773422225510223729e-02 7.925025543719034715e+01 2.205076144153287126e+40 9.154880553287641464e+44 2.310000000000000000e+02
6.400000000000000000e+01 1.280173384391773425e+03 2.803847077880790195e+01 1.416432825159475925e-02 6.508067729281985514e-01 0.000000000000000000e+00 1.012327022835727419e+01 1.923880741692936525e+01 1.232665524715597788e-01 3.911791431860056623e-02 1.192828138692598516e+00 1.630103610266183667e+00 1.000000000000000000e+00 1.000000000000000000e+00 4.900000000000000000e+05 5.516335835765157070e-02 1.579476908180816679e+02 5.111657409318585901e+40 7.159011901485750336e+45 2.330000000000000000e+02
6.500000000000000000e+01 6.065027957188212895e+03 2.606313776571664675e+01 -5.569287960355677469e-02 6.599425293064528075e-01 0.000000000000000000e+00 1.107855562159495832e+01 1.626891764891339420e+01 5.914040171207670185e-03 1.169360922090075111e-01 3.931791501848393433e-01 2.554222427418745944e+00 1.000000000000000000e+00 1.000000000000000000e+00 3.400000000000000000e+05 6.480293209038395785e-02 1.738048846003945016e+02 2.274843909041710134e+41 1.675811286945148282e+44 2.080000000000000000e+02
6.500000000000000000e+01 5.198914771202820702e+03 2.421860969261413388e+01 1.747407482143921442e-02 6.924316590414607564e-01 0.000000000000000000e+00 1.121129109394512469e+01 1.425397283869764031e+01 9.216335145905327209e-02 2.810378781912341029e-01 7.912580892320049131e-01 1.641089603010696285e+00 1.000000000000000000e+00 1.000000000000000000e+00 3.600000000000000000e+05 2.803438396320829806e-01 4.339705206244389615e+02 3.272079485799237028e+42 1.621926660535983901e+43 2.100000000000000000e+02
6.500000000000000000e+01 1.047561410805044034e+03 5.131609299453283768e+01 -9.481885718606516966e-04 5.620244233952828017e-01 0.000000000000000000e+00 1.473685057336393989e+01 3.872873157684754375e+01 6.154433798412101142e-02 4.791465031357437093e-02 2.301900379627113580e+00 1.267132303442171759e+00 1.000000000000000000e+00 1.000000000000000000e+00 3.600000000000000000e+05 4.572242501604321246e-02 1.762619410218397604e+02 4.801566190625882094e+40 1.722553939949455910e+46 2.110000000000000000e+02
6.500000000000000000e+01 1.675736273923667250e+04 6.227685963676892555e+01 -3.985040531866032576e-02 6.735102717007852569e-01 0.000000000000000000e+00 3.357934342520179172e+01 3.189864938704782205e+01 5.136282943759973296e-02 6.226973598929624182e-02 2.306438390835434227e+00 2.390524447997137703e+00 1.000000000000000000e+00 1.000000000000000000e+00 3.800000000000000000e+05 2.596626284145921171e-02 1.324102127194167444e+01 1.361052500479772964e+38 7.641263458892734794e+44 2.090000000000000000e+02
6.500000000000000000e+01 1.589880922806308081e+04 2.801494019227475718e+01 -1.371021116978350385e-01 6.399340848063718168e-01 0.000000000000000000e+00 1.532872346373318173e+01 1.404596612455182481e+01 6.846534110632922221e-02 2.168788644081607320e-01 3.079060000000000130e+00 2.932456727301726573e+00 1.000000000000000000e+00 1.000000000000000000e+00 3.900000000000000000e+05 4.074762946210441772e-02 5.393354673091598528e+01 1.224845999961386504e+40 1.066099175083887210e+44 2.120000000000000000e+02
6.500000000000000000e+01 9.375643907751678853e+03 3.645202874339968702e+01 3.600942827210863034e-02 6.893885469834445390e-01 0.000000000000000000e+00 1.602016039893769772e+01 2.234331186074246745e+01 9.084160901026115675e-02 8.802909593002457289e-03 6.113920059146862318e-01 2.658410333014729621e-01 1.000000000000000000e+00 1.000000000000000000e+00 3.900000000000000000e+05 3.566698258495836632e-02 1.038212074648667880e+02 5.644149060220357980e+40 2.705509760039856254e+44 2.130000000000000000e+02
6.500000000000000000e+01 2.763380675717617851e+04 5.332740816858058963e+01 -9.134165287872623995e-02 5.980902188000131181e-01 0.000000000000000000e+00 3.763222774597325326e+01 1.807339248827945966e+01 1.104629710744347432e-01 1.091405886382845331e-01 2.925478809120688695e+00 2.118985207344300292e+00 1.000000000000000000e+00 1.000000000000000000e+00 4.000000000000000000e+05 4.046227860018217909e-02 1.765762593010940122e+02 4.633067318405514796e+41 8.650963515656198037e+42 2.140000000000000000e+02
6.500000000000000000e+01 1.259857810394191119e+03 2.473298247115424076e+01 6.415273031409339521e-02 6.994126756934194722e-01 0.000000000000000000e+00 1.085103985051889808e+01 1.520716825477269474e+01 1.616120840686006699e-01 3.587570663970575391e-02 8.443059074991353663e-01 3.790749531307720521e-01 1.000000000000000000e+00 1.000000000000000000e+00 4.100000000000000000e+05 8.218016351015337839e-02 1.165748137253754493e+02 2.284479320138119138e+40 8.386595457647230467e+45 2.150000000000000000e+02
6.500000000000000000e+01 1.655279506822221447e+04 7.514913921690015286e+01 5.422333700567965042e-01 5.091066766235681218e-01 0.000000000000000000e+00 1.566313325702230763e+01 6.231984549833505582e+01 1.141332118508339016e-01 6.765102717007852595e-01 1.500840021648878198e+00 0.000000000000000000e+00 1.000000000000000000e+00 2.000000000000000000e+00 4.200000000000000000e+05 2.410906909861199737e-02 9.697802618642299421e+01 4.898518745194193657e+40 4.382780667455113626e+44 2.190000000000000000e+02
6.500000000000000000e+01 6.009097869409341911e+03 4.060069997749322113e+01 3.695900519438923282e-01 6.803899303120413133e-01 0.000000000000000000e+00 2.611714433841000371e+01 1.617348552702391373e+01 6.677425293064527256e-01 1.449840622665992673e-01 0.000000000000000000e+00 2.452154929504815950e+00 2.000000000000000000e+00 1.000000000000000000e+00 4.400000000000000000e+05 5.339977831584532403e-02 1.116028538801113115e+02 4.781384355461598908e+40 1.126934223318229635e+45 2.170000000000000000e+02
6.500000000000000000e+01 6.947739139710615746e+03 3.223896952491327994e+01 4.909329076238409806e-02 6.897427984768670362e-01 0.000000000000000000e+00 2.316352797854506207e+01 1.061756849454140905e+01 3.447362461501154995e-02 2.455212651391664724e-01 3.065100000000000158e+00 3.434211475297507810e-01 1.000000000000000000e+00 1.000000000000000000e+00 4.500000000000000000e+05 3.407525718300911249e-02 1.953804433211179798e+02 3.225141653621980649e+41 1.149690505575561093e+44 2.210000000000000000e+02
6.500000000000000000e+01 1.188289036962338105e+04 4.061809646522057449e+01 9.987877875980884224e-02 6.385182420097343936e-01 0.000000000000000000e+00 1.266316930398031282e+01 2.983334026447811027e+01 1.786838347152430451e-01 1.274396182157402635e-01 1.103646621189745325e+00 5.578745812508972834e-01 1.000000000000000000e+00 1.000000000000000000e+00 4.600000000000000000e+05 6.746452385316778488e-02 1.583051026025127328e+02 2.233213525579043621e+41 7.317618856047964543e+43 2.230000000000000000e+02
6.500000000000000000e+01 8.136440710992648746e+03 3.446686683593528500e+01 -5.624649607292325076e-02 6.217826529096790455e-01 0.000000000000000000e+00 1.247751425217439269e+01 2.357941703175584180e+01 4.149944368408020612e-02 6.803107021354755368e-02 2.556057046967981528e+00 3.044160000000000199e+00 1.000000000000000000e+00 1.000000000000000000e+00 4.700000000000000000e+05 1.082238778808077700e-02 1.592797407032154524e+02 1.895866738958727269e+41 1.705741481228001503e+44 2.220000000000000000e+02
6.500000000000000000e+01 9.911213848391969805e+03 2.572075642659634553e+01 4.523077962121848511e-02 6.970494764377499486e-01 0.000000000000000000e+00 1.243867729440351155e+01 1.465743916963079840e+01 5.822202143592652285e-02 4.626825655386235248e-02 3.817047216531720411e-01 6.160745812177929048e-01 1.000000000000000000e+00 1.000000000000000000e+00 4.800000000000000000e+05 4.800035861984926211e-02 4.816864412051222644e+01 6.781082349207615126e+39 3.520541191213756052e+44 2.200000000000000000e+02
6.600000000000000000e+01 9.518517774880436264e+03 3.405876169714305490e+01 4.345814972807948706e-03 6.648656621720105964e-01 0.000000000000000000e+00 2.038362328495940901e+01 1.534316284698814847e+01 9.499079817008747317e-02 9.079369621840928384e-02 6.459330181061619935e-01 3.086040000000000116e+00 1.000000000000000000e+00 1.000000000000000000e+00 4.600000000000000000e+05 6.025895815475969253e-02 1.008370291028729611e+02 5.381998261216244773e+40 2.574406034635418711e+44 2.090000000000000000e+02
6.600000000000000000e+01 5.209914912830242429e+03 3.144044355476248143e+01 3.995485818508215381e-02 6.367628802767733021e-01 0.000000000000000000e+00 1.112281079114176663e+01 2.181266799140033541e+01 1.054002479398154397e-02 7.298134875312295433e-02 4.262457898355508368e-01 7.081308292990545761e-01 1.000000000000000000e+00 1.000000000000000000e+00 4.900000000000000000e+05 4.746817309819287983e-02 1.467665869508586240e+02 1.109064630896374740e+41 6.316920849823576843e+44 2.120000000000000000e+02
6.700000000000000000e+01 2.502499876098881941e+03 3.201652616106338201e+01 -5.013709649715493433e-02 6.177391195730659312e-01 0.000000000000000000e+00 2.265483983808162449e+01 1.081586591993201552e+01 2.473484332479126691e-01 1.123396070279559650e-01 1.856062051627534348e+00 1.654173576072069718e+00 1.000000000000000000e+00 1.000000000000000000e+00 3.000000000000000000e+04 2.373523183235386191e-01 3.972580822478955724e+02 9.894321080663783133e+41 4.133776120329919476e+44 2.020000000000000000e+02
6.700000000000000000e+01 3.238662196850597411e+03 2.889945130214033142e+01 4.780471500719918332e-04 6.759217326636060008e-01 0.000000000000000000e+00 1.695546455219814064e+01 1.340217805599052348e+01 1.105681560689107806e-01 5.959178483703479745e-02 1.306332307721838282e+00 2.208569310417268117e+00 1.000000000000000000e+00 1.000000000000000000e+00 1.100000000000000000e+05 1.067240043080471684e-01 9.364214663836365560e+01 1.948671201350730276e+40 5.295540496943599371e+45 2.030000000000000000e+02
6.700000000000000000e+01 1.489688439965546195e+03 3.723112361361111056e+01 -2.194661983071246811e-02 6.769442886783912927e-01 0.000000000000000000e+00 1.852319656962464478e+01 2.063670261284294227e+01 4.051750499461078542e-02 6.107498618146732852e-03 2.930316888068539072e+00 3.058331006793072238e+00 1.000000000000000000e+00 1.000000000000000000e+00 1.400000000000000000e+05 7.509916709539284259e-03 2.925404286688882038e+01 2.094022419768728770e+38 1.130719199253423705e+47 2.050000000000000000e+02
6.700000000000000000e+01 1.219171860840614954e+03 5.145399515064499951e+01 4.723120328733127482e-01 6.312854790966635488e-01 0.000000000000000000e+00 3.725682195381227757e+01 1.634464768406613899e+01 6.833442886783912540e-01 2.482512408731992262e-02 0.000000000000000000e+00 1.929952087287058138e+00 2.000000000000000000e+00 1.000000000000000000e+00 1.800000000000000000e+05 9.119401979124941784e-03 9.747765117639218602e+01 6.688062609288923089e+39 5.411542340036495607e+46 2.060000000000000000e+02
6.700000000000000000e+01 1.102502760190797517e+03 4.731097683190610326e+01 9.378389056053074505e-03 5.666306812412806870e-01 0.000000000000000000e+00 1.381804051521671184e+01 3.550595601339895069e+01 4.129787701510927861e-02 4.329275386511730744e-02 3.023035981769007119e+00 8.371669302219657549e-01 1.000000000000000000e+00 1.000000000000000000e+00 2.100000000000000000e+05 3.215565680048492608e-02 1.677380866990389734e+02 4.255067570163123547e+40 1.788389770077624455e+46 2.070000000000000000e+02
6.700000000000000000e+01 1.316924163214234795e+03 2.944106971132020334e+01 5.063015239580838378e-03 6.874706733647525381e-01 0.000000000000000000e+00 1.473865601498387079e+01 1.623824411999149575e+01 1.552739138382294715e-01 4.824593277260338930e-02 1.462670148125184699e+00 1.686099011019851268e+00 1.000000000000000000e+00 1.000000000000000000e+00 2.300000000000000000e+05 1.381868232567210475e-01 9.047863115661928646e+01 9.070789919199624739e+39 2.010951492571324700e+46 2.090000000000000000e+02
6.700000000000000000e+01 1.033681650720220387e+04 4.183584875848915630e+01 4.318850679194730091e-01 5.640286774773646261e-01 0.000000000000000000e+00 3.217154003957936936e+01 1.124330639755593886e+01 5.987391195730659144e-01 1.256746436162069491e-01 0.000000000000000000e+00 1.941687330199461714e+00 2.000000000000000000e+00 1.000000000000000000e+00 2.500000000000000000e+05 3.565973457839423377e-02 1.237846362084169556e+02 9.614800764119443710e+40 2.718141697796725135e+44 2.110000000000000000e+02
6.700000000000000000e+01 9.150817650829116246e+03 3.093799093605122152e+01 -5.467085535173690086e-03 6.719032887608957783e-01 0.000000000000000000e+00 1.892606668074601117e+01 1.359673453181855152e+01 3.403549340498109033e-02 4.604712330349632760e-02 1.924947759491139943e+00 1.497921960789132312e+00 1.000000000000000000e+00 1.000000000000000000e+00 2.600000000000000000e+05 3.192328829413871444e-02 9.285420122536733345e+01 4.268091246762548905e+40 2.750451056182121750e+44 2.100000000000000000e+02
6.700000000000000000e+01 1.391067962583951157e+03 2.112925211728404307e+01 -2.701984703187399611e-02 6.781320029021974394e-01 0.000000000000000000e+00 1.118931360471191638e+01 1.106512291157779337e+01 7.842784293931431838e-02 1.244047120739990783e-02 2.433782244231930569e+00 1.075366424086778183e+00 1.000000000000000000e+00 1.000000000000000000e+00 2.600000000000000000e+05 5.099156457792830555e-02 7.761015720251926098e+01 7.368168344336297128e+39 1.485860374156659869e+46 2.120000000000000000e+02
6.700000000000000000e+01 1.973191890102065736e+04 3.519410739590234982e+01 2.579748123346535180e-02 6.658890138671648140e-01 0.000000000000000000e+00 1.446937483092141186e+01 2.250568004682896728e+01 6.018959756438875888e-03 4.984631211094731063e-02 8.842506196455011125e-01 6.417174905658589168e-01 1.000000000000000000e+00 1.000000000000000000e+00 2.700000000000000000e+05 2.983661429888017844e-02 1.080351944984395800e+02 1.023085278482372466e+41 2.664388199775383430e+43 2.130000000000000000e+02
6.700000000000000000e+01 1.237256500923858539e+03 4.185132537784283357e+01 4.604658420988119172e-01 6.467468103190880946e-01 0.000000000000000000e+00 2.946139105947986891e+01 1.400514962446859357e+01 6.884706733647525390e-01 2.068879642737774319e-02 0.000000000000000000e+00 2.755738216379908234e+00 2.000000000000000000e+00 1.000000000000000000e+00 2.700000000000000000e+05 3.343502573559762551e-03 9.607407447787744559e+01 8.059716172508719178e+39 3.617017735066522507e+46 2.150000000000000000e+02
6.700000000000000000e+01 1.294985019748415107e+04 2.439491052051725362e+01 4.831654913117514050e-02 6.986759944566653946e-01 0.000000000000000000e+00 1.189404813755619372e+01 1.381970947880606815e+01 1.258753859801856334e-01 9.895027280295043415e-02 1.230609966616630579e+00 9.965139218799843324e-01 1.000000000000000000e+00 1.000000000000000000e+00 2.800000000000000000e+05 9.996519852242023718e-02 4.912868320526386867e+01 8.653909395294692435e+39 1.383960664963503902e+44 2.140000000000000000e+02
6.700000000000000000e+01 1.150186714010341711e+04 2.482321169063897415e+01 -9.666095035889034348e-02 6.467696063806671614e-01 0.000000000000000000e+00 1.407518058584654064e+01 1.197271375512762326e+01 3.062155671357952649e-02 1.768255209696891483e-01 2.785722338673659149e+00 3.086040000000000116e+00 1.000000000000000000e+00 1.000000000000000000e+00 2.900000000000000000e+05 1.800024740036977492e-17 2.822900057524409334e+01 1.518253170758700011e+39 3.449351309158149547e+44 2.160000000000000000e+02
6.700000000000000000e+01 3.195281611377796435e+04 5.362106571199210947e+01 -5.103192844103061898e-02 6.377694208755991800e-01 0.000000000000000000e+00 3.537119190753296749e+01 2.078572499310789468e+01 1.746483816219396579e-01 7.161052439646668766e-02 1.914134724564982237e+00 2.127297643092954882e+00 1.000000000000000000e+00 1.000000000000000000e+00 2.900000000000000000e+05 1.597346371875744131e-01 2.762064164070124548e+02 1.921559339301728521e+42 1.478986510674660127e+42 2.170000000000000000e+02
6.700000000000000000e+01 1.099130089083212169e+03 6.221432567169943439e+01 2.836985173962450202e-01 8.053374691157567655e-01 0.000000000000000000e+00 2.901266935378190936e+01 3.592003926869374197e+01 6.943217326636059727e-01 6.080023895447322219e-02 0.000000000000000000e+00 2.479737196507705299e+00 2.000000000000000000e+00 1.000000000000000000e+00 2.900000000000000000e+05 3.736670767605223403e-02 2.091953671977121587e+02 6.126671648110166566e+40 9.540178325257720769e+45 2.190000000000000000e+02
6.700000000000000000e+01 1.054117398231679999e+03 9.245958709229832095e+01 6.102887303032293875e-01 8.555412049449819811e-01 0.000000000000000000e+00 4.738720885491721191e+01 5.157247553970874776e+01 5.750306812412806501e-01 6.426854790966635145e-01 0.000000000000000000e+00 0.000000000000000000e+00 2.000000000000000000e+00 3.000000000000000000e+00 2.900000000000000000e+05 0.000000000000000000e+00 1.505031775449599074e+01 1.361397445509970898e+37 1.178730408092217099e+47 2.200000000000000000e+02
6.700000000000000000e+01 3.163289240420867645e+04 3.024957757371853617e+01 -5.259057485229173823e-04 6.567530457206969263e-01 0.000000000000000000e+00 1.890360267596105359e+01 1.282410351658385395e+01 8.083207705488862360e-02 6.892253305285708787e-02 1.054341093752432901e+00 2.631197913070348005e+00 1.000000000000000000e+00 1.000000000000000000e+00 3.100000000000000000e+05 7.146600826293619813e-02 1.224113680988501756e+02 2.049034239516977652e+41 3.741311362165339857e+42 2.180000000000000000e+02
6.700000000000000000e+01 1.120061792457411002e+03 5.690679496314542973e+01 4.520347997070761070e-01 6.198308061592371354e-01 0.000000000000000000e+00 1.788255233511589992e+01 4.189948208682772446e+01 2.120994370080653627e-02 6.531468103190880559e-01 2.700305300819143550e+00 0.000000000000000000e+00 1.000000000000000000e+00 3.000000000000000000e+00 3.300000000000000000e+05 3.446587026575252503e-03 9.786232810174583108e+01 6.795457089175958788e+39 5.341136070492084880e+46 2.280000000000000000e+02
6.700000000000000000e+01 9.549570133910179720e+03 5.193776439075638507e+01 4.713815224517736713e-01 5.629839541570140771e-01 0.000000000000000000e+00 1.213583505908974658e+01 4.191289758338560745e+01 8.422495691106211824e-02 5.870286774773644245e-01 5.460538670230431491e-01 0.000000000000000000e+00 1.000000000000000000e+00 3.000000000000000000e+00 3.400000000000000000e+05 2.151028029769359307e-01 1.070091235036632895e+02 5.323833723586787131e+40 7.321335360858785940e+44 2.210000000000000000e+02
6.700000000000000000e+01 8.280303837040324652e+03 4.029097999228991966e+01 5.101853579641028036e-01 5.790693051638120536e-01 0.000000000000000000e+00 3.099496924334076198e+01 1.088214264924528507e+01 6.915032887608956180e-01 6.131746649176105651e-02 0.000000000000000000e+00 1.672933010066792958e+00 2.000000000000000000e+00 1.000000000000000000e+00 3.500000000000000000e+05 5.219870463321758108e-02 1.011717397083692589e+02 4.576003228168917932e+40 7.170661639083631132e+44 2.250000000000000000e+02
6.700000000000000000e+01 1.254668567947509018e+03 3.253626743706971780e+01 1.160959870111152002e-02 6.327184353687189677e-01 0.000000000000000000e+00 1.166155287395219098e+01 2.241728853322024761e+01 8.384146640629707575e-03 1.343892172211769154e-01 2.939460000000000406e+00 1.406943760449125724e+00 1.000000000000000000e+00 1.000000000000000000e+00 3.700000000000000000e+05 1.325892315095704987e-01 2.108560822583930019e+02 1.081191248286214085e+41 5.119738292674402335e+45 2.310000000000000000e+02
6.700000000000000000e+01 1.263318954598896562e+04 3.329894242339022270e+01 4.568755716937231148e-01 5.749497633135444152e-01 0.000000000000000000e+00 1.062512498763856073e+01 2.445108338875002119e+01 1.792687855786304352e-01 7.304759944566651120e-01 2.871043946717045880e+00 0.000000000000000000e+00 1.000000000000000000e+00 2.000000000000000000e+00 3.900000000000000000e+05 1.246204760087973595e-01 1.116866201321766283e+02 8.851329801664806017e+40 1.137619054863132576e+44 2.270000000000000000e+02
6.700000000000000000e+01 9.555450857076566535e+03 6.471354351829614870e+01 4.548049255666493651e-01 5.571288058828484102e-01 0.000000000000000000e+00 5.198556912079985182e+01 1.519344548371718773e+01 5.751839541570139547e-01 1.104564596806895116e-01 0.000000000000000000e+00 1.171731527411137952e+00 4.000000000000000000e+00 1.000000000000000000e+00 3.900000000000000000e+05 4.042854630182370901e-01 1.164021372130359282e+02 6.158103547707726875e+40 9.677688976160789699e+44 2.300000000000000000e+02
6.700000000000000000e+01 1.074075753044943849e+04 2.206091487566245135e+01 2.087297345240965440e-02 6.886403796219189299e-01 0.000000000000000000e+00 1.056088246863821567e+01 1.266275045368679564e+01 3.947400343152826507e-02 3.445186533054967609e-02 8.812463559524423840e-01 1.043478736077495750e+00 1.000000000000000000e+00 1.000000000000000000e+00 3.900000000000000000e+05 3.052574357792384521e-02 5.210027279455570692e+01 9.595632214224712544e+39 1.926545010419065731e+44 2.340000000000000000e+02
6.700000000000000000e+01 8.811852143613230510e+03 2.632974007408368422e+01 -4.230653027008203504e-02 6.454043428992376485e-01 0.000000000000000000e+00 1.117446292096411220e+01 1.648202391263647826e+01 9.085052651204718333e-02 1.590875835702989516e-01 3.023220000000000240e+00 1.632598881120128853e+00 1.000000000000000000e+00 1.000000000000000000e+00 4.000000000000000000e+05 6.492816058018228975e-02 1.892461623741452001e+02 3.777152201998637826e+41 4.668655058100479852e+43 2.290000000000000000e+02
6.700000000000000000e+01 5.148148522709221652e+03 3.270722789719140167e+01 -1.398515929047491890e-02 6.294454996574977423e-01 0.000000000000000000e+00 2.243288281890149349e+01 1.181294522645631950e+01 1.379015826801369832e-02 4.356865641607488016e-02 2.547131136450651034e+00 2.018174721292996576e+00 1.000000000000000000e+00 1.000000000000000000e+00 4.000000000000000000e+05 1.892992150790809291e-02 1.513881728599077405e+02 1.179888142654266858e+41 6.720872882773072175e+44 2.350000000000000000e+02
6.700000000000000000e+01 1.038268592681361042e+03 1.444451719896129873e+02 8.445433510462813098e-01 9.133719261904665876e-01 0.000000000000000000e+00 9.267248888581886490e+01 6.235758330386855164e+01 8.655412049449819900e-01 8.133374691157567726e-01 0.000000000000000000e+00 0.000000000000000000e+00 4.000000000000000000e+00 3.000000000000000000e+00 4.000000000000000000e+05 0.000000000000000000e+00 6.129609308268612722e+01 1.856232078981089685e+38 1.771956502308503340e+47 2.370000000000000000e+02
6.700000000000000000e+01 1.838975270651738902e+04 2.882010401923197307e+01 -1.688263202926505724e-01 6.277775298522012548e-01 0.000000000000000000e+00 1.977534590816403082e+01 1.045872708289091157e+01 2.745197665878860160e-01 6.892515041013989874e-02 3.044160000000000199e+00 1.143603721882379576e+00 1.000000000000000000e+00 1.000000000000000000e+00 4.300000000000000000e+05 3.336509183986514221e-02 2.076957172743189517e+02 7.528254730472075125e+41 5.074667562455280735e+42 2.330000000000000000e+02
6.700000000000000000e+01 2.097956777864003470e+03 2.987240108110245274e+01 -4.194666082604028845e-02 6.486170804054168793e-01 0.000000000000000000e+00 1.855192575069805372e+01 1.279485638597667041e+01 1.887129788561490648e-02 1.872383067455339889e-01 1.831167608028533955e+00 2.107419639377801968e+00 1.000000000000000000e+00 1.000000000000000000e+00 4.300000000000000000e+05 1.053082541209667267e-01 1.253831978200745283e+02 2.505385827605907549e+40 1.225704642646727694e+46 2.380000000000000000e+02
6.700000000000000000e+01 9.562367407675528739e+03 7.651388838526892755e+01 4.555550489479426868e-01 4.248900194514997897e-01 0.000000000000000000e+00 6.475821127192656945e+01 1.389338149624552976e+01 5.649288058828483283e-01 8.072945615880930403e-02 0.000000000000000000e+00 2.307618382614428754e+00 5.000000000000000000e+00 1.000000000000000000e+00 4.300000000000000000e+05 3.910960663526669157e-02 9.432035526564516204e+01 3.007359354573036642e+40 3.577556165659641674e+45 2.390000000000000000e+02
6.700000000000000000e+01 1.994683753607105973e+04 4.550716165146446457e+01 -3.950324810179933754e-02 5.693304805874215280e-01 0.000000000000000000e+00 3.556123253767314196e+01 1.173271721706604964e+01 7.027790862683643003e-02 1.267681057638538888e-01 2.808389940728695411e+00 1.232619662805758631e+00 1.000000000000000000e+00 1.000000000000000000e+00 4.400000000000000000e+05 1.911478946041935550e-02 1.861025144820751507e+02 4.768486859317065037e+41 1.612972013259924174e+43 2.320000000000000000e+02
6.700000000000000000e+01 1.097032397240223872e+03 7.433386521246906398e+01 6.456170250964146096e-01 8.616641560997797544e-01 0.000000000000000000e+00 5.705095143544532732e+01 2.121690854465458287e+01 6.268308061592371416e-01 6.961320029021974554e-01 0.000000000000000000e+00 0.000000000000000000e+00 4.000000000000000000e+00 2.000000000000000000e+00 4.500000000000000000e+05 0.000000000000000000e+00 1.230907171935928943e+02 9.735853313416551256e+39 3.239835551585828550e+46 2.430000000000000000e+02
6.700000000000000000e+01 1.171206285385922638e+04 2.680539838797491470e+01 7.767663974593184972e-02 7.089540886622796023e-01 0.000000000000000000e+00 1.574637446733459356e+01 1.258142540240011087e+01 2.663997217411385177e-01 1.239081391770745222e-01 1.372901523524828526e+00 4.897598480359129924e-01 1.000000000000000000e+00 1.000000000000000000e+00 4.700000000000000000e+05 2.604632963826600811e-01 2.117637297511926704e+02 6.284778370094088171e+41 1.265252965513998118e+43 2.360000000000000000e+02
6.700000000000000000e+01 1.502933135612239494e+04 2.687524299248474335e+01 -1.706656047950836502e-02 6.323482571399691166e-01 0.000000000000000000e+00 1.094248713752007340e+01 1.731078189418437674e+01 1.386691785797156407e-01 1.282952633414233268e-01 2.773398074807610136e+00 1.136989752465341619e+00 1.000000000000000000e+00 1.000000000000000000e+00 4.700000000000000000e+05 1.164115705326191491e-01 1.457204640748715008e+02 2.375163577124706024e+41 1.978887946572945715e+43 2.440000000000000000e+02
6.700000000000000000e+01 2.460142686014371066e+04 2.932621800841938153e+01 -2.312521118896047889e-02 6.747228347140288296e-01 0.000000000000000000e+00 1.631218926143555237e+01 1.451537805807683590e+01 2.403597020046886051e-02 9.751898817038809342e-02 6.794477948061774519e-01 2.373298822402380992e+00 1.000000000000000000e+00 1.000000000000000000e+00 4.700000000000000000e+05 5.740276506664133971e-02 9.214910154625175664e+01 7.698332633675443306e+40 1.275119823340822197e+43 2.470000000000000000e+02
6.700000000000000000e+01 6.968037093233573387e+02 6.352017675168174549e+01 1.718272931948042204e-02 6.915467371368394511e-01 0.000000000000000000e+00 3.337870124333745281e+01 3.373479758936349526e+01 1.674328711472163056e-01 1.451975270559743292e-01 2.162311126125622263e+00 5.122249393605837753e-01 1.000000000000000000e+00 1.000000000000000000e+00 4.700000000000000000e+05 1.373101029735870893e-01 8.627898129905574365e+01 6.102948501051189508e+39 5.636446366175009411e+45 2.480000000000000000e+02
6.700000000000000000e+01 2.586535318062900114e+04 6.659576342518809611e+01 5.049689033929105619e-01 5.420645361168339171e-01 0.000000000000000000e+00 1.545337985998399155e+01 5.384351708064557585e+01 5.114784992069642405e-02 6.413694208755990056e-01 9.508921718725886763e-01 0.000000000000000000e+00 1.000000000000000000e+00 2.000000000000000000e+00 4.800000000000000000e+05 1.860087265145330890e-02 1.037481185460100761e+02 8.307589996163105453e+40 6.945492919001969256e+43 2.410000000000000000e+02
6.800000000000000000e+01 3.554058377356406709e+03 6.848609652702911887e+01 -9.246117984003454637e-02 6.559324017364147608e-01 0.000000000000000000e+00 3.748706609233315135e+01 3.434772364934099897e+01 1.281719841471957722e-01 1.399210108442413836e-01 2.020967208029505358e+00 2.814573469199783240e+00 1.000000000000000000e+00 1.000000000000000000e+00 1.600000000000000000e+05 1.070070903350260338e-01 6.677387632235937076e+01 3.691794906796978030e+39 4.200392965276299967e+46 2.030000000000000000e+02
6.800000000000000000e+01 3.482868695886125352e+03 3.233060982373898895e+01 -1.965963817026209100e-03 6.819596601518794765e-01 0.000000000000000000e+00 1.827282082085114823e+01 1.574198804844191990e+01 1.072744728474087604e-02 6.820203777003824852e-02 6.605570287735217372e-01 1.778749037379963704e+00 1.000000000000000000e+00 1.000000000000000000e+00 1.900000000000000000e+05 5.628073885495767786e-02 1.072702351964610159e+02 2.928691487456005021e+40 3.983747006410908247e+45 2.040000000000000000e+02
6.800000000000000000e+01 9.773451808979723410e+02 7.707591475542412240e+01 5.621804523011620924e-01 3.238322194482367578e-01 0.000000000000000000e+00 1.053325579069954898e+01 6.853336824049839038e+01 9.076585613132105712e-02 6.603324017364147203e-01 2.571952035078732823e+00 0.000000000000000000e+00 1.000000000000000000e+00 2.000000000000000000e+00 2.000000000000000000e+05 6.096472581935017017e-03 6.825855604425680667e+01 2.003169559530474460e+39 2.873771982928117227e+47 2.050000000000000000e+02
6.800000000000000000e+01 1.320260972978750488e+03 2.646783034447097549e+01 3.663744406149856137e-02 6.952268042532890879e-01 0.000000000000000000e+00 1.323636929145479080e+01 1.464476916768003356e+01 2.520770163673392503e-02 7.312201362224481083e-02 7.689112507178459677e-02 8.720687117297543089e-01 1.000000000000000000e+00 1.000000000000000000e+00 2.200000000000000000e+05 5.598669314353290488e-02 5.708253383205739340e+01 2.495014457876782847e+39 2.617238566327652629e+46 2.060000000000000000e+02
6.800000000000000000e+01 1.379836808091403327e+04 3.296521116203280144e+01 3.904117068165671028e-02 6.261391556298502303e-01 0.000000000000000000e+00 2.325282931970306066e+01 1.123087178246712803e+01 6.984261214330554635e-02 3.448873429665581108e-02 6.377467400913597873e-01 1.463532627985272061e+00 1.000000000000000000e+00 1.000000000000000000e+00 2.500000000000000000e+05 4.158335514471695610e-02 1.583961685673881163e+02 2.676159683677919125e+41 3.195927685479739774e+43 2.080000000000000000e+02
6.800000000000000000e+01 2.035825392181986535e+04 3.689909341728869663e+01 -1.648656391760630960e-02 5.775279712993707237e-01 0.000000000000000000e+00 2.769603371087094246e+01 1.074177881807869284e+01 2.306612813059357239e-02 5.627539053761535133e-03 2.685463778294697956e+00 3.046982361359689584e+00 1.000000000000000000e+00 1.000000000000000000e+00 2.600000000000000000e+05 1.016007719822159712e-02 1.776207103624564070e+02 4.547147928529533661e+41 1.094460309986844585e+43 2.090000000000000000e+02
6.800000000000000000e+01 1.444442880925515965e+04 2.970316278352731487e+01 -7.165798907481823327e-03 6.819146052288708182e-01 0.000000000000000000e+00 1.726119131882410329e+01 1.404108356072099895e+01 1.333869084225260127e-01 2.987797083611330035e-02 1.812205338519567555e+00 6.802700283555758176e-01 1.000000000000000000e+00 1.000000000000000000e+00 2.700000000000000000e+05 1.163033302823771875e-01 1.801299268357157075e+02 4.215555769436278077e+41 1.373938626244398402e+43 2.100000000000000000e+02
6.800000000000000000e+01 1.851889789298923642e+04 5.176766362937298993e+01 5.860872950249705615e-02 6.478882588669637732e-01 0.000000000000000000e+00 3.382791711249400635e+01 2.034937647842539477e+01 1.561277917703292328e-01 6.234369743369436861e-02 5.833874173690813958e-01 2.902835389762016494e+00 1.000000000000000000e+00 1.000000000000000000e+00 2.900000000000000000e+05 8.600365534601192574e-02 1.893793469458849472e+02 4.568562611779024677e+41 1.924104639978898795e+43 2.130000000000000000e+02
6.800000000000000000e+01 1.388763021290379947e+04 2.985154972031395815e+01 -4.423644617045886102e-02 6.430577062977524960e-01 0.000000000000000000e+00 1.274002095824299730e+01 1.862411363136249420e+01 1.184758850582615791e-01 1.682284314494227051e-01 2.716631381305637749e+00 1.574723851284553167e+00 1.000000000000000000e+00 1.000000000000000000e+00 3.000000000000000000e+05 1.659315235840754521e-01 1.223096558023836167e+02 1.286516331000771455e+41 4.506896558241202031e+43 2.110000000000000000e+02
6.800000000000000000e+01 1.140651072945084252e+03 4.062419120571936304e+01 4.820302607935255668e-01 7.417452485866845580e-01 0.000000000000000000e+00 1.657317914245306412e+01 2.651047787337410355e+01 1.306661342830394423e-01 7.056268042532890528e-01 3.118210049630492642e-01 0.000000000000000000e+00 1.000000000000000000e+00 2.000000000000000000e+00 3.000000000000000000e+05 2.346201403545365716e-02 1.068794943716804795e+02 1.232911695302535829e+40 1.790898197159744602e+46 2.160000000000000000e+02
6.800000000000000000e+01 7.467632606789832607e+03 3.771751511264425005e+01 -7.982024478687271829e-02 6.732751923198188049e-01 0.000000000000000000e+00 1.770300365291401690e+01 2.179838350618035392e+01 1.167247667040043207e-01 2.221558907277335071e-01 6.213459286084426214e-01 3.079060000000000130e+00 1.000000000000000000e+00 1.000000000000000000e+00 3.100000000000000000e+05 7.632256548056261247e-02 1.285346917770422408e+02 8.981454752457277083e+40 3.777502323451461182e+44 2.140000000000000000e+02
6.800000000000000000e+01 1.040747050102033427e+04 3.981454013289694416e+01 4.139038291235692946e-02 6.721929054173866325e-01 0.000000000000000000e+00 1.682803717187318426e+01 2.506166305008133577e+01 6.700837243067513105e-02 8.984135578434290781e-02 1.591108418873590225e+00 6.757713684802217902e-01 1.000000000000000000e+00 1.000000000000000000e+00 3.100000000000000000e+05 8.346910161969887942e-02 9.256774147682889975e+01 4.128072649118966513e+40 3.110108169251634423e+44 2.170000000000000000e+02
6.800000000000000000e+01 1.181509170936224109e+04 2.120548161690497935e+01 1.159327791440899202e-02 6.893745919690659196e-01 0.000000000000000000e+00 1.135663868277472943e+01 1.096683778427503952e+01 4.347047648661475638e-02 4.649334380496855657e-02 1.116669914490701965e+00 1.487865653940333877e+00 1.000000000000000000e+00 1.000000000000000000e+00 3.100000000000000000e+05 4.452055312776170837e-02 1.045727133575948642e+01 8.345698361047948796e+37 2.467257775567044553e+44 2.180000000000000000e+02
6.800000000000000000e+01 5.947739652350848701e+03 2.253243601387822892e+01 -1.103487422765050963e-01 6.537593018934789724e-01 0.000000000000000000e+00 1.205288884817402462e+01 1.160156016453101913e+01 1.803207612749109234e-01 4.572443463089893856e-02 2.994390874648608314e+00 2.621595649455549015e+00 1.000000000000000000e+00 1.000000000000000000e+00 3.300000000000000000e+05 2.208292431151336493e-17 4.127963939389182713e+01 3.217015685937187192e+39 1.629132065398201703e+45 2.150000000000000000e+02
6.800000000000000000e+01 1.530776651805571964e+04 4.366273470333059947e+01 -5.643409315799412067e-03 5.681840176858475866e-01 0.000000000000000000e+00 1.293444575138502017e+01 3.258611937462919173e+01 4.933649688600955791e-02 1.121504817364085277e-01 2.808715258882579224e+00 1.475917588263212954e+00 1.000000000000000000e+00 1.000000000000000000e+00 3.300000000000000000e+05 1.116460723789819559e-01 2.530304242286052272e+02 1.038469333632546241e+42 1.436508995598568838e+43 2.190000000000000000e+02
6.800000000000000000e+01 2.219132628306195693e+04 3.480038714760791407e+01 -1.044548842993909821e-01 6.388440886690579523e-01 0.000000000000000000e+00 2.262613319996702899e+01 1.382509526606035166e+01 1.588378103412303732e-01 2.001655251499726007e-02 3.017951466746076949e+00 2.628222208253625070e+00 1.000000000000000000e+00 1.000000000000000000e+00 3.300000000000000000e+05 1.958889651791417830e-02 1.553215852276924238e+02 3.265815047529182632e+41 8.630429177161515071e+42 2.230000000000000000e+02
6.800000000000000000e+01 1.305588554259906232e+04 3.593211836306471696e+01 -1.411559463085727550e-01 6.448331990268310054e-01 0.000000000000000000e+00 1.818100693623955166e+01 1.949740218356177479e+01 6.974890037818338995e-02 2.097353008033079891e-01 3.086040000000000116e+00 3.007131740535037956e+00 1.000000000000000000e+00 1.000000000000000000e+00 3.400000000000000000e+05 2.811629845146440196e-02 7.100536381489602888e+01 2.250675171027480929e+40 2.185497785520374550e+44 2.240000000000000000e+02
6.800000000000000000e+01 1.337328887907031276e+04 4.198000298166791566e+01 4.608710028721607621e-01 5.253624665842966390e-01 0.000000000000000000e+00 1.080589313850070354e+01 3.303351982421222743e+01 9.482254577070274582e-02 6.393391556298501088e-01 2.675421096096368245e+00 0.000000000000000000e+00 1.000000000000000000e+00 2.000000000000000000e+00 3.500000000000000000e+05 2.190315980320014233e-01 1.026446741274127561e+02 6.475111206845334891e+40 2.176432998032697524e+44 2.220000000000000000e+02
6.800000000000000000e+01 6.123040653738423316e+03 4.779738279217513508e+01 -1.948218850977634364e-02 5.666585502967973476e-01 0.000000000000000000e+00 1.417718058414791216e+01 3.568682833471813609e+01 1.799331451157751560e-01 5.356965156458967300e-03 1.999842431752644423e+00 1.082153269215015090e+00 1.000000000000000000e+00 1.000000000000000000e+00 3.500000000000000000e+05 5.745618060269237076e-02 2.064253115024695830e+02 2.809036723513369571e+41 4.724309757429677062e+44 2.300000000000000000e+02
6.800000000000000000e+01 1.599417533083416129e+04 2.944728075233603803e+01 -4.532545884314850837e-02 6.732033223342798189e-01 0.000000000000000000e+00 1.526893260099190286e+01 1.568407234967419761e+01 1.650782780988188370e-01 4.633139136063795654e-02 1.999191681153387190e+00 2.082601095219700937e+00 1.000000000000000000e+00 1.000000000000000000e+00 3.600000000000000000e+05 1.274706973227828222e-01 2.049071994058989219e+02 6.612815699715997102e+41 7.262230152742254902e+42 2.210000000000000000e+02
6.800000000000000000e+01 9.724610845471177527e+03 4.415820323030045103e+01 -4.424734017189460578e-02 5.930299502527560662e-01 0.000000000000000000e+00 3.295675830207893853e+01 1.310637488669229000e+01 7.264773810915402252e-02 4.084093168579751298e-02 3.072080000000000144e+00 8.574181235864327677e-01 1.000000000000000000e+00 1.000000000000000000e+00 3.600000000000000000e+05 1.187847121810303372e-02 1.882152031771982479e+02 3.164031646313708783e+41 1.173794625179716449e+44 2.250000000000000000e+02
6.800000000000000000e+01 1.364297345883406933e+03 2.592895494720389848e+01 -1.560439931402531587e-02 6.700619446384277200e-01 0.000000000000000000e+00 1.179697649597466658e+01 1.547183957087576900e+01 6.403197654560632834e-02 1.884225822653023685e-01 2.234702332789970214e+00 1.557091262720328828e+00 1.000000000000000000e+00 1.000000000000000000e+00 3.600000000000000000e+05 1.884048869502820689e-01 8.826387053973360253e+01 9.242019820249600178e+39 1.845145640650049746e+46 2.290000000000000000e+02
6.800000000000000000e+01 1.622330469131826248e+04 3.644163282808750637e+01 2.522018006754685182e-02 6.796584009153784356e-01 0.000000000000000000e+00 2.071351515407159027e+01 1.744805018406593788e+01 2.773577434251829898e-01 1.205043570164514577e-01 1.052663132317291028e+00 2.680351231058915484e+00 1.000000000000000000e+00 1.000000000000000000e+00 3.700000000000000000e+05 2.667325553690933493e-01 4.392887800559764173e+02 6.049186911844900856e+42 1.210053686351513944e+42 2.120000000000000000e+02
6.800000000000000000e+01 2.040773216843344926e+04 8.317654364722567095e+01 6.288773055332695927e-01 8.536495695349906043e-01 0.000000000000000000e+00 5.186300381652453240e+01 3.699256631699330455e+01 6.560882588669636473e-01 5.907279712993706022e-01 0.000000000000000000e+00 0.000000000000000000e+00 2.000000000000000000e+00 2.000000000000000000e+00 3.800000000000000000e+05 2.576642993135013215e-01 5.609409217068725440e+01 1.039364021789781301e+40 2.386012786291280503e+44 2.280000000000000000e+02
6.800000000000000000e+01 1.413937180951558730e+04 4.343292406186009202e+01 4.189644117264447187e-01 6.554858578922097001e-01 0.000000000000000000e+00 1.615136252117315507e+01 2.977155868306267905e+01 9.898577753263096413e-02 6.981146052288706993e-01 2.878855667891616399e+00 0.000000000000000000e+00 1.000000000000000000e+00 2.000000000000000000e+00 3.800000000000000000e+05 2.803259635293425256e-01 1.054679843760915929e+02 7.173451718859840341e+40 1.197587338971045572e+44 2.310000000000000000e+02
6.800000000000000000e+01 8.184739505604869009e+03 2.488728851295033451e+01 1.119580934138799666e-01 7.207696708286349674e-01 0.000000000000000000e+00 1.127467691778629799e+01 1.494791603303884564e+01 2.072493867256641198e-01 1.087790194923448084e-01 4.000166699460339093e-01 1.067937783791951034e+00 1.000000000000000000e+00 1.000000000000000000e+00 3.900000000000000000e+05 1.064112657515037391e-01 9.756918052022228949e+01 5.052516126073343163e+40 1.965345698772356483e+44 2.270000000000000000e+02
6.800000000000000000e+01 1.076567246675412389e+04 4.841894615831206750e+01 5.465112125504667517e-01 4.988986497197392400e-01 0.000000000000000000e+00 3.987869317184964757e+01 1.017311784464756208e+01 6.853929054173865110e-01 3.495353104439424125e-02 0.000000000000000000e+00 1.510852202576344672e+00 2.000000000000000000e+00 1.000000000000000000e+00 3.900000000000000000e+05 8.845616821476071090e-02 9.619915514468864615e+01 4.347175257549499933e+40 7.006291316431567276e+44 2.320000000000000000e+02
6.800000000000000000e+01 1.067271238116122277e+03 5.732895801833822702e+01 5.024933209630276787e-01 6.592231273424080662e-01 0.000000000000000000e+00 1.974630746850256813e+01 4.069900852836622818e+01 3.933929553765755545e-03 7.477452485866845633e-01 2.435803350701680081e+00 0.000000000000000000e+00 1.000000000000000000e+00 3.000000000000000000e+00 3.900000000000000000e+05 1.121195286702340865e-03 9.913234354841709717e+01 7.486807208279380486e+39 4.028646608339991623e+46 2.350000000000000000e+02
6.800000000000000000e+01 5.016291062310931011e+03 6.347703430532767754e+01 4.530197575939008403e-01 6.468300992354193424e-01 0.000000000000000000e+00 4.786338871403926021e+01 1.855381776852649267e+01 5.876585502967971442e-01 1.681175831803612686e-01 0.000000000000000000e+00 8.909482527156633580e-01 2.000000000000000000e+00 1.000000000000000000e+00 4.200000000000000000e+05 2.940723838666849943e-01 1.236099348680145482e+02 4.125293084736782923e+40 4.186803238961503051e+45 2.340000000000000000e+02
6.800000000000000000e+01 1.372161212377216179e+04 3.957382135412770197e+01 5.002387330747462002e-01 6.082079500014982987e-01 0.000000000000000000e+00 1.157127666890359663e+01 2.994093942499008776e+01 7.995129512142185035e-02 6.914577062977520505e-01 1.502510153053624009e+00 0.000000000000000000e+00 1.000000000000000000e+00 2.000000000000000000e+00 4.400000000000000000e+05 5.395205708296652025e-01 1.053592955206493542e+02 7.291245706757798308e+40 1.266327970415074522e+44 2.260000000000000000e+02
6.800000000000000000e+01 8.652108378791283030e+03 5.623677149873007863e+01 4.602339753003152345e-01 5.659805863598479370e-01 0.000000000000000000e+00 4.422935519946696559e+01 1.441161438218528623e+01 6.048299502527559879e-01 1.869050959288780234e-02 0.000000000000000000e+00 4.926573494695547506e-01 2.000000000000000000e+00 1.000000000000000000e+00 4.400000000000000000e+05 2.490291326037186777e-03 1.054851242548429724e+02 4.556816366435431927e+40 1.176887286757460450e+45 2.410000000000000000e+02
6.800000000000000000e+01 6.841537760324835062e+02 3.408339653322894236e+01 4.084785964591590435e-02 6.347596894596658768e-01 0.000000000000000000e+00 2.439753059091006548e+01 1.126131884885954904e+01 4.232832565642822426e-02 5.845914490778367917e-02 6.747707699043075102e-01 1.573070814579842769e-01 1.000000000000000000e+00 1.000000000000000000e+00 4.400000000000000000e+05 2.644328128751106260e-02 1.693419540333979683e+02 6.265030574743191283e+40 1.141213354291456966e+45 2.420000000000000000e+02
6.800000000000000000e+01 3.503851781655202103e+03 3.255308473877710895e+01 4.699025904348940186e-01 6.961069680186499076e-01 0.000000000000000000e+00 2.259471143782912961e+01 1.170904008243403638e+01 6.705593018934788985e-01 1.121262105970629447e-01 0.000000000000000000e+00 7.413550060462056335e-01 2.000000000000000000e+00 1.000000000000000000e+00 4.600000000000000000e+05 4.756586039418211204e-02 9.984921389355480414e+01 2.365869021259686096e+40 4.409303457034137574e+45 2.430000000000000000e+02
6.800000000000000000e+01 1.219780537775881203e+04 4.849696908028981568e+01 4.708979481548554169e-01 6.262287705970883689e-01 0.000000000000000000e+00 1.488794357940928670e+01 3.602314171851525515e+01 2.049212796535105144e-02 6.572331990268309720e-01 2.109766898179114003e-01 0.000000000000000000e+00 1.000000000000000000e+00 2.000000000000000000e+00 4.600000000000000000e+05 1.574980950819684184e-03 9.894364951940094954e+01 5.141176368515271713e+40 2.900951442822699107e+44 2.440000000000000000e+02
6.800000000000000000e+01 1.571949196017375243e+03 9.511817916552952568e+01 6.638088953885165067e-01 8.709371645042204291e-01 0.000000000000000000e+00 6.355007488506245039e+01 3.785657127466737393e+01 6.498300992354193450e-01 6.872751923198188173e-01 0.000000000000000000e+00 0.000000000000000000e+00 3.000000000000000000e+00 2.000000000000000000e+00 4.800000000000000000e+05 0.000000000000000000e+00 8.974018584084220151e+01 2.936965131907864400e+39 1.860863789384031820e+47 2.450000000000000000e+02
6.800000000000000000e+01 1.921956825548112465e+04 2.353956023192406732e+01 5.967094825686053428e-02 6.783836247191350477e-01 0.000000000000000000e+00 1.438539126595667739e+01 1.033744803271198442e+01 1.262432187929067029e-01 1.155056389241828074e-01 1.514308090551074182e-01 1.842147003132363015e+00 1.000000000000000000e+00 1.000000000000000000e+00 4.900000000000000000e+05 6.780987038856114979e-02 1.456530976484072255e+02 2.870906422117865616e+41 6.312059040170898040e+42 2.360000000000000000e+02
6.900000000000000000e+01 2.068614605457811922e+04 3.533330175006499729e+01 3.050769307761389687e-02 6.682092008523660143e-01 0.000000000000000000e+00 2.169356384639942448e+01 1.538940100060796645e+01 9.432268650937208898e-02 9.155528710482759014e-02 2.550644714001849556e-01 2.217219777885587995e+00 1.000000000000000000e+00 1.000000000000000000e+00 3.200000000000000000e+05 8.215202592338323451e-02 7.696955207308981528e+01 3.796128766313079561e+40 4.353854897373649374e+43 2.040000000000000000e+02
6.900000000000000000e+01 1.439446660865882586e+04 2.684682589939234632e+01 -4.098544475284599670e-02 6.737686280841875819e-01 0.000000000000000000e+00 1.398347229507037071e+01 1.426574567107010871e+01 1.330388085067158721e-01 2.702608265875531407e-02 2.198580175214595034e+00 1.740535274147942069e+00 1.000000000000000000e+00 1.000000000000000000e+00 4.300000000000000000e+05 7.221325107302292712e-02 1.326519726397874877e+01 1.747510220981534923e+38 2.241287523308891665e+44 2.070000000000000000e+02
6.900000000000000000e+01 5.389422129368876995e+03 2.425265826624499965e+01 -1.207553799924473113e-02 6.766617900333549152e-01 0.000000000000000000e+00 1.139712797232953534e+01 1.417071535804919158e+01 1.928479354907596810e-01 1.538741130355648088e-03 1.719971208936003748e+00 6.067317284693225510e-01 1.000000000000000000e+00 1.000000000000000000e+00 4.300000000000000000e+05 1.486985523309582446e-01 3.030989480227884201e+02 1.144670580366114155e+42 4.310822458736242709e+43 2.110000000000000000e+02
6.900000000000000000e+01 5.131825143157114326e+03 2.759841456880059596e+01 -1.374043981822128078e-02 6.510720944602017557e-01 0.000000000000000000e+00 1.103191575732886243e+01 1.792820395036400427e+01 2.773252717929668501e-02 1.417980728485972730e-01 2.328974535036387294e+00 1.644641893549268152e+00 1.000000000000000000e+00 1.000000000000000000e+00 4.300000000000000000e+05 1.414116241731451784e-01 2.651150921450740157e+02 6.914473535382328978e+41 1.019401633748710092e+44 2.120000000000000000e+02
6.900000000000000000e+01 4.865078718274349740e+03 3.691408570300735192e+01 4.267742949149803122e-01 5.409153032860858357e-01 0.000000000000000000e+00 2.761111275986227298e+01 1.058256575770238150e+01 6.510720944602017557e-01 1.644194241196363093e-01 0.000000000000000000e+00 2.871169197501064474e+00 2.000000000000000000e+00 1.000000000000000000e+00 4.600000000000000000e+05 1.481838168754214674e-02 1.051827708283679073e+02 3.519727695660824285e+40 3.149272425801646382e+45 2.190000000000000000e+02
6.900000000000000000e+01 1.241138955649144555e+04 2.322894982274322828e+01 -5.752836508077851380e-02 6.693189744209373515e-01 0.000000000000000000e+00 1.113152451066625837e+01 1.323813855804884732e+01 1.248275943114292019e-01 1.031440541216900736e-01 1.631399606879381237e+00 2.876641609698034951e+00 1.000000000000000000e+00 1.000000000000000000e+00 4.800000000000000000e+05 1.022147141220329236e-01 1.155723253238098636e+02 1.119638204583385142e+41 4.001527237998657686e+43 2.140000000000000000e+02
6.900000000000000000e+01 1.266755527496955074e+04 2.658878681551311018e+01 -4.161407804902415852e-02 6.523546002575020264e-01 0.000000000000000000e+00 1.129156727526939541e+01 1.662035929123526401e+01 9.495583101987727093e-02 9.657563001281324611e-02 2.192493760778878809e+00 1.911969812788946177e+00 1.000000000000000000e+00 1.000000000000000000e+00 4.800000000000000000e+05 8.960375261679182080e-02 1.312034902534250023e+02 1.572727004381753234e+41 3.900841183970012492e+43 2.150000000000000000e+02
6.900000000000000000e+01 4.992002430060932056e+03 3.969437932408057179e+01 3.991524068379870283e-01 7.408756725924986464e-01 0.000000000000000000e+00 1.784766088740492052e+01 2.427498097872318183e+01 2.165062582311060024e-02 6.888617900333547928e-01 1.332406182877792888e+00 0.000000000000000000e+00 1.000000000000000000e+00 2.000000000000000000e+00 4.800000000000000000e+05 1.263453538974955159e-01 1.072097861849365614e+02 3.655126206891412069e+40 1.726631532097597165e+45 2.160000000000000000e+02
6.900000000000000000e+01 1.378075047186913253e+04 1.936120523788014580e+01 -4.000373694802428909e-03 6.848284543208038588e-01 0.000000000000000000e+00 1.020979683523477100e+01 1.017670221421963106e+01 3.069563015479480003e-02 8.113083076027946192e-03 1.996743653299626775e+00 9.513362465775311305e-01 1.000000000000000000e+00 1.000000000000000000e+00 4.900000000000000000e+05 2.795290567004396834e-02 2.046156952436507837e+01 7.084625979575896439e+38 1.201465908280466449e+44 2.200000000000000000e+02
6.900000000000000000e+01 1.664139571159024126e+04 4.681088983919663349e+01 -9.558227204972597792e-04 6.064388589146710862e-01 0.000000000000000000e+00 3.389688428798014996e+01 1.500871313551126995e+01 6.327286827540326564e-02 1.047014277276478878e-03 1.596102292028808156e+00 1.071498196535806136e+00 1.000000000000000000e+00 1.000000000000000000e+00 4.900000000000000000e+05 6.325260964113926798e-02 2.048021211958812842e+02 5.636122153073019838e+41 2.010427385163554546e+43 2.220000000000000000e+02
6.900000000000000000e+01 1.572105854889274087e+04 3.676741968542383177e+01 4.833906752752581415e-01 6.498513449487836047e-01 0.000000000000000000e+00 2.687771750844732921e+01 1.173289849139654706e+01 6.727686280841875810e-01 6.245161766632276873e-02 0.000000000000000000e+00 6.540363380918933212e-01 2.000000000000000000e+00 1.000000000000000000e+00 4.900000000000000000e+05 1.482585167051606208e-02 1.003503419828559231e+02 7.051749798637653762e+40 7.026038236488851381e+43 2.230000000000000000e+02
7.000000000000000000e+01 4.425128347455151015e+03 2.793128894086282088e+01 -2.152168359169806186e-03 6.832397279497465226e-01 0.000000000000000000e+00 1.617630254259701772e+01 1.322755101347242679e+01 4.446075100379087708e-02 7.247033603378225108e-02 2.226952553974015370e+00 1.168311816669659775e+00 1.000000000000000000e+00 1.000000000000000000e+00 2.500000000000000000e+05 5.298421457567157461e-02 7.715084351858567402e+01 1.498753430810404288e+40 2.670842187844795777e+45 2.040000000000000000e+02
7.000000000000000000e+01 4.289825985950846189e+03 2.251450449205319870e+01 -4.631485650094869372e-02 6.734008240399869116e-01 0.000000000000000000e+00 1.135920367926746621e+01 1.228639953432965548e+01 1.057017964451038849e-01 1.312581491123933075e-01 1.569841029453378001e+00 2.318271875322053255e+00 1.000000000000000000e+00 1.000000000000000000e+00 2.600000000000000000e+05 9.651186214362375559e-02 4.055043582825062032e+01 2.383034223326384763e+39 4.157678798209341991e+45 2.050000000000000000e+02
7.000000000000000000e+01 1.315563429157349674e+03 2.477308549689633921e+01 -7.161497947624693994e-02 6.722509692701988948e-01 0.000000000000000000e+00 1.179225438411871529e+01 1.417561034841032175e+01 9.772375290645823886e-02 2.028438033910318905e-01 7.895445586368806667e-01 2.762386583266812412e+00 1.000000000000000000e+00 1.000000000000000000e+00 3.100000000000000000e+05 7.508933947137666487e-02 1.087373358752988537e+02 1.823044370675413038e+40 1.121809806252981810e+46 2.060000000000000000e+02
7.000000000000000000e+01 1.979510826659187660e+04 3.620893688448654046e+01 -1.590076745584386927e-03 6.793772357716126864e-01 0.000000000000000000e+00 1.735114573960954587e+01 2.076632113170508021e+01 5.521101874181485319e-02 8.338885034767996862e-02 2.145452985938713031e+00 1.301874287974394973e+00 1.000000000000000000e+00 1.000000000000000000e+00 3.500000000000000000e+05 8.061816479817691949e-02 5.338536283879944477e+01 1.223472894833495722e+40 8.268747266066686434e+43 2.080000000000000000e+02
7.000000000000000000e+01 3.019784423172822244e+03 4.716727146464203457e+01 6.856953316829910161e-01 8.755262444088969254e-01 0.000000000000000000e+00 2.798916659167230847e+01 2.255596931625822066e+01 6.896397279497464838e-01 6.808008240399868738e-01 0.000000000000000000e+00 0.000000000000000000e+00 2.000000000000000000e+00 2.000000000000000000e+00 3.500000000000000000e+05 0.000000000000000000e+00 3.863837781237409530e+01 8.232154587167466081e+38 3.220625587391331713e+46 2.100000000000000000e+02
7.000000000000000000e+01 1.274040174272917739e+03 2.700232368062829025e+01 1.081354219648009846e-02 6.540704133908931128e-01 0.000000000000000000e+00 1.771631299077109034e+01 1.061160538719350832e+01 1.965928001357461485e-02 3.576261476196782724e-02 1.829616965620714519e-01 1.666202338921714876e+00 1.000000000000000000e+00 1.000000000000000000e+00 3.600000000000000000e+05 1.984831065925362487e-02 1.258811069728506595e+02 2.674760431092455366e+40 1.022080357398829487e+46 2.140000000000000000e+02
7.000000000000000000e+01 1.114808616104459725e+04 3.992643470625490210e+01 -5.264879549330882952e-02 5.494083185625620036e-01 0.000000000000000000e+00 2.738014352957806707e+01 1.424024821350884551e+01 1.000358862357710182e-01 3.819482432198147981e-01 4.788286615800207979e-01 2.586445815400046477e+00 1.000000000000000000e+00 1.000000000000000000e+00 3.900000000000000000e+05 9.180033109732457786e-02 1.371972968659214871e+02 1.404813207340393199e+41 1.638976129871450993e+44 2.090000000000000000e+02
7.000000000000000000e+01 1.430860369769923273e+04 2.601764967912829363e+01 1.322205712850126752e-02 6.784735729180659813e-01 0.000000000000000000e+00 1.523462824658654746e+01 1.209098937478758806e+01 1.464586799764799607e-01 9.059083111683198519e-02 1.156231656641741212e+00 2.083631951676755190e+00 1.000000000000000000e+00 1.000000000000000000e+00 3.900000000000000000e+05 1.460599392953761955e-01 1.157098052160812927e+02 1.169830330182098722e+41 3.178925226477221426e+43 2.120000000000000000e+02
7.000000000000000000e+01 1.485637486087230172e+04 2.568237039077454753e+01 -4.846705583054877059e-02 6.572941211348639623e-01 0.000000000000000000e+00 1.069930470137484768e+01 1.621217269570399822e+01 1.115778749250467133e-01 7.642524586210669435e-02 1.631853343303011350e+00 3.031184426667775877e+00 1.000000000000000000e+00 1.000000000000000000e+00 3.900000000000000000e+05 6.025592653312683566e-02 1.788518660158343891e+02 4.438532413461384102e+41 1.035006079178290454e+43 2.130000000000000000e+02
7.000000000000000000e+01 1.159769296296559332e+03 3.609049553048583903e+01 5.098969204547721956e-01 7.347137872593545449e-01 0.000000000000000000e+00 1.337900405055117048e+01 2.481300228894156845e+01 2.016867163505686733e-01 6.806509692701988579e-01 2.909079841417612222e-01 0.000000000000000000e+00 1.000000000000000000e+00 2.000000000000000000e+00 3.900000000000000000e+05 2.863276335592893421e-02 1.159806375538298795e+02 1.728588410331505655e+40 1.338760093248771423e+46 2.200000000000000000e+02
7.000000000000000000e+01 6.669984264651644480e+03 2.959128213905642113e+01 -1.797702799211877978e-01 6.146753176075626657e-01 0.000000000000000000e+00 1.066745705912570230e+01 2.022438554715748893e+01 2.614474794181975703e-02 2.743190350542776268e-01 2.115168555990094568e+00 2.917325690408131500e+00 1.000000000000000000e+00 1.000000000000000000e+00 4.000000000000000000e+05 6.100628814701421210e-02 2.083000864956185296e+02 3.951219514111935906e+41 1.161792239571348346e+44 2.220000000000000000e+02
7.000000000000000000e+01 4.817338677486138295e+03 2.591585694619471170e+01 -9.812580250013468175e-02 6.365296259342492213e-01 0.000000000000000000e+00 1.567812249264644464e+01 1.149453313311740210e+01 7.278980098115003794e-02 1.870140127245783490e-01 2.562703692197267902e+00 2.491419260626926313e+00 1.000000000000000000e+00 1.000000000000000000e+00 4.100000000000000000e+05 7.942407419541687441e-02 1.224711025286535460e+02 6.696306250599825862e+40 8.309829277331559014e+44 2.210000000000000000e+02
7.000000000000000000e+01 1.234493947265926181e+04 2.812371338141757349e+01 -1.453359465991219297e-02 6.629259116597492341e-01 0.000000000000000000e+00 1.784873836036405237e+01 1.170717319097867026e+01 7.000936914103264574e-02 9.606837339563203959e-03 1.984810808049814135e+00 8.628372983152097220e-01 1.000000000000000000e+00 1.000000000000000000e+00 4.100000000000000000e+05 6.198757706432855841e-02 1.486696141593721450e+02 2.203053220984204064e+41 3.389769801592732542e+43 2.240000000000000000e+02
7.000000000000000000e+01 1.332985742719601603e+03 3.230697877559585152e+01 6.301951361630175538e-03 6.182547215121853013e-01 0.000000000000000000e+00 2.252737269251968044e+01 1.124655821793885835e+01 6.390263115223672463e-02 3.394842775644130867e-02 1.149789000606973310e+00 2.959304960706182097e+00 1.000000000000000000e+00 1.000000000000000000e+00 4.300000000000000000e+05 5.832250829891396510e-02 1.818875614963089902e+02 6.694356577858605258e+40 8.124806865809678787e+45 2.260000000000000000e+02
7.000000000000000000e+01 1.338487499665138239e+04 3.517695528589752030e+01 4.578907085818184064e-01 6.209718135141076845e-01 0.000000000000000000e+00 2.570009734143883406e+01 1.093564284159792166e+01 6.596941211348639200e-01 5.153584659424249176e-02 0.000000000000000000e+00 1.894079485949162533e+00 2.000000000000000000e+00 1.000000000000000000e+00 4.300000000000000000e+05 1.029189190348411692e-01 9.823098171744855733e+01 6.104033682723323362e+40 1.191295268300929499e+44 2.270000000000000000e+02
7.000000000000000000e+01 1.739886294999166785e+04 3.154618143659104490e+01 -2.667589772378547303e-02 6.665508283090177954e-01 0.000000000000000000e+00 2.070413268700972154e+01 1.241891849047388874e+01 8.340045711847011989e-02 2.337873404055978432e-01 2.591857343953789083e+00 1.366605070219821361e+00 1.000000000000000000e+00 1.000000000000000000e+00 4.400000000000000000e+05 9.554565637129229516e-02 1.544699439175047360e+02 2.898314430511606708e+41 1.370680513892764500e+43 2.110000000000000000e+02
7.000000000000000000e+01 1.007803667111841060e+04 2.138566710228808176e+01 -1.137981911412079897e-02 6.791937472912751295e-01 0.000000000000000000e+00 1.073734997355379583e+01 1.181483271962989257e+01 1.127583557704888023e-01 4.015152679466002517e-02 2.184838029751730915e+00 3.776764124202472428e-01 1.000000000000000000e+00 1.000000000000000000e+00 4.400000000000000000e+05 4.011743166930759746e-02 7.381676317599843173e+01 2.657798649771824914e+40 1.431501682717335293e+44 2.150000000000000000e+02
7.000000000000000000e+01 1.252240153570042094e+04 2.275003252367740814e+01 -4.485872854687025096e-02 6.732705726459555784e-01 0.000000000000000000e+00 1.217528371578891822e+01 1.176955789804540053e+01 8.756179114805932862e-02 6.010293729238627009e-02 2.928445824342654547e+00 1.616290814225867400e+00 1.000000000000000000e+00 1.000000000000000000e+00 4.400000000000000000e+05 4.832829172452057093e-02 6.642204895315975932e+01 2.154153451109738928e+40 1.003648166924332933e+44 2.230000000000000000e+02
7.000000000000000000e+01 1.044330923841144568e+03 4.578339372212413849e+01 1.867603284681029763e-02 5.487298559551395671e-01 0.000000000000000000e+00 1.148757674929934502e+01 3.604821669449094657e+01 7.421747998628724918e-02 1.372696330476459448e-01 1.363197383307968025e+00 1.426397035214561404e+00 1.000000000000000000e+00 1.000000000000000000e+00 4.600000000000000000e+05 1.358410027946354015e-01 2.163448462917856432e+02 9.855639906392413339e+40 9.324167592699654556e+45 2.310000000000000000e+02
7.000000000000000000e+01 1.952700134451249687e+04 4.461279148673133932e+01 -5.730930953564621760e-02 5.268070090637346770e-01 0.000000000000000000e+00 1.101528215792651011e+01 3.524148670552612828e+01 3.861796830273687975e-02 7.385355814577658495e-02 1.888979819317923470e+00 2.885556310027996840e+00 1.000000000000000000e+00 1.000000000000000000e+00 4.700000000000000000e+05 8.792968141896000123e-03 1.817752919649037153e+02 4.421956017792319853e+41 2.052162615363096492e+43 2.280000000000000000e+02
7.000000000000000000e+01 1.563906023847234246e+04 3.474043451019726092e+01 4.580211127783906933e-01 5.723010142939920497e-01 0.000000000000000000e+00 1.041986992113764110e+01 2.605957183339032213e+01 1.079915306638435241e-01 6.842735729180658977e-01 3.086040000000000116e+00 0.000000000000000000e+00 1.000000000000000000e+00 2.000000000000000000e+00 4.700000000000000000e+05 1.180026690820858010e-01 9.982208862516442593e+01 7.075332079295004500e+40 8.302897663836703495e+43 2.290000000000000000e+02
7.000000000000000000e+01 3.508591353095440809e+03 2.294673872093078160e+01 -5.630675440501806128e-02 6.681674425909072124e-01 0.000000000000000000e+00 1.317918257924623582e+01 1.094760074808813677e+01 9.255633679875568953e-02 3.307949338653903143e-02 3.009260000000000268e+00 1.995889692314585684e+00 1.000000000000000000e+00 1.000000000000000000e+00 4.800000000000000000e+05 2.437979849266230792e-02 7.317190699695416356e+01 1.165976216173356206e+40 4.122900413916552039e+45 2.330000000000000000e+02
7.000000000000000000e+01 1.412422783816952688e+03 2.289576139267569843e+01 3.277374122794135536e-02 6.841191122129384183e-01 0.000000000000000000e+00 1.377999254536526941e+01 1.030238893878790485e+01 7.022210116716137707e-02 1.172882551383643557e-01 8.674153264961490528e-01 1.435165576628473216e+00 1.000000000000000000e+00 1.000000000000000000e+00 4.800000000000000000e+05 8.337114272302786899e-02 1.000953759735254636e+02 1.475145650915099580e+40 1.221478233914132543e+46 2.360000000000000000e+02
7.100000000000000000e+01 2.776702322269021533e+04 2.508919596522283513e+01 5.301629007887073697e-02 6.997500605633591997e-01 0.000000000000000000e+00 1.458238183466237992e+01 1.186307262817946828e+01 6.453180152729055818e-02 9.140256525708063962e-02 1.118808791247202894e+00 4.178102308553510169e-01 1.000000000000000000e+00 1.000000000000000000e+00 3.900000000000000000e+05 6.366210827413575080e-02 8.418883939335870537e+01 6.639645744929143663e+40 7.109013439871733525e+42 2.110000000000000000e+02
7.100000000000000000e+01 6.530145252128146467e+02 2.165934950263394754e+01 -2.709128546195494619e-02 6.765805927023424982e-01 0.000000000000000000e+00 1.207498576738877638e+01 1.071040113704670738e+01 3.737998555858389887e-02 5.052945961164405364e-02 2.803659469385382685e+00 1.932382744255210394e+00 1.000000000000000000e+00 1.000000000000000000e+00 4.200000000000000000e+05 4.120978758138613141e-02 6.692283832284027767e+01 4.647110500538717637e+39 4.673865210527410706e+44 2.160000000000000000e+02
7.100000000000000000e+01 3.352424999349958853e+03 2.558774054619926730e+01 -4.095933946068039400e-02 6.723539884039905212e-01 0.000000000000000000e+00 1.282531629967563624e+01 1.407976779719065696e+01 4.713858042658416320e-02 5.264091232559097583e-02 2.797160911139373152e+00 2.373260632786547752e+00 1.000000000000000000e+00 1.000000000000000000e+00 4.300000000000000000e+05 3.316475182037507269e-02 4.565878470498707742e+01 2.537993342843702244e+39 1.028218503895208588e+46 2.140000000000000000e+02
7.100000000000000000e+01 1.234644066701493830e+04 2.224573778620227671e+01 -4.973687418032195912e-02 6.693589859311811496e-01 0.000000000000000000e+00 1.286730351379815573e+01 1.052524392993757196e+01 8.948595421184590837e-02 4.884882865366473731e-02 2.668804316474487681e+00 1.843221585846817057e+00 1.000000000000000000e+00 1.000000000000000000e+00 4.500000000000000000e+05 4.074926501463433520e-02 7.053720648288691564e+01 2.580649164818425885e+40 9.286918560948606950e+43 2.190000000000000000e+02
7.100000000000000000e+01 8.770281687519309344e+03 2.611468694913203592e+01 3.932848712142281850e-02 6.842312522205171721e-01 0.000000000000000000e+00 1.048646787391674096e+01 1.694373406064520537e+01 1.802621004308142261e-01 1.548831532469795852e-02 1.016798760906649779e+00 1.243722615023595157e+00 1.000000000000000000e+00 1.000000000000000000e+00 4.600000000000000000e+05 1.026600074497141662e-01 1.358742606348513107e+02 1.398529999123465295e+41 9.505318058356321933e+43 2.210000000000000000e+02
7.100000000000000000e+01 1.374764358734724010e+04 2.493119668733918814e+01 5.942390945624050069e-03 6.578137195981217378e-01 0.000000000000000000e+00 1.517641540652128640e+01 1.095448829823556025e+01 1.232797618825569597e-01 1.151828750709773114e-01 7.649666623736889326e-01 2.813413341449997773e+00 1.000000000000000000e+00 1.000000000000000000e+00 4.600000000000000000e+05 8.537283145368999848e-02 6.283577531549525474e+01 1.860150383219524201e+40 1.028545777531496930e+44 2.220000000000000000e+02
7.100000000000000000e+01 1.197223295546135159e+04 5.336514678486486218e+01 2.594107753809110975e-02 6.636244846494739891e-01 0.000000000000000000e+00 3.586400164927135137e+01 2.015351743396698936e+01 1.229772647280650694e-01 1.156557351808889522e-01 1.498487935509144275e+00 1.062446312256640990e+00 1.000000000000000000e+00 1.000000000000000000e+00 4.700000000000000000e+05 1.164643686862336797e-01 1.919867855141580435e+02 3.557002872949858273e+41 6.960957565861752682e+43 2.130000000000000000e+02
7.100000000000000000e+01 6.958623350587697132e+03 3.098273339774975454e+01 -2.700889167549952452e-02 6.787799217755012826e-01 0.000000000000000000e+00 1.649895035188643178e+01 1.615250095744906389e+01 1.245831774882156379e-01 2.732867213855022862e-02 2.153227693654908403e+00 9.721460325345026021e-01 1.000000000000000000e+00 1.000000000000000000e+00 4.800000000000000000e+05 2.517554439920209955e-02 4.215875535151990761e+01 3.305359493294024673e+39 1.752393678295510866e+45 2.180000000000000000e+02
7.100000000000000000e+01 1.328388145160877320e+04 2.088151165065870885e+01 1.877712089914190113e-02 6.910297922109348567e-01 0.000000000000000000e+00 1.056094249308794630e+01 1.142866498832150590e+01 3.288817700039719377e-02 2.405444600228668836e-02 8.161160786223252694e-01 8.809357783134730280e-01 1.000000000000000000e+00 1.000000000000000000e+00 4.800000000000000000e+05 2.948636590377009398e-02 2.374253072228248129e+01 1.052821255389147659e+39 1.473742174689428994e+44 2.200000000000000000e+02
7.100000000000000000e+01 1.212261812124075914e+04 3.632144969288726344e+01 4.261280602451916200e-01 7.561547851992069802e-01 0.000000000000000000e+00 1.633225082914324489e+01 2.226109264209082994e+01 1.335402272414757674e-01 6.771589859311810677e-01 8.907950086963302150e-01 0.000000000000000000e+00 1.000000000000000000e+00 2.000000000000000000e+00 4.900000000000000000e+05 7.290997258456236030e-02 2.165278791547088133e+02 6.065474971093264067e+41 1.733993526890854473e+43 2.230000000000000000e+02
7.200000000000000000e+01 1.322812380298280004e+03 2.556798413284075266e+01 -7.900482114449886017e-02 6.451534638738239957e-01 0.000000000000000000e+00 1.183149011738573009e+01 1.502146752425634979e+01 2.231148907630500222e-01 1.164464038742565183e-02 2.451919717562069945e+00 2.078510556522403796e+00 1.000000000000000000e+00 1.000000000000000000e+00 3.700000000000000000e+05 1.080849825319297880e-01 1.266987674827955175e+02 2.805038302102791778e+40 9.987955720304753693e+45 2.050000000000000000e+02
7.200000000000000000e+01 2.689595717152953512e+04 4.119330669946727852e+01 -6.366695787484497049e-02 6.471881512235430067e-01 0.000000000000000000e+00 1.730630242523624673e+01 2.590329495702505014e+01 7.992631581425538312e-02 1.364874541127771290e-01 2.280465876677452375e+00 2.121389457066287232e+00 1.000000000000000000e+00 1.000000000000000000e+00 3.900000000000000000e+05 9.960598622743742359e-02 1.348601697089674758e+02 2.238376923581003002e+41 9.307959558644062184e+42 2.060000000000000000e+02
7.200000000000000000e+01 1.167939418190241895e+03 3.558723088221780984e+01 4.442107404807783544e-01 6.496425654562314467e-01 0.000000000000000000e+00 1.188725784347308156e+01 2.560918174247133194e+01 1.305850517788437193e-01 6.501534638738240002e-01 1.566658593832531698e+00 0.000000000000000000e+00 1.000000000000000000e+00 2.000000000000000000e+00 4.500000000000000000e+05 5.459154236911491209e-02 1.266256745013167659e+02 2.266578213974634986e+40 1.471758810694983203e+46 2.080000000000000000e+02
7.200000000000000000e+01 2.117355077182305831e+04 2.680231450384761871e+01 -2.002197451714875925e-02 6.792257750575561026e-01 0.000000000000000000e+00 1.542874985389738995e+01 1.281830945862488846e+01 1.040610639789918551e-01 1.991477587584966971e-02 2.106212455802020322e+00 1.152957383395120938e-01 1.000000000000000000e+00 1.000000000000000000e+00 4.800000000000000000e+05 8.949838356143799412e-02 1.047505815049737095e+02 1.074854948018509055e+41 1.281303875921166631e+43 2.100000000000000000e+02
7.200000000000000000e+01 1.319377866890036330e+03 2.499440438927141983e+01 -2.363856136883134285e-03 6.685996821562228964e-01 0.000000000000000000e+00 1.169803725524851856e+01 1.464620018685324965e+01 1.053343215694278745e-01 1.171528101691062113e-01 2.900514737909886787e+00 8.485491004066010312e-01 1.000000000000000000e+00 1.000000000000000000e+00 4.900000000000000000e+05 8.790233615449206950e-02 1.513067277112754709e+02 4.871403023336205700e+40 6.191469631627601216e+45 2.110000000000000000e+02
7.300000000000000000e+01 7.911055785540675060e+03 2.611588751625643567e+01 -2.366301784522847201e-02 6.767805234947910087e-01 0.000000000000000000e+00 1.233205787109709028e+01 1.512335605390778071e+01 9.328586059663055569e-03 1.072225630675153335e-01 3.336140031593883837e-01 2.057462168876543984e+00 1.000000000000000000e+00 1.000000000000000000e+00 3.600000000000000000e+05 3.644195941953443790e-02 1.150292791655311788e+02 7.928006705444748124e+40 1.932752398189902332e+44 2.050000000000000000e+02
7.300000000000000000e+01 1.226194299667566156e+04 2.749103678683090379e+01 -1.978205859416378581e-03 6.842881468620476415e-01 0.000000000000000000e+00 1.487517416260687497e+01 1.399579001944355383e+01 1.405959306937837883e-01 5.897476469503775548e-02 1.264570557330943146e+00 2.555370990939233256e+00 1.000000000000000000e+00 1.000000000000000000e+00 3.800000000000000000e+05 1.340551473151871675e-01 1.820697857950982552e+02 4.066561341239796656e+41 1.858417945884223344e+43 2.060000000000000000e+02
7.300000000000000000e+01 5.177527418431558544e+03 2.604609801430245142e+01 -7.877820895314398275e-02 6.596062902131121231e-01 0.000000000000000000e+00 1.276453080331195800e+01 1.457245984079883883e+01 1.271290766559420859e-01 7.182310537897584890e-02 2.322827913462564009e+00 3.086040000000000116e+00 1.000000000000000000e+00 1.000000000000000000e+00 3.800000000000000000e+05 7.980188750254819940e-02 1.635703395993828622e+02 1.684264606030834800e+41 3.145128320495480140e+44 2.090000000000000000e+02
7.300000000000000000e+01 9.410879999344546377e+03 4.998797679539818262e+01 -3.673167663874386812e-02 6.757746454874988817e-01 0.000000000000000000e+00 2.753454173900560065e+01 2.507442851352647040e+01 1.426187258152191717e-01 2.108508187134379777e-02 2.080157178594309375e+00 1.604022266192807189e+00 1.000000000000000000e+00 1.000000000000000000e+00 3.900000000000000000e+05 1.245141837698671844e-01 2.109923858650853106e+02 4.111813669988551964e+41 9.429461422895813641e+43 2.070000000000000000e+02
7.300000000000000000e+01 3.102936600443448697e+03 2.831496201348073427e+01 -3.356142681211286838e-02 6.725796075825511977e-01 0.000000000000000000e+00 1.208693718804123662e+01 1.759967712574148280e+01 1.592412626358379046e-01 1.621813940481933725e-01 1.296399178134966856e+00 2.131490843231779397e+00 1.000000000000000000e+00 1.000000000000000000e+00 3.900000000000000000e+05 1.347368433021576273e-01 1.386229392255992536e+02 6.122122552328878810e+40 2.499009852531268894e+45 2.100000000000000000e+02
7.300000000000000000e+01 1.579096255358979215e+04 4.845490640388612746e+01 -5.367207372370079443e-02 5.345984282921774078e-01 0.000000000000000000e+00 1.172904087052075361e+01 3.849302190917877198e+01 2.322128283734351678e-02 1.103479865254296394e-01 5.575504065528075204e-01 2.330911822262494049e+00 1.000000000000000000e+00 1.000000000000000000e+00 4.200000000000000000e+05 5.078787595251010173e-02 1.922101031987825479e+02 4.448223658467822905e+41 3.841005922852138065e+43 2.120000000000000000e+02
7.300000000000000000e+01 1.272889269432848550e+03 2.531751523276468774e+01 -6.412298233545826731e-02 6.601442672631128161e-01 0.000000000000000000e+00 1.116463238260383584e+01 1.539704985107708701e+01 5.268880464023975585e-02 1.014334861702651663e-01 1.832800473576142508e+00 3.023220000000000240e+00 1.000000000000000000e+00 1.000000000000000000e+00 4.200000000000000000e+05 3.525898828168044091e-02 1.180954985218258031e+02 2.324680269993053797e+40 9.861601225970637636e+45 2.160000000000000000e+02
7.300000000000000000e+01 5.606680419369616175e+03 2.269536887948346759e+01 -1.441957010123160465e-01 6.412844469296210548e-01 0.000000000000000000e+00 1.105513807759629330e+01 1.274820930896703253e+01 1.309779944181944100e-01 2.403444134046303360e-01 2.835280205916604679e+00 2.304524819338971131e+00 1.000000000000000000e+00 1.000000000000000000e+00 4.400000000000000000e+05 1.094192022519606539e-01 3.143645178215742249e+02 1.357342313360733992e+42 3.364149904387666812e+43 2.130000000000000000e+02
7.300000000000000000e+01 2.705689363637060524e+03 3.500016768732511707e+01 -3.925418165119102382e-03 6.414026823967848845e-01 0.000000000000000000e+00 1.395066540935799004e+01 2.288506770922042222e+01 2.016076072658936069e-01 4.537213006841653296e-02 1.994685878294687686e+00 2.247259590719111744e-01 1.000000000000000000e+00 1.000000000000000000e+00 4.400000000000000000e+05 1.026742827689434562e-01 1.911649431836410145e+02 1.135947102911392192e+41 2.816434740394183209e+45 2.170000000000000000e+02
7.300000000000000000e+01 1.458552183716651780e+04 2.482085120579873916e+01 -6.009119301337387947e-02 6.659066240944070403e-01 0.000000000000000000e+00 1.430556866522275783e+01 1.177671004721372761e+01 8.983468117523335517e-02 3.562775011795445146e-02 2.949470482293578222e+00 2.387488560141996619e+00 1.000000000000000000e+00 1.000000000000000000e+00 4.400000000000000000e+05 1.953148887192028560e-02 6.821039904896778694e+01 2.467844602928236472e+40 7.436339104814851501e+43 2.200000000000000000e+02
7.300000000000000000e+01 6.327856226087273171e+03 3.342595668254554653e+01 -5.053850867110339790e-02 5.967504207111734571e-01 0.000000000000000000e+00 1.179932287382668221e+01 2.316318424694096834e+01 1.055037225924088384e-01 4.687925415114915784e-02 3.051140000000000185e+00 2.077708516425253116e+00 1.000000000000000000e+00 1.000000000000000000e+00 4.400000000000000000e+05 4.098408215371800861e-02 1.561859368532552139e+02 1.509985536504468905e+41 3.890667517033812092e+44 2.210000000000000000e+02
7.300000000000000000e+01 2.130387893210642505e+04 3.083526197605659291e+01 3.341607004106707246e-02 6.491682679136742129e-01 0.000000000000000000e+00 2.004382819056938203e+01 1.225066739937443927e+01 1.848299970839356321e-01 1.022646824676665400e-01 1.063614682762938468e+00 2.183312401227350819e+00 1.000000000000000000e+00 1.000000000000000000e+00 4.500000000000000000e+05 1.848046342114344209e-01 2.639960960975216153e+02 1.639176182229576221e+42 1.808525689365804869e+42 2.140000000000000000e+02
7.300000000000000000e+01 1.219344632720251866e+04 3.833437422209355105e+01 4.913291775455813637e-01 6.630228262539604733e-01 0.000000000000000000e+00 2.752900060660750015e+01 1.266100156361731344e+01 6.964881468620475191e-01 1.184902026708373607e-01 0.000000000000000000e+00 1.178966756526136361e+00 2.000000000000000000e+00 1.000000000000000000e+00 4.500000000000000000e+05 1.252743318840887354e-01 1.478730189544746736e+02 1.896092599085887471e+41 6.620168506473074870e+43 2.190000000000000000e+02
7.300000000000000000e+01 2.061644475674741989e+04 2.486425518222562303e+01 -7.872060908722451622e-02 6.526938752707307501e-01 0.000000000000000000e+00 1.081221583965581878e+01 1.522942817139065497e+01 1.769867429171197992e-01 1.008406426239541881e-01 1.856911847765249979e+00 2.958006471666311477e+00 1.000000000000000000e+00 1.000000000000000000e+00 4.600000000000000000e+05 1.465990951092539774e-17 1.230952809667375192e+02 1.766521324940068227e+41 9.136748614038595583e+42 2.110000000000000000e+02
7.300000000000000000e+01 1.046651941758552130e+04 4.706656952064906818e+01 4.299960838873143065e-03 5.630904802574752122e-01 0.000000000000000000e+00 1.236000667811406473e+01 3.655185465130885802e+01 2.988822969084155637e-02 6.447963001854396803e-02 3.217391523207063786e-01 1.630293675174568246e+00 1.000000000000000000e+00 1.000000000000000000e+00 4.700000000000000000e+05 4.458856988548155764e-02 1.974126431677280493e+02 3.732023640577993580e+41 1.045683976985961719e+44 2.150000000000000000e+02
7.300000000000000000e+01 1.629363583819873202e+04 2.740255510139076023e+01 7.639621800877653690e-02 6.915055355365291589e-01 0.000000000000000000e+00 1.204426112315244701e+01 1.681279379295745358e+01 5.320628309864618849e-02 1.143842613929628854e-01 5.259196762576647810e-01 5.391257643766770302e-01 1.000000000000000000e+00 1.000000000000000000e+00 4.700000000000000000e+05 5.872327336267319647e-02 7.865627988530061998e+01 3.886639811087165837e+40 4.833830165873962833e+43 2.230000000000000000e+02
7.300000000000000000e+01 1.179080571906466730e+03 3.735837561470333412e+01 3.598423248167724742e-01 6.376319594164419069e-01 0.000000000000000000e+00 1.420237846186218178e+01 2.534664712290861033e+01 1.864893743861248399e-01 6.631442672631128188e-01 2.908670833372244857e+00 0.000000000000000000e+00 1.000000000000000000e+00 2.000000000000000000e+00 4.800000000000000000e+05 2.225291896018722140e-02 1.200340045323892753e+02 1.837688732345392391e+40 1.881679908964749021e+46 2.270000000000000000e+02
7.300000000000000000e+01 1.145091658694151192e+04 2.986396086257387239e+01 1.645101708866582302e-02 6.532000186746751424e-01 0.000000000000000000e+00 2.118671582620293492e+01 1.010355515970750240e+01 8.037170358577234996e-02 1.094054694250953946e-01 1.913789430619620369e+00 1.805052884185523454e-01 1.000000000000000000e+00 1.000000000000000000e+00 4.900000000000000000e+05 7.569023530969183622e-02 2.167352073955337062e+02 6.360804423725884425e+41 1.859141402139970721e+43 2.260000000000000000e+02
7.300000000000000000e+01 1.317445595776322762e+03 2.559590175950244983e+01 -1.239145730952333213e-01 6.483304355926706730e-01 0.000000000000000000e+00 1.227996455075592408e+01 1.457014957373445441e+01 7.658347717803279386e-02 1.980956303941766028e-01 2.981340000000000323e+00 2.551840552561190023e+00 1.000000000000000000e+00 1.000000000000000000e+00 4.900000000000000000e+05 1.101718785864844591e-01 2.253597186393037930e+02 1.579837171981754817e+41 2.711269439829301017e+45 2.280000000000000000e+02
7.300000000000000000e+01 1.133974689328247223e+03 4.369061463766379205e+01 5.021342950200395894e-01 5.481048944198204653e-01 0.000000000000000000e+00 3.503238265821183006e+01 1.039410376222453891e+01 6.434026823967848863e-01 3.935713884438964139e-02 0.000000000000000000e+00 8.490872315294739625e-01 2.000000000000000000e+00 1.000000000000000000e+00 4.900000000000000000e+05 7.505140930174719789e-03 1.027571288510167022e+02 1.028738009751278854e+40 3.931612845235455479e+46 2.290000000000000000e+02
7.400000000000000000e+01 1.209746263494215600e+04 5.247863589874779677e+01 -1.142634243326649535e-01 5.898748246789576877e-01 0.000000000000000000e+00 1.876648024562128469e+01 3.603273548500541068e+01 1.498691707380891136e-01 1.092041862260913071e-01 2.585582811487203703e+00 2.963494658173158491e+00 1.000000000000000000e+00 1.000000000000000000e+00 3.200000000000000000e+05 2.524199942118462991e-02 1.598477063645084968e+02 2.082826745509642733e+41 1.323892183016134208e+44 2.040000000000000000e+02
7.400000000000000000e+01 2.396639466308952615e+04 4.469547673055387094e+01 -1.189435295746077426e-02 6.633141656001300124e-01 0.000000000000000000e+00 1.815812808966069269e+01 2.873747233886603780e+01 2.836034445380196389e-02 9.757454873928564365e-02 4.258016631885724324e-01 1.945695066116521543e+00 1.000000000000000000e+00 1.000000000000000000e+00 3.200000000000000000e+05 9.079747978396923713e-02 1.749629925651832991e+02 4.440082836576269600e+41 7.756022190430248384e+42 2.050000000000000000e+02
7.400000000000000000e+01 4.684162015768084530e+03 2.064621705494498727e+01 -7.497336186620170984e-02 6.601045473516581330e-01 0.000000000000000000e+00 1.154208011013710333e+01 1.012934773251870091e+01 1.820872970351373743e-01 1.683798792461709826e-01 1.904433100019389702e+00 2.152076377103465887e+00 1.000000000000000000e+00 1.000000000000000000e+00 3.300000000000000000e+05 1.720465699066012488e-01 3.698564261050675128e+01 2.024714929941644184e+39 2.975726597933969477e+45 2.070000000000000000e+02
7.400000000000000000e+01 1.001317313324042698e+04 4.235818211958341806e+01 -8.422758441711136745e-02 6.437740861007751336e-01 0.000000000000000000e+00 2.602862724112488024e+01 1.839608528312042068e+01 8.694196659872883981e-02 9.418894680181237600e-02 2.860420516684702541e+00 2.701594185565347139e+00 1.000000000000000000e+00 1.000000000000000000e+00 3.500000000000000000e+05 2.699588507126105680e-02 9.893122483546770241e+01 4.777158694568424235e+40 3.789126122600067587e+44 2.120000000000000000e+02
7.400000000000000000e+01 8.255723025110055460e+03 2.121839091902947771e+01 9.522682435007126869e-03 6.893837407797126504e-01 0.000000000000000000e+00 1.108345069001436656e+01 1.123385754492214161e+01 7.102229781395560937e-02 5.692838163952128328e-02 8.765257384500381166e-01 2.043428053730624416e+00 1.000000000000000000e+00 1.000000000000000000e+00 3.700000000000000000e+05 6.964347850779961657e-02 1.963480186058515997e+01 4.429439309167820507e+38 6.719437714398300597e+44 2.110000000000000000e+02
7.400000000000000000e+01 1.193798733215577340e+04 8.473630481848992702e+01 2.960882110073128626e-01 6.994778717902976339e-01 0.000000000000000000e+00 3.740555790931017555e+01 5.252693845954565433e+01 1.501747135371147013e-01 5.986748246789576067e-01 2.601778827036386854e+00 0.000000000000000000e+00 1.000000000000000000e+00 2.000000000000000000e+00 3.700000000000000000e+05 5.238732860677813852e-02 1.099048342129633653e+02 5.367438814025812530e+40 6.104769480471153372e+44 2.140000000000000000e+02
7.400000000000000000e+01 1.144014606170954357e+04 2.758489290231910829e+01 -3.453628716817505606e-02 6.503295362014266390e-01 0.000000000000000000e+00 1.096819511497918853e+01 1.795239873909150319e+01 7.440266542997502064e-02 1.228466515474028464e-01 1.727064674076885575e+00 1.977196693294277052e+00 1.000000000000000000e+00 1.000000000000000000e+00 3.700000000000000000e+05 1.128407580552632100e-01 1.839242777394100301e+02 4.012155681129416985e+41 2.484616929957469140e+43 2.170000000000000000e+02
7.400000000000000000e+01 1.463713891322818426e+03 2.540645549922201951e+01 -5.285612691667933294e-02 6.705356356743539248e-01 0.000000000000000000e+00 1.300924186258814608e+01 1.370417910877829470e+01 4.398674710506538660e-02 1.466757757678650853e-01 3.003944614824267667e+00 2.004744052959273937e+00 1.000000000000000000e+00 1.000000000000000000e+00 3.800000000000000000e+05 1.330808350997556844e-01 2.310865961393740875e+01 1.629993257159885378e+38 5.388033316155265457e+46 2.190000000000000000e+02
7.400000000000000000e+01 3.432189767516337270e+03 3.063829519880027874e+01 3.948050827429681053e-01 6.492898136084260807e-01 0.000000000000000000e+00 2.066997386210408294e+01 1.115426283156817355e+01 6.651045473516581374e-01 1.068112193575667529e-01 0.000000000000000000e+00 3.025082877806666293e+00 2.000000000000000000e+00 1.000000000000000000e+00 3.900000000000000000e+05 6.151377867297200611e-03 9.738611344055092900e+01 2.239198592210660287e+40 5.020082805926829947e+45 2.200000000000000000e+02
7.400000000000000000e+01 5.307949064651212211e+03 2.386965765584814037e+01 7.098695643545635536e-02 7.049523187224274734e-01 0.000000000000000000e+00 1.135542016087392625e+01 1.380057029596214235e+01 1.188745514724020846e-01 1.092982468801491219e-01 7.868787082444262948e-01 9.860083249966369312e-01 1.000000000000000000e+00 1.000000000000000000e+00 4.100000000000000000e+05 9.113606237190578774e-02 7.117882697968322248e+01 1.477039660871042745e+40 1.203267588889821023e+45 2.210000000000000000e+02
7.400000000000000000e+01 1.050123995664644781e+03 7.076824035647317146e+01 -5.971702914495837650e-02 6.651676336819878355e-01 0.000000000000000000e+00 3.904626310885274165e+01 3.531452788889094307e+01 2.454592307929439818e-02 1.842954976163935499e-01 2.356722327689047436e+00 2.187210537005555455e+00 1.000000000000000000e+00 1.000000000000000000e+00 4.100000000000000000e+05 1.340690690942444585e-01 2.039923262392516961e+02 5.221526717014040484e+40 1.743549501753184203e+46 2.240000000000000000e+02
7.400000000000000000e+01 2.136397805794190208e+04 3.196337357712430105e+01 -2.344144702557143106e-02 6.585200611289828698e-01 0.000000000000000000e+00 2.216888740601444496e+01 1.134542472810622549e+01 1.271294633597772339e-01 1.960010871818759215e-01 2.249785027942174498e+00 1.112259354399642630e+00 1.000000000000000000e+00 1.000000000000000000e+00 4.400000000000000000e+05 9.116737690606900590e-02 1.780116188541876454e+02 4.966580143399964180e+41 5.434559318886045177e+42 2.180000000000000000e+02
7.400000000000000000e+01 8.741547676705326012e+03 5.090920412452426547e+01 5.224453070734149662e-01 4.548648258871307859e-01 0.000000000000000000e+00 1.033058209382043913e+01 4.243619292261276144e+01 5.682427179605268469e-02 6.633740861007749734e-01 3.029089394693351256e+00 0.000000000000000000e+00 1.000000000000000000e+00 2.000000000000000000e+00 4.400000000000000000e+05 3.799917290202764475e-03 9.472460105337027869e+01 3.493733470915677484e+40 1.794808163932667518e+45 2.220000000000000000e+02
7.400000000000000000e+01 1.076734069003892000e+04 1.072071424319251918e+02 6.982075627029944442e-01 8.431032959475447397e-01 0.000000000000000000e+00 8.485332164217717832e+01 2.762298633294599881e+01 7.102778717902975547e-01 6.611295362014265597e-01 0.000000000000000000e+00 0.000000000000000000e+00 3.000000000000000000e+00 2.000000000000000000e+00 4.400000000000000000e+05 0.000000000000000000e+00 1.130450023609071906e+02 4.757178237031141611e+40 8.634543654873499426e+44 2.280000000000000000e+02
7.400000000000000000e+01 6.816435612604768721e+03 3.730761718516821190e+01 -3.393429580187153766e-02 6.279455307679974174e-01 0.000000000000000000e+00 1.400883090597607783e+01 2.506609751256179663e+01 6.769871277943896593e-02 3.427056682156252171e-02 2.463043136599970317e+00 2.324196866000488360e+00 1.000000000000000000e+00 1.000000000000000000e+00 4.500000000000000000e+05 2.499581035021730333e-02 1.400447286549566854e+02 1.090804811801578385e+41 4.569230746347465005e+44 2.310000000000000000e+02
7.400000000000000000e+01 1.459255807636565260e+04 2.855007230750145553e+01 -3.066058936970077198e-02 6.763737849559623427e-01 0.000000000000000000e+00 1.579613048525031083e+01 1.423642197803735421e+01 8.293334558289351677e-02 4.986114926902041056e-02 2.146300770241237554e+00 1.867922446911032486e+00 1.000000000000000000e+00 1.000000000000000000e+00 4.700000000000000000e+05 2.000019135116290134e-02 3.762128914280177128e+01 3.924035155605509359e+39 1.752728406574484390e+44 2.250000000000000000e+02
7.400000000000000000e+01 7.636257619907596563e+03 3.682905858934934429e+01 3.089389688034331893e-01 7.359596516468219773e-01 0.000000000000000000e+00 1.796715322812384485e+01 2.126235847895665998e+01 1.885847788990092089e-01 7.119837407797124929e-01 2.670290737745864007e+00 0.000000000000000000e+00 1.000000000000000000e+00 2.000000000000000000e+00 4.700000000000000000e+05 3.383016853038867677e-01 2.224517485028408714e+02 4.786522364196573246e+41 7.000646918579122218e+43 2.300000000000000000e+02
7.400000000000000000e+01 1.616665442515741051e+04 2.005799986724852246e+01 -3.881504537362064078e-02 6.734089023825183817e-01 0.000000000000000000e+00 1.037345928733170020e+01 1.076794004578003516e+01 1.114237418565242749e-01 9.426301908956939007e-03 2.466410484496715405e+00 6.362011973094106043e-01 1.000000000000000000e+00 1.000000000000000000e+00 4.700000000000000000e+05 6.673610999755615059e-02 6.413015101866901091e+01 2.358224294609643851e+40 3.798492987614833977e+43 2.320000000000000000e+02
7.400000000000000000e+01 1.294962756468934003e+03 2.450339531694538309e+01 -6.028622929220358619e-03 6.781435501934235388e-01 0.000000000000000000e+00 1.147834280350058478e+01 1.428977001064930619e+01 7.136948494229854167e-02 1.326326998330004496e-02 1.690914113152800491e+00 1.877276367742417573e+00 1.000000000000000000e+00 1.000000000000000000e+00 4.700000000000000000e+05 5.516791953440328133e-02 9.726898631253908434e+01 1.323912864780887716e+40 1.240436742414291194e+46 2.370000000000000000e+02
7.400000000000000000e+01 1.143578768949131700e+03 3.983118693361181073e+01 5.161627973508763345e-01 6.444039871444015022e-01 0.000000000000000000e+00 1.103870530887481394e+01 3.069472155829702587e+01 1.922973313493743230e-01 6.552898136084260861e-01 8.333553615381659174e-01 0.000000000000000000e+00 1.000000000000000000e+00 3.000000000000000000e+00 4.800000000000000000e+05 4.473434667025257688e-02 1.146632330254302730e+02 1.546763415466689667e+40 2.077054758472875745e+46 2.380000000000000000e+02
7.400000000000000000e+01 2.333655457162531457e+04 2.603635494385811100e+01 -1.026502847420122932e-01 6.428649624450355482e-01 0.000000000000000000e+00 1.077887129806331679e+01 1.649495562842989571e+01 5.641044669763146946e-02 1.496091841232823072e-01 2.181148989961329665e+00 3.025422496825240781e+00 1.000000000000000000e+00 1.000000000000000000e+00 4.900000000000000000e+05 6.520016973485959384e-03 1.399712154412567315e+02 2.736394320542859498e+41 5.284359707991304909e+42 2.290000000000000000e+02
7.400000000000000000e+01 1.214096198716227264e+04 4.061659620696012496e+01 -4.807691464616488733e-03 6.333566338867820944e-01 0.000000000000000000e+00 1.428721210239535644e+01 2.821469701240252803e+01 2.369900327625672209e-02 3.174589329818093553e-02 8.601838719900181118e-01 2.065432520713110343e+00 1.000000000000000000e+00 1.000000000000000000e+00 4.900000000000000000e+05 1.443893137691849328e-02 1.602020012516103691e+02 2.346779380118793761e+41 6.767487972765607855e+43 2.340000000000000000e+02
7.500000000000000000e+01 1.296187810812434918e+03 2.465229168146329641e+01 -8.630158728909424759e-02 6.429596269766828520e-01 0.000000000000000000e+00 1.032130891932924399e+01 1.552049074883386126e+01 5.462141945739022730e-02 1.100628189057767659e-01 2.875788215216043220e+00 2.980903750900030236e+00 1.000000000000000000e+00 1.000000000000000000e+00 2.700000000000000000e+05 1.760986086787423577e-02 1.239319236027163100e+02 2.724554403952486755e+40 9.380839388707993775e+45 2.070000000000000000e+02
7.500000000000000000e+01 3.953026463359840818e+03 2.111031817015178902e+01 -6.217609098123853470e-03 6.822055379053375557e-01 0.000000000000000000e+00 1.189458968372356829e+01 1.032512843290939841e+01 2.078618325666823502e-02 5.336510052460440544e-03 2.314224105618931215e+00 1.012595641588033946e+00 1.000000000000000000e+00 1.000000000000000000e+00 3.100000000000000000e+05 1.530180939726718571e-02 4.346503291032220062e+01 2.840229052982888011e+39 4.315049562581593020e+45 2.080000000000000000e+02
7.500000000000000000e+01 1.207745855127328105e+04 2.380302038520456520e+01 -1.154633771112392043e-02 6.842111917857812697e-01 0.000000000000000000e+00 1.197506452572501523e+01 1.304914719847791993e+01 4.537505624958288603e-02 1.129294411056396136e-01 3.677926532031231543e-01 2.141400106236149625e+00 1.000000000000000000e+00 1.000000000000000000e+00 3.800000000000000000e+05 9.503859473589659768e-02 1.295227046896168304e+02 1.535743847520964032e+41 3.378896133580642343e+43 2.110000000000000000e+02
7.500000000000000000e+01 1.082279470053729710e+04 3.133766023676662726e+01 7.135977417748270990e-02 6.415270873464749002e-01 0.000000000000000000e+00 2.175123999525806440e+01 1.110391445138735733e+01 1.357350468474041172e-01 1.756696500473874795e-02 7.457543214199047199e-01 4.485103041076607400e-01 1.000000000000000000e+00 1.000000000000000000e+00 3.800000000000000000e+05 9.209977333756083628e-02 1.721906540646938595e+02 3.018014999227106186e+41 4.616565982807433918e+43 2.120000000000000000e+02
7.500000000000000000e+01 1.204516281767787177e+03 2.383187034109699454e+01 3.453786744230496336e-02 6.900936916599709203e-01 0.000000000000000000e+00 1.147663370495697066e+01 1.362963384203061423e+01 3.545653778396917061e-02 1.029046726401114387e-01 1.633241503692152596e+00 8.810425899092109159e-01 1.000000000000000000e+00 1.000000000000000000e+00 3.800000000000000000e+05 7.938094717821773949e-02 3.803962244996339592e+01 8.262278603045225902e+38 1.924971912393315121e+46 2.130000000000000000e+02
7.500000000000000000e+01 5.109032149191243661e+03 4.072713514305026905e+01 -6.049828536969902026e-02 5.414818339833250560e-01 0.000000000000000000e+00 1.010368614662235132e+01 3.211902265233064213e+01 5.850645678845193404e-02 8.470257620310342461e-02 1.293254074970671130e+00 3.086040000000000116e+00 1.000000000000000000e+00 1.000000000000000000e+00 3.900000000000000000e+05 1.524602146599149735e-02 1.853256294545611524e+02 1.899099272351423760e+41 8.610597258690800318e+44 2.140000000000000000e+02
7.500000000000000000e+01 1.574216838204753185e+04 3.757576761836607204e+01 -3.740941316654688986e-02 6.816309288296019675e-01 0.000000000000000000e+00 1.986711657807046905e+01 1.963367726247648548e+01 2.934669518778974528e-01 2.827347579959192392e-01 1.663655837979074681e+00 1.740416983917319804e+00 1.000000000000000000e+00 1.000000000000000000e+00 4.000000000000000000e+05 1.560299570411184666e-01 2.703940648304002892e+01 1.368840263214008880e+39 2.815622539897454012e+44 2.090000000000000000e+02
7.500000000000000000e+01 2.481754291474552883e+04 3.757948569592284827e+01 -1.977982121314947328e-03 6.943781476851123013e-01 0.000000000000000000e+00 1.779076472260254249e+01 2.162523381317865301e+01 1.470018622009328646e-01 1.627045302269501947e-01 2.482889247537773403e-01 2.407818995767370129e+00 1.000000000000000000e+00 1.000000000000000000e+00 4.100000000000000000e+05 1.089594675776551502e-01 2.027018816475979861e+02 7.515493194387061230e+41 3.061934550036616128e+42 2.150000000000000000e+02
7.500000000000000000e+01 8.806192506173396396e+03 4.542570491293545842e+01 -9.199157400121961078e-03 5.304072794779486344e-01 0.000000000000000000e+00 3.542899392895188271e+01 1.174388704263278704e+01 1.112222699707493545e-02 7.462189892643390776e-02 1.396083439043162677e+00 2.181372078983956353e+00 1.000000000000000000e+00 1.000000000000000000e+00 4.200000000000000000e+05 1.597548021273277608e-02 1.717094823184914674e+02 2.210130725837337860e+41 2.654124305010721450e+44 2.170000000000000000e+02
7.500000000000000000e+01 1.597363223491723329e+04 4.939553454335398897e+01 -6.203707677723743763e-02 5.378974535992779860e-01 0.000000000000000000e+00 3.662017722902703554e+01 1.480456154781893829e+01 4.276865946406339936e-02 1.562799431506945169e-01 2.385959756346669902e+00 2.659820046967636742e+00 1.000000000000000000e+00 1.000000000000000000e+00 4.300000000000000000e+05 2.532870974193960484e-02 1.689822242960356675e+02 3.020506906711524434e+41 5.321622456348798217e+43 2.180000000000000000e+02
7.500000000000000000e+01 5.644894213422872781e+03 2.332243125227556035e+01 -6.073775074150651598e-02 6.602117427340288280e-01 0.000000000000000000e+00 1.299597829152186002e+01 1.144846264879203979e+01 1.468887982634181077e-01 1.633467903229959828e-01 1.392861481825049763e+00 2.915753192520036396e+00 1.000000000000000000e+00 1.000000000000000000e+00 4.300000000000000000e+05 1.453030483851662780e-01 2.165865564588699215e+02 4.403821791440333268e+41 9.290374359760126726e+43 2.190000000000000000e+02
7.500000000000000000e+01 8.710431376620231276e+02 2.918619237863257609e+01 -5.908359557757103531e-02 6.461717898772779689e-01 0.000000000000000000e+00 1.178331263649290506e+01 1.881352364548853018e+01 2.669747690612087748e-02 8.264873423394630825e-02 2.643714280635224512e+00 2.967380000000000351e+00 1.000000000000000000e+00 1.000000000000000000e+00 4.500000000000000000e+05 1.432573344687414554e-02 1.339352794472150947e+02 3.366575616655810248e+40 3.466001827029430719e+45 2.260000000000000000e+02
7.500000000000000000e+01 2.042963645376918430e+04 3.151213070457997389e+01 -3.215558811856716187e-02 6.637252896811982605e-01 0.000000000000000000e+00 1.366306833971161261e+01 1.941995174093692711e+01 5.287353954109908633e-02 7.288662125841609274e-02 1.766676230472281617e+00 2.281317625223421519e+00 1.000000000000000000e+00 1.000000000000000000e+00 4.600000000000000000e+05 1.846859459588932884e-02 1.083364982007364006e+02 1.097227421122794486e+41 1.925723712323404503e+43 2.160000000000000000e+02
7.500000000000000000e+01 5.135593260951884076e+03 3.099622640865772638e+01 1.573595255795411443e-03 6.196855386142909872e-01 0.000000000000000000e+00 2.155113041753824632e+01 1.087118976258328118e+01 4.448346281746980851e-02 1.198619825057174459e-01 1.017664888037348447e+00 1.925547724918148518e+00 1.000000000000000000e+00 1.000000000000000000e+00 4.700000000000000000e+05 4.666966158186346830e-02 1.527177538715209550e+02 1.244304642810458493e+41 6.139655584557369476e+44 2.240000000000000000e+02
7.500000000000000000e+01 1.093316884755944557e+04 2.116244403410397368e+01 -6.289310673571864296e-03 6.751580658457404516e-01 0.000000000000000000e+00 1.019007209632505706e+01 1.211297096010386554e+01 1.293345459885305304e-01 8.855295483159218717e-02 2.150284167773945487e+00 9.979253807932984000e-01 1.000000000000000000e+00 1.000000000000000000e+00 4.700000000000000000e+05 8.769461508934889293e-02 3.201909217936336205e+01 2.288743639632946845e+39 2.529599038603663911e+44 2.270000000000000000e+02
7.500000000000000000e+01 7.030198554844187129e+03 2.485320306704280213e+01 -7.711982079351607788e-02 6.469618176300159229e-01 0.000000000000000000e+00 1.113611299711167035e+01 1.494384334343028797e+01 1.200610000516755677e-01 6.813724528318720886e-02 2.664057421142295379e+00 2.513395322531817300e+00 1.000000000000000000e+00 1.000000000000000000e+00 4.900000000000000000e+05 4.004338658214362523e-02 7.637166695902031677e+01 2.189458424261095349e+40 5.959711207919056042e+44 2.280000000000000000e+02
7.500000000000000000e+01 1.416783576829440608e+04 2.976393129238431712e+01 -1.025366279173438033e-01 6.099945729066269529e-01 0.000000000000000000e+00 1.122500967808952410e+01 1.990608259503430233e+01 1.011919580547027964e-01 1.106643114798663841e-01 3.017694460762726738e+00 2.785769321233394269e+00 1.000000000000000000e+00 1.000000000000000000e+00 4.900000000000000000e+05 3.855126765984001613e-02 1.610298028510858046e+02 2.974770976050765614e+41 2.433136475752304032e+43 2.290000000000000000e+02
7.600000000000000000e+01 1.408800615621166571e+03 2.052996274195238868e+01 4.010782052937526126e-02 6.985351769577314851e-01 0.000000000000000000e+00 1.020844348152497005e+01 1.142103669253787324e+01 8.446170968994906603e-02 8.546140546943265665e-03 4.208746992070536153e-01 6.004408490479192784e-01 1.000000000000000000e+00 1.000000000000000000e+00 2.600000000000000000e+05 3.035372984371298780e-02 5.662993127851397190e+01 2.916193921421396971e+39 1.900032586744270928e+46 2.040000000000000000e+02
7.600000000000000000e+01 3.079900449402276990e+03 3.954479474351589374e+01 -3.494641634977538585e-03 6.048141715913137872e-01 0.000000000000000000e+00 1.244115477909769751e+01 2.883559282265484569e+01 1.516843567289632641e-02 2.072187135405442054e-02 7.998283169034783313e-01 2.050461381598092103e+00 1.000000000000000000e+00 1.000000000000000000e+00 2.900000000000000000e+05 1.838339871714701410e-02 1.726970932344172809e+02 8.991748032862655263e+40 3.571853218243941588e+45 2.060000000000000000e+02
7.600000000000000000e+01 1.253310819453941804e+03 5.167675184908799224e+01 2.683372548698792492e-01 8.356446859533521732e-01 0.000000000000000000e+00 3.414758541600210151e+01 2.053940869721683171e+01 7.690856274449956939e-03 7.039351769577314455e-01 6.040845586819952873e-01 0.000000000000000000e+00 1.000000000000000000e+00 2.000000000000000000e+00 2.900000000000000000e+05 4.368474702060995071e-03 2.171002602422837811e+02 7.007258878199860801e+40 6.886720114190909935e+45 2.070000000000000000e+02
7.600000000000000000e+01 1.131179268772827709e+04 3.374715629368106562e+01 4.313546479227766545e-02 6.489874136539146576e-01 0.000000000000000000e+00 2.315737210192172668e+01 1.224663483551401200e+01 1.351088848869377579e-01 3.764559619702503163e-02 1.198048514610922322e+00 5.715913436406387937e-01 1.000000000000000000e+00 1.000000000000000000e+00 2.900000000000000000e+05 1.258309815156690159e-01 1.453299157316971275e+02 1.809574444096657010e+41 6.997093666754521400e+43 2.080000000000000000e+02
7.600000000000000000e+01 1.968183709748421097e+04 2.859890096303233165e+01 6.742728055092332695e-02 7.000532435462345493e-01 0.000000000000000000e+00 1.767946496490804975e+01 1.244112747696649279e+01 7.082695476495518005e-02 1.503486269866112779e-01 1.048087465058383794e+00 7.203516932220220825e-01 1.000000000000000000e+00 1.000000000000000000e+00 3.000000000000000000e+05 6.640776101961691491e-02 1.047244440498847240e+02 1.006123764335733481e+41 1.711034472444788141e+43 2.050000000000000000e+02
7.600000000000000000e+01 4.476162388749795355e+03 4.272537659882284800e+01 -5.513614074360152079e-02 6.529098935663142367e-01 0.000000000000000000e+00 1.703854516803032482e+01 2.771826137372175580e+01 5.486452208149640575e-02 9.860146793640740814e-02 1.299124130267339527e+00 3.038560251234549980e+00 1.000000000000000000e+00 1.000000000000000000e+00 3.000000000000000000e+05 3.034661676377059525e-02 1.529376393602807411e+02 9.125219661007372098e+40 1.582046811969923871e+45 2.120000000000000000e+02
7.600000000000000000e+01 2.223859061307660886e+04 4.717583502220915648e+01 6.449068795546084032e-02 5.510223350861440661e-01 0.000000000000000000e+00 3.625784896760482212e+01 1.273996987563367256e+01 1.406703440058857391e-01 2.886529884866562146e-02 8.077561759632624350e-01 3.021576648310433377e+00 1.000000000000000000e+00 1.000000000000000000e+00 3.100000000000000000e+05 1.069197699930225925e-01 2.151822336694116018e+02 7.748838654205306659e+41 9.070082560623897005e+42 2.140000000000000000e+02
7.600000000000000000e+01 4.859770853334236563e+03 3.809817329078069292e+01 -5.112231438144165113e-03 6.658819278360406102e-01 0.000000000000000000e+00 1.519097238938544336e+01 2.474905804948247479e+01 5.699972895099787717e-02 4.248579810679203872e-02 5.683084073480104692e-01 2.664272488234538550e+00 1.000000000000000000e+00 1.000000000000000000e+00 3.500000000000000000e+05 2.415293830282154788e-02 1.379344219627682548e+02 7.783501218455891491e+40 1.213685653165363503e+45 2.150000000000000000e+02
7.600000000000000000e+01 9.047956119805374328e+03 2.434090929828224859e+01 -4.089905998307684365e-02 6.722192489915046476e-01 0.000000000000000000e+00 1.117509774031843506e+01 1.438871589138065055e+01 2.732758279730313627e-02 1.086493353774517084e-01 8.233021504710785754e-01 2.500740602783970701e+00 1.000000000000000000e+00 1.000000000000000000e+00 3.500000000000000000e+05 2.361833165073242216e-02 1.110921406959018043e+02 8.033027050409411830e+40 1.225594255163860860e+44 2.180000000000000000e+02
7.600000000000000000e+01 3.411981777365424477e+03 5.050146301893111200e+01 -3.049046962086881390e-02 6.126547466612373150e-01 0.000000000000000000e+00 3.928945829119613364e+01 1.328054637118566461e+01 1.035263609337143259e-01 1.810452420481023506e-01 2.565687009890838421e+00 7.194353716910344421e-01 1.000000000000000000e+00 1.000000000000000000e+00 3.500000000000000000e+05 5.637989471791741980e-02 1.955580396264448382e+02 1.204030686933353352e+41 3.015964779881417978e+45 2.200000000000000000e+02
7.600000000000000000e+01 1.290590147331484786e+03 2.785558151917354053e+01 -1.142421717167686063e-01 6.521990851719192683e-01 0.000000000000000000e+00 1.733225338830881768e+01 1.195537612552007545e+01 2.004090283027860353e-01 4.560837642992556645e-02 3.030200000000000227e+00 1.374907604637757075e+00 1.000000000000000000e+00 1.000000000000000000e+00 3.500000000000000000e+05 2.928065976921997993e-02 1.428028692349573134e+02 3.783432759086156360e+40 8.791271062843060160e+45 2.210000000000000000e+02
7.600000000000000000e+01 4.367263543583468163e+03 2.531725189707675483e+01 -1.725706356957411661e-02 6.492558171037411396e-01 0.000000000000000000e+00 1.020978790148179272e+01 1.636028914514712795e+01 1.047672180194380853e-01 3.208627437093801438e-02 1.956917061273729441e+00 1.677091185666229389e+00 1.000000000000000000e+00 1.000000000000000000e+00 3.600000000000000000e+05 5.205507901241715474e-02 1.172291922360927856e+02 5.488170980473403991e+40 1.128191923498566444e+45 2.190000000000000000e+02
7.600000000000000000e+01 1.092896662138709189e+03 7.369052692914569036e+01 5.727863021740526861e-01 6.863820574280853348e-01 0.000000000000000000e+00 2.616346684453436211e+01 5.174811499588565766e+01 8.173942009635506989e-02 8.430446859533521353e-01 1.083846783248681778e+00 0.000000000000000000e+00 1.000000000000000000e+00 3.000000000000000000e+00 3.600000000000000000e+05 3.325003079147074991e-02 1.302381697676472641e+02 1.179850222153247198e+40 4.547997684318735026e+46 2.240000000000000000e+02
7.600000000000000000e+01 1.367713650350137505e+04 6.631888428804474245e+01 -9.611947940845431970e-03 6.871531359615162815e-01 0.000000000000000000e+00 3.253746740923423175e+01 3.704540464196841043e+01 1.358666546999420521e-01 8.790933038491426099e-02 9.462368355727353020e-01 3.100000000000000089e+00 1.000000000000000000e+00 1.000000000000000000e+00 3.600000000000000000e+05 9.503034663443354901e-02 1.273218727931229068e+02 1.030932249404852365e+41 1.862008180064250551e+44 2.280000000000000000e+02
7.600000000000000000e+01 1.438012633076610473e+04 5.006674643024368265e+01 5.873076671465882886e-02 6.710117934835392317e-01 0.000000000000000000e+00 3.149833821031956305e+01 2.104727861446160730e+01 1.328001667986136169e-01 4.667937542736801115e-02 5.914508029771508024e-01 1.974993048888540770e+00 1.000000000000000000e+00 1.000000000000000000e+00 3.700000000000000000e+05 1.325699835477858746e-01 1.051425899236396901e+02 6.772456098055830582e+40 1.452725073756514681e+44 2.130000000000000000e+02
7.600000000000000000e+01 8.657457321051082545e+03 2.078761083376481977e+01 -6.576061382165787617e-02 6.659075576343351788e-01 0.000000000000000000e+00 1.030800005254186402e+01 1.153670682225212651e+01 4.889494448772261498e-02 1.447537730282437152e-01 2.762645387800907404e+00 2.189289738204669877e+00 1.000000000000000000e+00 1.000000000000000000e+00 3.700000000000000000e+05 1.179385583294329104e-01 2.055613535005411165e+02 5.282958803823382041e+41 2.313972754685070063e+43 2.230000000000000000e+02
7.600000000000000000e+01 1.039537534841619708e+04 2.687231061150126976e+01 -3.359973005760486658e-02 6.181799592549863664e-01 0.000000000000000000e+00 1.022233036310292320e+01 1.796732086413994622e+01 1.050669582294157522e-01 1.811034794851185473e-02 3.030200000000000227e+00 1.192409182458698202e+00 1.000000000000000000e+00 1.000000000000000000e+00 3.900000000000000000e+05 1.743359157200147919e-02 1.277243559480631632e+02 1.279476559966740387e+41 8.546983704872489427e+43 2.290000000000000000e+02
7.600000000000000000e+01 9.511044916336017195e+03 2.717518885398742867e+01 -7.712462855534495121e-02 6.721599181792019539e-01 0.000000000000000000e+00 1.252966988186008201e+01 1.593957957548438920e+01 1.150089905370635518e-01 2.134834659966728110e-01 8.564172128087413904e-01 2.745798276090271273e+00 1.000000000000000000e+00 1.000000000000000000e+00 4.300000000000000000e+05 8.639994079137339189e-02 1.216673408565237793e+02 1.040467361885064630e+41 1.077988697457279267e+44 2.250000000000000000e+02
7.600000000000000000e+01 1.111760631142696911e+04 4.368647672636176793e+01 4.732092014608626496e-01 5.469648517872229831e-01 0.000000000000000000e+00 1.186662600899347098e+01 3.384821129293620601e+01 1.036292628976294566e-01 6.681874136539145415e-01 2.498746908687120349e+00 0.000000000000000000e+00 1.000000000000000000e+00 2.000000000000000000e+00 4.300000000000000000e+05 3.772593148207601527e-02 1.063305354548483734e+02 6.278649684395949265e+40 3.522336855234062664e+44 2.360000000000000000e+02
7.600000000000000000e+01 1.226366706098162831e+04 3.781611249209272074e+01 -3.360600661763132185e-02 6.778621872030298201e-01 0.000000000000000000e+00 1.957328539352711516e+01 2.016717764480814168e+01 1.128359521068366123e-01 1.284572115910727896e-01 1.589685506460351005e+00 2.093723509337198863e+00 1.000000000000000000e+00 1.000000000000000000e+00 4.500000000000000000e+05 1.573147130024015559e-17 2.146596709708875039e+01 5.854510788501678532e+38 6.568865401724911913e+44 2.160000000000000000e+02
7.600000000000000000e+01 1.105964838009102778e+03 7.381910073779265247e+01 6.371125834709248092e-01 8.618475274588790480e-01 0.000000000000000000e+00 5.060610931893418751e+01 2.791330229330878865e+01 6.230547466612372798e-01 6.625990851719192332e-01 0.000000000000000000e+00 0.000000000000000000e+00 2.000000000000000000e+00 2.000000000000000000e+00 4.500000000000000000e+05 0.000000000000000000e+00 1.001360873855039983e+02 5.194740762501722048e+39 4.342532926703910315e+46 2.400000000000000000e+02
7.600000000000000000e+01 1.944576347586202610e+04 4.735169309401890558e+01 3.528701078392815771e-01 7.216391179005677836e-01 0.000000000000000000e+00 2.165453143119212598e+01 2.869773756646213059e+01 1.311977207569553217e-01 7.146532435462343846e-01 2.875611427514566554e+00 0.000000000000000000e+00 1.000000000000000000e+00 2.000000000000000000e+00 4.600000000000000000e+05 7.574913763964041813e-02 1.513878102928623548e+02 2.489495232684314898e+41 1.983158583206397470e+43 2.380000000000000000e+02
7.600000000000000000e+01 4.210359051033320611e+03 3.316610127027595922e+01 -2.411720604775461491e-02 6.367307410638891607e-01 0.000000000000000000e+00 2.280152198420263332e+01 1.196282598526421914e+01 1.622588447795421662e-01 3.170686607867267970e-02 1.842337443864761504e+00 1.152962914146701268e+00 1.000000000000000000e+00 1.000000000000000000e+00 4.700000000000000000e+05 1.446516168941084646e-01 3.266801794087706980e+02 9.842363805479830697e+41 1.542009624082284958e+44 2.390000000000000000e+02
7.600000000000000000e+01 7.658767695269718388e+03 3.347640058122338047e+01 3.754113407220880938e-01 7.196589707961478233e-01 0.000000000000000000e+00 1.469017777394387814e+01 2.083547736409117590e+01 6.967636939348638425e-02 6.807075576343351031e-01 2.543939471936569774e+00 0.000000000000000000e+00 1.000000000000000000e+00 2.000000000000000000e+00 4.800000000000000000e+05 2.630997417960080284e-02 1.090959188759462393e+02 5.916548766567961088e+40 3.467931590390404745e+44 2.410000000000000000e+02
7.600000000000000000e+01 1.291762201950979943e+03 3.639328502249966846e+01 4.497174844268230220e-01 6.838325451129090293e-01 0.000000000000000000e+00 1.304951383193145809e+01 2.538138563935083525e+01 1.226244349330435773e-01 6.582558171037411476e-01 1.202840185136615281e+00 0.000000000000000000e+00 1.000000000000000000e+00 2.000000000000000000e+00 4.800000000000000000e+05 5.366895130922961360e-02 1.615049935553418265e+02 4.260979226424284913e+40 1.055982555445330491e+46 2.450000000000000000e+02
7.700000000000000000e+01 2.754188660461443760e+03 2.504641922485433270e+01 -8.956006208609437746e-03 6.809118019165463220e-01 0.000000000000000000e+00 1.479156581102992618e+01 1.157530570514938617e+01 8.725784815350026702e-02 8.809299086405711354e-02 2.068278111468432101e+00 1.189148333928649048e+00 1.000000000000000000e+00 1.000000000000000000e+00 3.000000000000000000e+05 7.668106913218616927e-02 8.550139124070827279e+01 1.374236675104792334e+40 7.552553289850393286e+45 2.040000000000000000e+02
7.700000000000000000e+01 3.700423522993328788e+03 2.662147448422658158e+01 -3.776879815427715281e-02 6.440499012391236455e-01 0.000000000000000000e+00 1.079230892322979152e+01 1.714060715115868305e+01 5.394351201486783515e-02 1.329292593926541532e-01 2.914322487965115727e+00 1.786550463071928219e+00 1.000000000000000000e+00 1.000000000000000000e+00 3.600000000000000000e+05 1.298473242064537014e-01 2.484128139012804297e+02 4.383993269716991669e+41 3.101078987675349350e+44 2.060000000000000000e+02
7.700000000000000000e+01 1.789589932183249766e+04 2.264612534824463808e+01 -3.145343405123925129e-02 6.772109222913992310e-01 0.000000000000000000e+00 1.088593526666690003e+01 1.291057821198008426e+01 4.193925186154791318e-02 1.326032812497299762e-01 1.009153109832317874e+00 2.188577419231914067e+00 1.000000000000000000e+00 1.000000000000000000e+00 4.000000000000000000e+05 1.080936486152428849e-01 1.742533986735186602e+02 4.790189382870309614e+41 4.637919373612765045e+42 2.070000000000000000e+02
7.700000000000000000e+01 2.924590214399523393e+04 2.594145741540311789e+01 -8.464023533071612926e-02 6.378888678670586732e-01 0.000000000000000000e+00 1.119951953315237247e+01 1.598058300870168758e+01 1.798339839357190051e-01 5.653614282408802455e-02 2.338302226464612055e+00 3.086040000000000116e+00 1.000000000000000000e+00 1.000000000000000000e+00 4.500000000000000000e+05 8.625122495316221716e-02 1.218161569973524792e+02 2.044402346591515474e+41 3.731716868585742473e+42 2.120000000000000000e+02
7.700000000000000000e+01 1.161548035833315225e+03 3.682863073392433506e+01 4.447024912395355356e-01 6.830505476961590272e-01 0.000000000000000000e+00 1.378255707828436449e+01 2.512719867988479905e+01 1.991096654105233704e-02 6.909118019165463309e-01 1.781565373338220848e+00 0.000000000000000000e+00 1.000000000000000000e+00 2.000000000000000000e+00 4.500000000000000000e+05 9.825622018911669975e-03 9.641606521070119129e+01 9.748266319927888908e+39 2.096891797166317373e+46 2.130000000000000000e+02
7.700000000000000000e+01 2.160087899472741628e+04 4.318027397790169175e+01 5.541498235746208922e-02 5.719177618842461452e-01 0.000000000000000000e+00 3.310296275207900862e+01 1.183435009907367963e+01 9.326646907137438325e-02 4.728811641651688852e-02 7.119094429443371119e-01 1.294460421423081709e+00 1.000000000000000000e+00 1.000000000000000000e+00 4.700000000000000000e+05 8.234524025394374114e-02 1.815230606475664956e+02 4.731147263882332471e+41 1.209247540895861006e+43 2.100000000000000000e+02
7.700000000000000000e+01 5.549105750667596112e+03 2.425488189216956769e+01 -7.946976220122793644e-02 6.340321929821902680e-01 0.000000000000000000e+00 1.091263105582562076e+01 1.465717863031593815e+01 2.170614182165592487e-01 1.221287197958358106e-02 2.749171364681398000e+00 5.053797077656652093e-01 1.000000000000000000e+00 1.000000000000000000e+00 4.700000000000000000e+05 5.927014276103693274e-02 1.282773494469636546e+02 8.867393839001129058e+40 4.317112982521925320e+44 2.150000000000000000e+02
7.700000000000000000e+01 8.105012794868667697e+03 3.419940565071753014e+01 1.045832972572304648e-02 6.579271464376735823e-01 0.000000000000000000e+00 2.319439180805853695e+01 1.267071047959348107e+01 8.682106388770471916e-02 1.668013729953926605e-01 1.669873763667033995e+00 1.295614960282561290e+00 1.000000000000000000e+00 1.000000000000000000e+00 4.800000000000000000e+05 8.639527988614603693e-02 1.511791578292332190e+02 1.622451112305388262e+41 1.727420999850586425e+44 2.190000000000000000e+02
7.800000000000000000e+01 3.153451156202526363e+03 1.997979515689155861e+01 -2.525003752123521072e-03 6.869667429307512174e-01 0.000000000000000000e+00 1.096727780508584260e+01 1.009698418962158861e+01 8.494463148134774599e-02 7.508651581045873435e-02 2.309025156575467808e+00 7.123897060172752482e-01 1.000000000000000000e+00 1.000000000000000000e+00 2.000000000000000000e+05 6.283028869848457376e-02 5.310106014605699443e+01 4.387454309480655894e+39 6.222937594860407396e+45 2.030000000000000000e+02
7.800000000000000000e+01 1.299157622808547785e+03 5.227315382403075716e+01 5.533364535477920676e-02 6.009545665324724784e-01 0.000000000000000000e+00 1.749525393512332272e+01 3.728745891475359997e+01 1.301548444516565928e-01 1.235364879124143112e-01 2.169859651089490971e+00 3.573842228010429278e-01 1.000000000000000000e+00 1.000000000000000000e+00 2.100000000000000000e+05 4.548379855836691410e-02 1.382543400528377617e+02 1.658144591839794659e+40 3.935030249060795148e+46 2.040000000000000000e+02
7.800000000000000000e+01 4.925182178071776434e+03 2.472805897105205375e+01 1.149684949663900418e-02 6.728807562132665954e-01 0.000000000000000000e+00 1.041573253811189659e+01 1.556005207935154644e+01 3.174629438526963693e-02 1.106987265078788057e-01 4.085885990963115666e-01 1.573584202226842033e+00 1.000000000000000000e+00 1.000000000000000000e+00 2.600000000000000000e+05 1.106982963191007613e-01 1.837460353049489470e+02 2.357618079231982525e+41 2.346639636047276215e+44 2.060000000000000000e+02
7.800000000000000000e+01 1.122389546984913750e+03 6.202020354326969453e+01 5.121731792989120402e-01 5.130852690422524898e-01 0.000000000000000000e+00 5.233330252980529451e+01 1.182094536696812526e+01 6.073545665324724396e-01 9.333531346978510279e-02 0.000000000000000000e+00 2.341091056911111523e-01 2.000000000000000000e+00 1.000000000000000000e+00 2.700000000000000000e+05 4.081251105654118416e-03 9.636050749425179163e+01 5.797073170626686670e+39 9.494984958861554727e+46 2.070000000000000000e+02
7.800000000000000000e+01 1.160588064578369267e+04 2.154253977458525426e+01 -2.922969279254163805e-02 6.781977383051713826e-01 0.000000000000000000e+00 1.196658915074036322e+01 1.072534951143163262e+01 7.918802490972499941e-02 2.803686015529346237e-02 2.654293099565189440e+00 9.536105804196043367e-01 1.000000000000000000e+00 1.000000000000000000e+00 3.200000000000000000e+05 2.324174495113130387e-02 5.403305029714513807e+01 1.132098263529059273e+40 1.442766925576287997e+44 2.080000000000000000e+02
7.800000000000000000e+01 3.197129190801777440e+03 3.341742940537795192e+01 4.866795653944476774e-01 6.239655600154733195e-01 0.000000000000000000e+00 1.033266240220466337e+01 2.476790321200270739e+01 2.597754790172373401e-02 6.880807562132664756e-01 1.419670862550560519e+00 0.000000000000000000e+00 1.000000000000000000e+00 2.000000000000000000e+00 3.400000000000000000e+05 3.435749221274791293e-02 9.915738789820809984e+01 2.051078069732474175e+40 7.723588684776937603e+45 2.140000000000000000e+02
7.800000000000000000e+01 6.997870556424760480e+02 4.730246691441706730e+01 1.929883255964861405e-02 5.644596266392275519e-01 0.000000000000000000e+00 3.836026558724799429e+01 1.066787935326878412e+01 6.908043032703388431e-02 1.222549695386170449e-01 1.704460785532688094e+00 8.640810467437308462e-02 1.000000000000000000e+00 1.000000000000000000e+00 3.500000000000000000e+05 6.846424659023109260e-02 1.952836075249617238e+02 8.239209598963007939e+40 2.692951792902101179e+45 2.170000000000000000e+02
7.800000000000000000e+01 1.276787786215224696e+04 2.800598727995361870e+01 7.601587408941964941e-02 7.064995042682011839e-01 0.000000000000000000e+00 1.416248659591117587e+01 1.537552223019918962e+01 4.747178810261859505e-02 1.314926539368324876e-01 6.263485834455703172e-01 5.713419807739227307e-01 1.000000000000000000e+00 1.000000000000000000e+00 3.600000000000000000e+05 1.313847531713207839e-01 7.924980910062913608e+01 3.411633366653848424e+40 9.938190702042824448e+43 2.120000000000000000e+02
7.800000000000000000e+01 1.018799424262563480e+04 3.402467030123196423e+01 -5.793174779848848585e-03 6.818607673047474282e-01 0.000000000000000000e+00 1.685637140075390761e+01 1.895631791939274535e+01 2.918387302057979388e-02 6.578787451840638345e-02 2.247444665776913375e+00 1.490063828172745852e+00 1.000000000000000000e+00 1.000000000000000000e+00 3.600000000000000000e+05 6.557359693004413681e-02 4.146710337264946844e+01 3.915994002975675936e+39 6.735755228312956454e+44 2.160000000000000000e+02
7.800000000000000000e+01 2.268297748033515381e+04 5.315956343476337764e+01 -2.546525312331925084e-03 6.151560909346394102e-01 0.000000000000000000e+00 3.679098110290466650e+01 1.879174494707746490e+01 9.115961494752393424e-02 1.319163609499138246e-01 1.237508394787652843e+00 2.094065393450120549e+00 1.000000000000000000e+00 1.000000000000000000e+00 3.700000000000000000e+05 6.945274314270835636e-02 1.484796986523377598e+02 2.459669363631956368e+41 2.272145136868348987e+43 2.130000000000000000e+02
7.800000000000000000e+01 1.108491548843575220e+04 2.211717164400779367e+01 1.259896901589804136e-02 6.671459314897328907e-01 0.000000000000000000e+00 1.299187195064936517e+01 1.018345913412435522e+01 1.613922258376400964e-01 1.249520141403066970e-01 7.303790405877428338e-01 3.079060000000000130e+00 1.000000000000000000e+00 1.000000000000000000e+00 3.800000000000000000e+05 1.076731524551759606e-01 1.477645459163949511e+02 2.229097698560410943e+41 2.902740698268933942e+43 2.180000000000000000e+02
7.800000000000000000e+01 1.395161823970854493e+04 2.694102148116141038e+01 -2.076628167212037773e-02 6.749508879060330813e-01 0.000000000000000000e+00 1.300195826415789035e+01 1.535702010747987600e+01 1.428416689039640197e-01 6.047864076644800246e-02 1.964158029383833437e+00 1.438022972431452606e+00 1.000000000000000000e+00 1.000000000000000000e+00 4.000000000000000000e+05 6.458530557061710475e-02 7.408420970878484013e+01 2.984223647591650921e+40 8.608083240140191382e+43 2.190000000000000000e+02
7.800000000000000000e+01 1.136291911831955758e+03 5.019945483110400630e+01 6.565852554249758111e-01 8.742993173064539381e-01 0.000000000000000000e+00 2.006729791600321988e+01 3.345588155494237981e+01 7.059667429307512343e-01 6.269655600154733222e-01 0.000000000000000000e+00 0.000000000000000000e+00 2.000000000000000000e+00 3.000000000000000000e+00 4.000000000000000000e+05 0.000000000000000000e+00 9.361835702015065408e+01 6.736186448841962789e+39 2.304925731475239735e+46 2.210000000000000000e+02
7.800000000000000000e+01 1.317245479652011454e+04 2.269684824632449605e+01 -2.722049982544959279e-02 6.600965356950111440e-01 0.000000000000000000e+00 1.362099233180099489e+01 1.018183713943220603e+01 1.234599148974354910e-01 8.465745638716005994e-02 1.463429123581465374e+00 2.860471696776398343e+00 1.000000000000000000e+00 1.000000000000000000e+00 4.400000000000000000e+05 1.230908519930057482e-01 2.081217767172153970e+02 6.834131799437684090e+41 7.705815852659204619e+42 2.220000000000000000e+02
7.800000000000000000e+01 1.258280759315681053e+03 2.067081906586607332e+01 3.385334118502642681e-02 6.941864006676458088e-01 0.000000000000000000e+00 1.048440698815240424e+01 1.129695289545886006e+01 1.931924173576444678e-02 8.753528255914247436e-02 1.650149412544307470e+00 7.045566335438395722e-01 1.000000000000000000e+00 1.000000000000000000e+00 4.400000000000000000e+05 5.669626049909297361e-02 6.902786668910196965e+01 5.393154879281363762e+39 1.174116247120895982e+46 2.260000000000000000e+02
7.800000000000000000e+01 1.790450999538763426e+04 3.333500171881954799e+01 -5.120032018883319269e-02 6.705648449547942924e-01 0.000000000000000000e+00 1.793528196579301692e+01 1.710262489765089811e+01 7.608121649589608126e-02 1.621709226081310407e-01 1.998339394505085131e+00 2.029530640565174071e+00 1.000000000000000000e+00 1.000000000000000000e+00 4.500000000000000000e+05 1.881003470420112288e-17 1.423134129660357416e+02 2.256516422448994790e+41 1.694910015012556294e+43 2.200000000000000000e+02
7.800000000000000000e+01 9.038921952209657320e+03 4.319652999255557546e+01 4.980348444551506160e-01 4.618980422082079595e-01 0.000000000000000000e+00 3.410301710721375912e+01 1.042618695458384082e+01 7.068607673047472284e-01 1.861677314818399875e-01 0.000000000000000000e+00 3.030200000000000227e+00 2.000000000000000000e+00 1.000000000000000000e+00 4.700000000000000000e+05 1.266650241631733786e-01 9.925153073770381695e+01 4.452374831891277330e+40 1.034407928449033434e+45 2.240000000000000000e+02
7.800000000000000000e+01 5.363609568519720597e+03 2.797571103047597063e+01 -6.171797847972569639e-02 6.374437337158151973e-01 0.000000000000000000e+00 1.854344641473445421e+01 1.077428909775444588e+01 9.141251229237493114e-02 4.993279376895017052e-02 2.751478800322748164e+00 2.036714602918953343e+00 1.000000000000000000e+00 1.000000000000000000e+00 4.700000000000000000e+05 3.476360404130882792e-02 1.497840717240645176e+02 1.282072256562123582e+41 4.351490895407713405e+44 2.280000000000000000e+02
7.800000000000000000e+01 1.040621125781993396e+04 3.099758133760968803e+01 4.973186952519825788e-01 6.862856084107157306e-01 0.000000000000000000e+00 1.051158403249826812e+01 2.216809968358372984e+01 1.091471765473695787e-01 6.819459314897328150e-01 1.479705761700804145e-01 0.000000000000000000e+00 1.000000000000000000e+00 2.000000000000000000e+00 4.900000000000000000e+05 6.890387472578567846e-03 9.506357025140005135e+01 4.975524177163700535e+40 1.719559752838818699e+44 2.320000000000000000e+02
7.900000000000000000e+01 2.096863869244252419e+04 3.631591318221182974e+01 -2.222458446698644466e-02 6.753014831005824670e-01 0.000000000000000000e+00 2.131101875211399488e+01 1.690502088701117245e+01 5.875617568645507410e-02 9.921651135116296705e-03 2.400407818193910359e+00 1.111606625391358349e+00 1.000000000000000000e+00 1.000000000000000000e+00 3.600000000000000000e+05 3.966996069799902380e-02 8.933298180774075092e+01 5.919789607460998515e+40 3.341366253984950105e+43 2.050000000000000000e+02
7.900000000000000000e+01 1.305632031795952935e+04 4.212548289409723878e+01 3.736441156736056840e-02 6.991120798706258466e-01 0.000000000000000000e+00 2.041483378076625499e+01 2.403792641497438254e+01 2.232748393358781891e-01 4.945806728867590055e-03 1.223386995682432588e+00 4.090174853625280216e-01 1.000000000000000000e+00 1.000000000000000000e+00 3.900000000000000000e+05 1.741894181992135193e-01 3.158439358987519654e+02 1.855372607679558815e+42 7.615704565718120912e+42 2.060000000000000000e+02
7.900000000000000000e+01 1.906916878358555186e+04 2.068902717359308596e+01 1.920246654180322171e-02 6.926945498062803130e-01 0.000000000000000000e+00 1.139815546152819259e+01 1.042695027175141043e+01 1.219220317497630435e-01 5.771189932654102045e-02 1.670150067406849237e+00 3.883931308443996921e-01 1.000000000000000000e+00 1.000000000000000000e+00 4.100000000000000000e+05 1.213207702964999302e-01 1.979762048018587564e+02 7.526645376121878069e+41 2.189593305003158911e+42 2.070000000000000000e+02
7.900000000000000000e+01 2.751746766939618828e+04 3.546349691093227818e+01 -1.988421254314952091e-01 6.206045753162667822e-01 0.000000000000000000e+00 1.710496544651973139e+01 1.999330910785733906e+01 2.573068152953112975e-01 1.816470748215866238e-01 2.590335686941642290e+00 3.093020000000000103e+00 1.000000000000000000e+00 1.000000000000000000e+00 4.400000000000000000e+05 1.127609325894627507e-01 6.181095418703034738e+01 2.306633351949188481e+40 2.969362384130997897e+43 2.130000000000000000e+02
7.900000000000000000e+01 2.070132203905545794e+03 2.842538628462634875e+01 2.252066446665999810e-02 6.763630945910361625e-01 0.000000000000000000e+00 1.649302014094662994e+01 1.330416052483555411e+01 2.033334614513522265e-01 1.176859412329081395e-01 9.420293251743292462e-01 2.551979015544049822e+00 1.000000000000000000e+00 1.000000000000000000e+00 4.800000000000000000e+05 1.644466096661338639e-01 2.492124636064620518e+02 2.034973731575371315e+41 1.816517997279872271e+45 2.140000000000000000e+02
8.000000000000000000e+01 4.272572747503843857e+03 2.261567196081225717e+01 -3.637295343241882251e-02 6.699814547988030000e-01 0.000000000000000000e+00 1.076022401641296611e+01 1.302128840748504857e+01 4.323255683240705138e-02 1.282496389324223329e-01 3.086040000000000116e+00 1.812998933367551357e+00 1.000000000000000000e+00 1.000000000000000000e+00 3.000000000000000000e+05 1.145883781652650146e-01 2.613087110866005673e+02 6.341001134982616162e+41 1.166655521394950341e+44 2.040000000000000000e+02
8.000000000000000000e+01 3.481450339391194120e+03 2.355152154627147354e+01 1.187558680142874849e-02 6.761273229473212520e-01 0.000000000000000000e+00 1.429302581566069108e+01 1.046801407787443594e+01 1.967143467198199935e-02 2.205125369048158146e-02 1.950987451206003254e-01 1.491775364974736728e+00 1.000000000000000000e+00 1.000000000000000000e+00 3.500000000000000000e+05 1.542571106081585923e-02 8.200623503023967942e+01 1.604625687752173992e+40 3.601054554460730224e+45 2.060000000000000000e+02
8.000000000000000000e+01 4.509817565613042461e+03 4.100985368835711853e+01 -6.690489693578896557e-02 5.875523256132152428e-01 0.000000000000000000e+00 3.040370052150553803e+01 1.237784351679716366e+01 9.758592322945941477e-02 1.178922151936342283e-02 2.938779822212405524e+00 1.265461351076826224e+00 1.000000000000000000e+00 1.000000000000000000e+00 3.500000000000000000e+05 1.965627417888907158e-02 1.915703113993261013e+02 1.855931517807372917e+41 9.883445102395340157e+44 2.070000000000000000e+02
8.000000000000000000e+01 2.404364459965850619e+04 3.209472660149738488e+01 -1.399262202262928009e-02 6.663844675877692580e-01 0.000000000000000000e+00 1.975188561904084494e+01 1.396988255547605817e+01 2.065374726103375025e-02 9.303006340417767361e-02 2.110158982141451922e+00 1.774049744475619361e+00 1.000000000000000000e+00 1.000000000000000000e+00 3.800000000000000000e+05 6.136126471292050605e-02 9.587142307305089162e+01 8.280499876219718756e+40 1.555193008500179407e+43 2.080000000000000000e+02
8.000000000000000000e+01 3.855346132232193213e+03 4.966116781057559137e+01 5.156371465460310999e-01 6.180437925831084867e-01 0.000000000000000000e+00 4.104760011444400902e+01 1.047477809916274616e+01 5.943523256132151600e-01 2.585044593165037319e-01 0.000000000000000000e+00 6.411004535900944878e-01 2.000000000000000000e+00 1.000000000000000000e+00 4.000000000000000000e+05 3.328705917657916180e-02 1.125995275799076154e+02 2.755392722002342542e+40 7.606794502392748965e+45 2.100000000000000000e+02
8.000000000000000000e+01 2.354330293442396214e+04 5.287569218847433916e+01 -4.231519989972891416e-02 6.225925664410790761e-01 0.000000000000000000e+00 3.563713804479216662e+01 1.967847532784894327e+01 1.067751555441690259e-01 7.105327143294640213e-02 1.863037448554518472e+00 2.668160555481796870e+00 1.000000000000000000e+00 1.000000000000000000e+00 4.200000000000000000e+05 9.493587341845709238e-02 2.248788165113266757e+02 8.751810091668455805e+41 6.672924551905994183e+42 2.090000000000000000e+02
8.000000000000000000e+01 1.339652638307997677e+03 2.145570775526492113e+01 -2.935215394378945519e-02 6.702561824210688801e-01 0.000000000000000000e+00 1.026091117283036525e+01 1.230872828918788819e+01 5.969971270327006918e-02 2.037091643313083608e-02 2.988320000000000309e+00 1.800437317009964122e+00 1.000000000000000000e+00 1.000000000000000000e+00 4.200000000000000000e+05 1.983614276947340965e-02 4.386640538682650714e+01 1.328977207470068913e+39 2.296507034801072356e+46 2.130000000000000000e+02
8.000000000000000000e+01 1.346581334995181805e+03 3.115978068826876779e+01 4.413566068177374180e-01 6.054620039741481774e-01 0.000000000000000000e+00 1.013019795443992876e+01 2.267296205227978234e+01 9.936777167350339945e-02 6.823814547988029666e-01 2.981340000000000323e+00 0.000000000000000000e+00 1.000000000000000000e+00 2.000000000000000000e+00 4.200000000000000000e+05 6.350491927183279581e-03 9.828007803443188095e+01 1.086214708835658862e+40 2.703763554884415948e+46 2.140000000000000000e+02
8.000000000000000000e+01 5.955752818232259415e+03 2.501877133283027632e+01 -4.674826002829340042e-03 6.738872999849635503e-01 0.000000000000000000e+00 1.502762203317986156e+01 1.127548633221394248e+01 2.077249998453084556e-02 2.419845976893981315e-02 1.725072717280890622e+00 1.849235716114347117e+00 1.000000000000000000e+00 1.000000000000000000e+00 4.300000000000000000e+05 2.052578464921509666e-02 7.895378755403804405e+01 2.145615083446352680e+40 8.678777420659896289e+44 2.180000000000000000e+02
8.000000000000000000e+01 4.850653478296630965e+03 2.918563096047954630e+01 -1.065936314716251290e-02 6.682368463396622937e-01 0.000000000000000000e+00 1.768249471195802158e+01 1.298445804827841421e+01 2.053171114858043031e-02 4.257029484851728579e-02 1.452947641936822354e+00 2.303136116814811452e+00 1.000000000000000000e+00 1.000000000000000000e+00 4.400000000000000000e+05 2.053064050497487025e-02 8.042440154442979861e+01 1.790635254193939145e+40 2.158469325640705059e+45 2.110000000000000000e+02
8.000000000000000000e+01 4.692383945988160121e+03 2.571067915593692632e+01 -3.431765466440617196e-02 6.446160861842358258e-01 0.000000000000000000e+00 1.099616453180412989e+01 1.604413387500809662e+01 1.108687650502183236e-01 3.140786915775659743e-02 2.943830891871709987e+00 1.011409665342094311e+00 1.000000000000000000e+00 1.000000000000000000e+00 4.400000000000000000e+05 2.680290561571689253e-02 8.656701472472272485e+01 2.324949361672937107e+40 1.748830949868689100e+45 2.120000000000000000e+02
8.000000000000000000e+01 1.193509332413803349e+04 2.436624060630346378e+01 -1.325412171997178701e-01 6.423739782140843735e-01 0.000000000000000000e+00 1.094764476906783557e+01 1.458384509858297839e+01 8.735008530808793803e-02 1.813383290979992957e-01 2.463187698630584510e+00 3.079060000000000130e+00 1.000000000000000000e+00 1.000000000000000000e+00 4.500000000000000000e+05 3.950819146411814475e-02 1.060327495886175910e+02 8.289023086328402527e+40 6.457126708623279513e+43 2.160000000000000000e+02
8.000000000000000000e+01 1.223946178632761257e+04 4.506810284734311978e+01 -1.508254055224459433e-01 4.980334179047995469e-01 0.000000000000000000e+00 1.132694846227883367e+01 3.536441274832330350e+01 1.235378659244185801e-01 1.862092588372121493e-01 2.408881692041669353e+00 2.717586023499361847e+00 1.000000000000000000e+00 1.000000000000000000e+00 4.500000000000000000e+05 7.660939022453804037e-02 2.103747192164785247e+02 5.111612401131699928e+41 6.463802478594400342e+43 2.190000000000000000e+02
8.000000000000000000e+01 9.997773302103265451e+03 3.260704305300191663e+01 -4.422890754996740975e-02 6.569706469384786196e-01 0.000000000000000000e+00 1.959366002107712035e+01 1.461336903907887930e+01 1.459454742025151630e-01 1.161030831267271662e-01 1.706427729491859280e+00 2.296711447201396084e+00 1.000000000000000000e+00 1.000000000000000000e+00 4.600000000000000000e+05 1.392230869674599136e-01 1.427455609172449442e+02 1.606809922454665904e+41 9.644205767986960320e+43 2.170000000000000000e+02
8.000000000000000000e+01 1.210004552874753927e+03 6.916933673645316105e+01 6.447527352222950370e-01 8.657439688913041165e-01 0.000000000000000000e+00 2.360575238738839943e+01 4.971831100459663588e+01 6.875273229473212178e-01 6.244437925831084479e-01 0.000000000000000000e+00 0.000000000000000000e+00 2.000000000000000000e+00 3.000000000000000000e+00 4.600000000000000000e+05 0.000000000000000000e+00 1.144079587900950941e+02 6.752463417866123603e+39 4.025494274231390695e+46 2.220000000000000000e+02
8.000000000000000000e+01 1.195297283451954172e+03 4.929712604861490632e+01 6.380995421003626822e-01 8.675469984943138257e-01 0.000000000000000000e+00 2.147545608924047045e+01 3.118846087736604034e+01 6.776561824210688423e-01 6.108620039741481378e-01 0.000000000000000000e+00 0.000000000000000000e+00 2.000000000000000000e+00 3.000000000000000000e+00 4.700000000000000000e+05 0.000000000000000000e+00 7.458000646478464546e+01 3.257267578337687011e+39 3.380368045623120790e+46 2.230000000000000000e+02
8.000000000000000000e+01 1.052394418784224217e+04 2.531279538578010957e+01 -9.739788279936180404e-02 6.643017493105404236e-01 0.000000000000000000e+00 1.584826029636580991e+01 1.078415549043210930e+01 2.011697411630526400e-01 1.853794731867748069e-01 3.051140000000000185e+00 1.275806661753372095e+00 1.000000000000000000e+00 1.000000000000000000e+00 4.800000000000000000e+05 1.143113926984925949e-01 2.795473563218923232e+02 1.385167017459868937e+42 8.224478371618001715e+42 2.210000000000000000e+02
8.000000000000000000e+01 7.825069708386787170e+03 3.129536722687105765e+01 3.621742221135632045e-02 6.585436819499784766e-01 0.000000000000000000e+00 1.093437570653186341e+01 2.182104844642589825e+01 1.039452762817541787e-01 1.641591662547034203e-01 3.707457132284597834e-01 1.535345619898825342e+00 1.000000000000000000e+00 1.000000000000000000e+00 4.900000000000000000e+05 1.640560233263805567e-01 3.481099263696539197e+02 2.012514634601289363e+42 1.665042074611924671e+43 2.250000000000000000e+02
8.100000000000000000e+01 1.439780642661190541e+03 2.352971088259687704e+01 -1.124230134167891609e-01 6.587266220572558506e-01 0.000000000000000000e+00 1.123455893509664882e+01 1.343637661016712492e+01 3.878732874883185355e-02 2.257160530712738478e-01 1.032808572389418034e+00 2.987492992659053659e+00 1.000000000000000000e+00 1.000000000000000000e+00 3.500000000000000000e+05 3.464526791592194288e-02 1.020129953051256422e+02 1.514314729779547403e+40 1.394584404273108683e+46 2.050000000000000000e+02
8.100000000000000000e+01 3.905175525628912965e+03 2.834565357349790915e+01 -3.051996899408047567e-02 6.558802125989642295e-01 0.000000000000000000e+00 1.857994501078443861e+01 1.116361958322351100e+01 5.601308040177523095e-02 1.857269945020398050e-01 2.822849622266266234e+00 1.531948486297106227e+00 1.000000000000000000e+00 1.000000000000000000e+00 3.600000000000000000e+05 1.038377666286892931e-01 2.062896469896626002e+02 2.541431621657925681e+41 4.792724495035900919e+44 2.080000000000000000e+02
8.100000000000000000e+01 1.489431909906123656e+04 4.967345294184316629e+01 2.727864735995446169e-02 6.142742148191667750e-01 0.000000000000000000e+00 3.608557382687434512e+01 1.583344985455823029e+01 7.542933026734691127e-02 2.587716085682156483e-02 1.176983287749568508e+00 4.333586497269411031e-01 1.000000000000000000e+00 1.000000000000000000e+00 3.700000000000000000e+05 6.965541615691180077e-02 1.725468930329463149e+02 3.070717364945334859e+41 4.826029941194628210e+43 2.060000000000000000e+02
8.100000000000000000e+01 9.726064290339416402e+03 3.160732390687623550e+01 -1.029605441932519294e-01 6.032586060267680628e-01 0.000000000000000000e+00 2.189819295837749280e+01 1.113213975315352933e+01 1.404833839795662231e-01 1.056486661597525467e-01 2.616432501818750200e+00 2.250275137962086891e+00 1.000000000000000000e+00 1.000000000000000000e+00 3.700000000000000000e+05 1.285107759022253125e-02 1.715985219597390028e+02 2.778296884892374017e+41 7.384197126573184239e+43 2.070000000000000000e+02
8.100000000000000000e+01 4.910430976962449677e+03 3.162928327645966675e+01 -5.682645198573998274e-02 6.501688802884160179e-01 0.000000000000000000e+00 1.955848251399923043e+01 1.363232137557156598e+01 5.139449540306788994e-02 7.105397217365981566e-02 3.086040000000000116e+00 2.716612623107274249e+00 1.000000000000000000e+00 1.000000000000000000e+00 3.900000000000000000e+05 1.940346386558654615e-02 1.015548052136377493e+02 3.486418172813332651e+40 1.672141074640460326e+45 2.090000000000000000e+02
8.100000000000000000e+01 1.085371210890011207e+04 2.603967085453040298e+01 -6.999371978474257239e-02 6.568844960251417620e-01 0.000000000000000000e+00 1.080306518639763880e+01 1.648778341235400191e+01 5.038131278972150101e-02 1.566364714244296019e-01 1.251499930396525961e+00 2.507811562040588971e+00 1.000000000000000000e+00 1.000000000000000000e+00 4.100000000000000000e+05 3.873802406650728170e-02 1.503240643168165889e+02 2.170420365753117859e+41 4.239530860572374177e+43 2.100000000000000000e+02
8.100000000000000000e+01 7.165853146754001500e+03 3.415408157905209663e+01 -1.196494715037203782e-02 6.010099584046723065e-01 0.000000000000000000e+00 1.067792320313704479e+01 2.496487667654355391e+01 1.052215802262100597e-02 9.042836562905659514e-02 1.018992372276902980e+00 1.787485315417446818e+00 1.000000000000000000e+00 1.000000000000000000e+00 4.100000000000000000e+05 8.831366750775485053e-02 2.314507339256380476e+02 5.335175787621111191e+41 9.803283053025361091e+43 2.120000000000000000e+02
8.100000000000000000e+01 6.213458247623725583e+03 2.332676992132614657e+01 -2.733031300149091347e-02 6.700765398262298334e-01 0.000000000000000000e+00 1.064826750744050798e+01 1.386866678979148659e+01 7.799943485620042249e-02 1.339552954145236952e-01 1.884465016068531451e+00 1.795411679276771588e+00 1.000000000000000000e+00 1.000000000000000000e+00 4.100000000000000000e+05 1.305903186035702324e-01 1.733852125053114719e+02 2.419770622366912293e+41 1.218490440493386564e+44 2.130000000000000000e+02
8.100000000000000000e+01 9.252935340235819240e+03 4.243696593239155845e+01 4.157035105809187003e-01 5.987313704773417067e-01 0.000000000000000000e+00 1.292776797879486850e+01 3.163641602519301088e+01 1.333915015536590865e-01 6.086586060267680232e-01 2.008090683385272524e+00 0.000000000000000000e+00 1.000000000000000000e+00 2.000000000000000000e+00 4.200000000000000000e+05 4.379154614174038396e-02 1.406524251323088777e+02 1.298770834892933812e+41 2.571024422249676973e+44 2.140000000000000000e+02
8.100000000000000000e+01 1.546531447254690647e+03 2.284786169802953637e+01 -1.419693295748922224e-01 6.325645344622252697e-01 0.000000000000000000e+00 1.298387263057747809e+01 1.096309028855547751e+01 7.818732508518161373e-02 2.290271446682066447e-01 3.044160000000000199e+00 2.829267456775243161e+00 1.000000000000000000e+00 1.000000000000000000e+00 4.200000000000000000e+05 5.800527559578487480e-02 8.047506177316920173e+01 7.406491513333396672e+39 2.355927921143238448e+46 2.170000000000000000e+02
8.100000000000000000e+01 1.390165304609485611e+04 2.590866537764984301e+01 -2.152166947372232200e-02 6.804860160611505560e-01 0.000000000000000000e+00 1.382231261651850218e+01 1.348421051842970364e+01 1.490027951723461586e-01 9.891831347364765659e-03 1.899637849036620141e+00 9.512849486935808230e-01 1.000000000000000000e+00 1.000000000000000000e+00 4.300000000000000000e+05 1.410187940823248443e-01 2.167690406521063835e+02 7.573758494319440686e+41 7.201394685664888482e+42 2.150000000000000000e+02
8.100000000000000000e+01 1.891130862441888894e+04 2.882353316502955209e+01 -1.021521480967208934e-01 6.526050326824258674e-01 0.000000000000000000e+00 1.379891876317902089e+01 1.644233303288008941e+01 9.673793325230456430e-02 1.232466169676669637e-01 2.565319085930360288e+00 2.904799901502215675e+00 1.000000000000000000e+00 1.000000000000000000e+00 4.300000000000000000e+05 4.314702416767116078e-02 6.218971456443163248e+01 2.053541611072748714e+40 5.430490817237389051e+43 2.190000000000000000e+02
8.100000000000000000e+01 1.412535629623965860e+03 4.516648289238384706e+01 4.025579367377193907e-01 7.311425469117130982e-01 0.000000000000000000e+00 2.838479757858067742e+01 1.945611356086282484e+01 6.598802125989642331e-01 2.965496345309671586e-02 0.000000000000000000e+00 4.142374055250716003e-01 2.000000000000000000e+00 1.000000000000000000e+00 4.300000000000000000e+05 7.756418287158147254e-03 9.302410585140789578e+01 5.433480564258018873e+39 4.682382268865873434e+46 2.200000000000000000e+02
8.100000000000000000e+01 1.806961838211822760e+04 2.748041541071089355e+01 1.832920315131571914e-02 6.905266716197044907e-01 0.000000000000000000e+00 1.357866247229991963e+01 1.534635136005621447e+01 4.166450105547976623e-02 6.690717932482445618e-02 6.932133187021767284e-01 1.478140831409073819e+00 1.000000000000000000e+00 1.000000000000000000e+00 4.400000000000000000e+05 6.662018430198730912e-02 4.930884812578377563e+01 1.015297651741534895e+40 6.580523896135497030e+43 2.180000000000000000e+02
8.100000000000000000e+01 9.972745846446792712e+03 2.471417298876978563e+01 6.473441033324903171e-02 6.981637151619589643e-01 0.000000000000000000e+00 1.424959951119897994e+01 1.179504294645471774e+01 1.089675704460049827e-01 3.891777961375859907e-02 5.612892365602674127e-01 6.279111313600845845e-01 1.000000000000000000e+00 1.000000000000000000e+00 4.500000000000000000e+05 5.800104791881931232e-02 8.979123656163271505e+01 4.482403347495263222e+40 1.336779436054851213e+44 2.220000000000000000e+02
8.100000000000000000e+01 1.168226247803190972e+03 3.360584105781145325e+01 4.394256124110075823e-01 6.591670382102587933e-01 0.000000000000000000e+00 1.185663814346872691e+01 2.357846783015466485e+01 1.893343102334353947e-02 6.691266220572558154e-01 2.731657848131477273e+00 0.000000000000000000e+00 1.000000000000000000e+00 2.000000000000000000e+00 4.500000000000000000e+05 3.452075995100362116e-03 9.369328278967039125e+01 9.634307980761347993e+39 1.976242212392843502e+46 2.240000000000000000e+02
8.100000000000000000e+01 5.061894117876690871e+03 3.193107841047963902e+01 -1.073758724133485817e-02 6.363339030846371092e-01 0.000000000000000000e+00 1.232517380370797078e+01 2.119613780225061817e+01 7.629733089909038202e-02 1.582397247331480961e-02 2.355827631080586571e+00 4.307717443064730811e-01 1.000000000000000000e+00 1.000000000000000000e+00 4.600000000000000000e+05 2.909625386182808360e-02 1.322451433504528495e+02 7.856829034014715165e+40 9.121899746086909920e+44 2.230000000000000000e+02
8.100000000000000000e+01 1.148290349382653949e+04 2.366828280426302555e+01 3.645882753267071924e-02 6.972322024309600685e-01 0.000000000000000000e+00 1.255888340210720777e+01 1.237977580597371130e+01 9.315559144341581388e-03 8.900460739410999411e-02 6.001403875903368323e-01 7.413473411974804694e-01 1.000000000000000000e+00 1.000000000000000000e+00 4.600000000000000000e+05 7.108223342750155660e-02 1.031730998318963231e+02 7.546359721000669476e+40 6.143264088076544987e+43 2.260000000000000000e+02
8.100000000000000000e+01 1.024883961681937762e+04 2.625081933208740637e+01 5.777963630765402259e-02 7.012888540236452695e-01 0.000000000000000000e+00 1.427940555476330253e+01 1.336386319590723026e+01 1.289517190244390266e-01 4.265116661291901839e-02 6.299736305070513520e-01 1.377797218479323682e+00 1.000000000000000000e+00 1.000000000000000000e+00 4.700000000000000000e+05 1.286385429507616862e-01 6.071904034807661787e+01 1.375580455955172386e+40 2.535821346060506679e+44 2.110000000000000000e+02
8.100000000000000000e+01 8.645375413072057199e+03 5.284538579160049210e+01 4.592646213714529080e-01 5.182920759607700933e-01 0.000000000000000000e+00 4.247602590588211768e+01 1.218866263971365704e+01 6.007313704773417085e-01 1.091279132658749679e-01 0.000000000000000000e+00 1.885029154802114526e+00 3.000000000000000000e+00 1.000000000000000000e+00 4.700000000000000000e+05 2.541266168811228895e-02 1.091240467145029243e+02 5.200932827236371700e+40 1.157183021163124146e+45 2.270000000000000000e+02
8.100000000000000000e+01 1.997452836161407322e+04 2.905268126311128896e+01 7.085740239602385249e-02 6.362867191880727802e-01 0.000000000000000000e+00 1.077653955042196010e+01 1.974668726596008739e+01 9.704140079967618626e-02 1.438410712861715457e-01 2.124187470489490082e+00 3.013023064133639739e-01 1.000000000000000000e+00 1.000000000000000000e+00 4.900000000000000000e+05 4.268686556630225254e-02 1.155313918395211630e+02 1.354249222690749214e+41 1.660930945352894683e+43 2.250000000000000000e+02
8.200000000000000000e+01 1.700361585813398415e+04 3.915920813554663482e+01 -1.500114927610617793e-02 5.231409288779691469e-01 0.000000000000000000e+00 3.005703315045478874e+01 1.063812299900425451e+01 1.637873615467655766e-02 1.197408248585318663e-01 4.551403643261260346e-01 2.543440393576725356e+00 1.000000000000000000e+00 1.000000000000000000e+00 3.700000000000000000e+05 2.081886127508781811e-02 1.678362575231561493e+02 3.373234351121770695e+41 2.982477480768749742e+43 2.050000000000000000e+02
8.200000000000000000e+01 1.029029540963586987e+04 4.244601108447248095e+01 7.049948940099366301e-04 5.865168115782380953e-01 0.000000000000000000e+00 3.163916962377729902e+01 1.261094975250509087e+01 8.237536603261856431e-04 1.545398602038827339e-03 9.279110537561020555e-01 6.452038030486538789e-01 1.000000000000000000e+00 1.000000000000000000e+00 4.000000000000000000e+05 6.593071814512238733e-04 1.736605902350299573e+02 2.629887422590969279e+41 1.153497143819812269e+44 2.060000000000000000e+02
8.200000000000000000e+01 5.968558174696348942e+03 3.385165205648489462e+01 9.037146003173092412e-02 6.620797664178097452e-01 0.000000000000000000e+00 1.283900717921685519e+01 2.271660563874954875e+01 5.014419910869583746e-02 1.804201815139696852e-01 9.944331605110470207e-01 7.976577975192661318e-01 1.000000000000000000e+00 1.000000000000000000e+00 4.200000000000000000e+05 1.291307466540966287e-01 1.906356882271151960e+02 2.607650886141405371e+41 2.316348176370305447e+44 2.080000000000000000e+02
8.200000000000000000e+01 1.343547770170586227e+04 4.955442967362724715e+01 -7.683575134654327399e-03 6.837251333914251550e-01 0.000000000000000000e+00 2.691947235320154519e+01 2.526751878234177795e+01 5.112772762994172854e-02 1.088948969184411544e-02 1.997972179190638631e+00 9.083327321397697274e-01 1.000000000000000000e+00 1.000000000000000000e+00 4.400000000000000000e+05 4.653336077603377474e-02 7.786845152722203522e+01 2.644978562720381623e+40 2.934601437514539557e+44 2.090000000000000000e+02
8.200000000000000000e+01 5.558418100079976284e+03 4.779949676321887608e+01 4.768104500071519425e-01 6.819038841547768737e-01 0.000000000000000000e+00 3.387501775664338055e+01 1.642562253892059587e+01 6.698797664178096634e-01 1.070550584020783097e-01 0.000000000000000000e+00 7.457801032947811715e-01 2.000000000000000000e+00 1.000000000000000000e+00 4.600000000000000000e+05 1.104495241711442172e-01 1.114022399908977263e+02 4.049909143768290549e+40 1.973062887695040559e+45 2.100000000000000000e+02
8.200000000000000000e+01 1.260482829363970268e+04 2.187111803525653286e+01 -1.597038511442263053e-01 6.351526033996750531e-01 0.000000000000000000e+00 1.223970156886712779e+01 1.067810708018927102e+01 1.687640020304723709e-01 1.496625352615621740e-01 3.100000000000000089e+00 3.093020000000000103e+00 1.000000000000000000e+00 1.000000000000000000e+00 4.600000000000000000e+05 7.017318999320222746e-03 4.634320422544570306e+01 7.457964014132522369e+39 1.541789368811282553e+44 2.140000000000000000e+02
8.200000000000000000e+01 4.514026722658130893e+03 2.334630326627778274e+01 -5.715249991715022626e-02 6.623399450295734958e-01 0.000000000000000000e+00 1.106353364683654661e+01 1.347648266296613784e+01 8.815328191131963087e-02 1.289553010298922775e-01 2.638408498563661109e+00 1.891674162224544986e+00 1.000000000000000000e+00 1.000000000000000000e+00 4.700000000000000000e+05 1.223732825111680522e-01 1.874504539880119864e+02 2.406456205674513367e+41 2.661678614057949930e+44 2.130000000000000000e+02
8.200000000000000000e+01 9.675905855224989864e+03 5.177344569374822925e+01 4.649996501928194137e-01 5.067050674460910065e-01 0.000000000000000000e+00 1.122577257841513898e+01 4.250462701545905730e+01 5.957258918825786287e-03 5.865168115782380953e-01 6.067327619203504163e-01 0.000000000000000000e+00 1.000000000000000000e+00 2.000000000000000000e+00 4.700000000000000000e+05 7.593487110911311495e-04 1.029972897473178932e+02 4.799738279484733256e+40 9.340691356515643514e+44 2.180000000000000000e+02
8.200000000000000000e+01 1.106913554828061751e+04 2.907062866132313772e+01 -9.251609668093573047e-02 6.172817985666050333e-01 0.000000000000000000e+00 1.043843614279927401e+01 1.991944245403834302e+01 1.393982543077031677e-01 1.186226726560011130e-01 1.889080120489801118e+00 3.051140000000000185e+00 1.000000000000000000e+00 1.000000000000000000e+00 4.900000000000000000e+05 4.997511445837681671e-02 1.695834557948140571e+02 3.016168799209421487e+41 4.170410983675620647e+43 2.110000000000000000e+02
8.400000000000000000e+01 3.280052900400747149e+03 3.282169501230234232e+01 -4.095404354539111669e-02 6.428696073828450430e-01 0.000000000000000000e+00 1.182420209605783690e+01 2.249853927620221583e+01 5.530787748889061384e-02 9.339018881381427883e-02 6.997650849273455709e-01 2.707130007201743904e+00 1.000000000000000000e+00 1.000000000000000000e+00 2.700000000000000000e+05 3.931008130908469206e-02 1.714460684452070041e+02 1.106992450353512467e+41 1.836683342219836333e+45 2.040000000000000000e+02
8.400000000000000000e+01 1.481251838562795456e+03 2.522698936297022243e+01 -3.494714718558602704e-03 6.853363021010545619e-01 0.000000000000000000e+00 1.322744746905944346e+01 1.337999757094157083e+01 1.258213806388502332e-01 2.866726846541621868e-02 1.846348217348418475e+00 3.536344498220717059e-01 1.000000000000000000e+00 1.000000000000000000e+00 3.200000000000000000e+05 1.194984645886453672e-01 1.661729328069947087e+02 6.063632310211231501e+40 5.598563237920461949e+45 2.050000000000000000e+02
8.400000000000000000e+01 1.224252035813868815e+03 6.354435902981973072e+01 3.341251993253365749e-01 7.899056724187605294e-01 0.000000000000000000e+00 3.287458050266817366e+01 3.447345109233246063e+01 6.478696073828450475e-01 4.855535234982375631e-02 0.000000000000000000e+00 7.678148275644032239e-01 2.000000000000000000e+00 1.000000000000000000e+00 3.500000000000000000e+05 3.372483952869893137e-02 1.503177610749568487e+02 1.747191619214716896e+40 2.559297890756779426e+46 2.090000000000000000e+02
8.400000000000000000e+01 1.316033389291665662e+04 2.274123799471988150e+01 -1.355594049582613085e-02 6.792598900189599220e-01 0.000000000000000000e+00 1.032598221406029282e+01 1.354923268169463313e+01 1.505141144884702686e-01 8.944495345378875029e-02 1.364536507326257198e+00 2.129047137143342372e+00 1.000000000000000000e+00 1.000000000000000000e+00 3.700000000000000000e+05 1.075110079270959751e-01 1.098180820371176054e+02 1.002742772952149579e+41 3.485189042293550450e+43 2.080000000000000000e+02
8.400000000000000000e+01 1.251290230588340819e+04 2.340292094165704029e+01 3.849263784882309830e-02 6.845844491057841985e-01 0.000000000000000000e+00 1.409320416956196631e+01 1.053753746842453509e+01 9.783328227775840713e-02 3.153388660944611566e-02 9.830970948942483467e-01 9.852611562467041839e-01 1.000000000000000000e+00 1.000000000000000000e+00 3.800000000000000000e+05 8.413359639691912750e-02 8.998412851854907046e+01 5.294900826083309249e+40 6.280670090551461566e+43 2.070000000000000000e+02
8.400000000000000000e+01 9.094381910741814863e+03 4.770761822464466917e+01 2.644122567950707783e-03 6.543118212174491299e-01 0.000000000000000000e+00 3.134274332655122564e+01 1.871160277237840930e+01 1.515006622571765139e-03 6.087258508686399332e-03 4.126700625230905195e-01 6.760226723093837320e-01 1.000000000000000000e+00 1.000000000000000000e+00 3.800000000000000000e+05 2.115595644446621130e-03 1.301250960613400878e+02 9.619783099439163499e+40 3.441619807327856193e+44 2.120000000000000000e+02
8.400000000000000000e+01 1.392955123791711048e+04 3.023163071637964094e+01 -6.365019843486405260e-02 6.203290131868630652e-01 0.000000000000000000e+00 2.005280561125792360e+01 1.159081635878032834e+01 6.960629458123113178e-02 9.164251210736128195e-02 2.323781178669744651e+00 3.072080000000000144e+00 1.000000000000000000e+00 1.000000000000000000e+00 3.900000000000000000e+05 5.078830396030218491e-02 1.525416118193773798e+02 2.487832774381365826e+41 2.922665387768587305e+43 2.130000000000000000e+02
8.400000000000000000e+01 1.233517985965791013e+03 5.669523240562187283e+01 2.273214463756657311e-01 8.051226882969138021e-01 0.000000000000000000e+00 2.526182664048391757e+01 3.372988230282950894e+01 6.893363021010545655e-01 1.191895219797706879e-01 0.000000000000000000e+00 3.051140000000000185e+00 2.000000000000000000e+00 1.000000000000000000e+00 3.900000000000000000e+05 1.076631342443460509e-02 2.205214991904329054e+02 6.583902789543833685e+40 8.418510727183940932e+45 2.170000000000000000e+02
8.400000000000000000e+01 1.583567121604445128e+04 3.496864919460127652e+01 -1.065082665394803951e-01 6.569803783925338703e-01 0.000000000000000000e+00 2.235630759752745078e+01 1.448051305027310676e+01 2.112215662144021622e-01 5.243666888513806579e-02 2.970638588854240592e+00 2.793581908821294868e-01 1.000000000000000000e+00 1.000000000000000000e+00 4.000000000000000000e+05 3.593355855561441992e-02 1.640429722737222846e+02 3.155498620825343637e+41 1.978487226100242678e+43 2.140000000000000000e+02
8.400000000000000000e+01 1.097279275187004032e+03 9.315506589244675695e+01 5.183636226104384459e-01 6.948302729338459161e-01 0.000000000000000000e+00 3.496815643107303373e+01 6.360284674034864594e+01 4.554564146230130617e-02 7.953056724187604898e-01 1.243561774799207820e+00 0.000000000000000000e+00 1.000000000000000000e+00 3.000000000000000000e+00 4.000000000000000000e+05 2.182208195182385943e-02 1.196104857663654712e+02 5.731123023871589920e+39 8.173148187926115775e+46 2.190000000000000000e+02
8.400000000000000000e+01 1.313256683611769768e+04 5.644520891827956888e+01 2.898082534650743836e-01 8.345644824656525129e-01 0.000000000000000000e+00 3.714009667462899955e+01 2.276216956071900199e+01 2.259887481759167982e-01 6.914598900189597996e-01 1.376438233230373065e+00 0.000000000000000000e+00 1.000000000000000000e+00 2.000000000000000000e+00 4.200000000000000000e+05 2.232376315923880195e-01 7.729272713603594411e+02 2.409501007750028094e+43 6.839977425858907423e+41 2.180000000000000000e+02
8.400000000000000000e+01 1.532867024511449199e+04 4.326726152658250868e+01 4.031297194303808951e-01 6.406612138096743347e-01 0.000000000000000000e+00 3.025249773986914192e+01 1.474104481310681791e+01 6.227290131868630230e-01 5.735832568533582448e-02 0.000000000000000000e+00 2.547979098189574909e+00 2.000000000000000000e+00 1.000000000000000000e+00 4.300000000000000000e+05 1.416584482434012429e-02 9.361327879513292771e+01 5.282645218687462899e+40 1.237021240566729270e+44 2.210000000000000000e+02
8.400000000000000000e+01 1.123392416276191398e+03 8.136086289138222583e+01 5.500815264482529221e-01 6.901685465687477095e-01 0.000000000000000000e+00 5.674741602021705233e+01 2.910118753130899449e+01 8.071226882969138039e-01 5.924526709567115579e-02 0.000000000000000000e+00 6.013991965651646066e-01 3.000000000000000000e+00 1.000000000000000000e+00 4.400000000000000000e+05 1.567801551475645969e-02 1.029670958572517065e+02 4.514669255232725956e+39 8.337271469190718965e+46 2.220000000000000000e+02
8.400000000000000000e+01 1.378076193636194148e+04 2.320853819236996429e+01 -6.039044387427333627e-02 6.689804996588882835e-01 0.000000000000000000e+00 1.150586568871891124e+01 1.282949679285491307e+01 1.945677717180724353e-01 8.129290938770937502e-02 1.764814410322856464e+00 3.044160000000000199e+00 1.000000000000000000e+00 1.000000000000000000e+00 4.500000000000000000e+05 1.538012004319939084e-02 1.014469965568198688e+02 8.058273286052429697e+40 3.838925391063648480e+43 2.100000000000000000e+02
8.400000000000000000e+01 1.287346739371052081e+03 3.408773106538261288e+01 -6.343962705135149094e-02 6.378388797966236812e-01 0.000000000000000000e+00 2.115965608097361184e+01 1.459229889341511388e+01 1.740412017962799165e-02 1.681194067259801084e-01 2.796990011354096417e+00 2.470652218824394897e+00 1.000000000000000000e+00 1.000000000000000000e+00 4.500000000000000000e+05 6.839608726398348215e-02 1.268962862717538087e+02 2.214662638620772062e+40 1.722159631465206646e+46 2.240000000000000000e+02
8.400000000000000000e+01 1.677377457885992771e+04 2.693778043513370690e+01 -1.164005068981327495e-02 6.497809524059267039e-01 0.000000000000000000e+00 1.705705136580679238e+01 1.120143024658524489e+01 3.131210003411940418e-02 8.684348325241036948e-02 5.923298138238685118e-01 2.487574267222849134e+00 1.000000000000000000e+00 1.000000000000000000e+00 4.700000000000000000e+05 2.791326220799067448e-02 9.856235338598473561e+01 7.827690843164579314e+40 3.218016659839835195e+43 2.260000000000000000e+02
8.400000000000000000e+01 1.834411700514905169e+04 3.254918388357597081e+01 -4.657419302022464645e-03 6.544293540551929800e-01 0.000000000000000000e+00 1.333830001525663889e+01 2.085542800270890140e+01 5.876658891781327831e-02 2.436305549878631238e-02 2.143430060176429564e+00 1.021044955700348700e+00 1.000000000000000000e+00 1.000000000000000000e+00 4.800000000000000000e+05 2.319850518147053078e-02 1.118670642620630105e+02 1.121728031773911929e+41 2.728160260150250879e+43 2.230000000000000000e+02
8.400000000000000000e+01 1.408717565178236327e+03 2.335025977813333853e+01 -2.756084455492398277e-02 6.564792793278554361e-01 0.000000000000000000e+00 1.416928586669595980e+01 1.034562568669183413e+01 1.794795858860777013e-02 1.008819687752730981e-01 4.428914014976629288e-01 2.621000984964044989e+00 1.000000000000000000e+00 1.000000000000000000e+00 4.800000000000000000e+05 3.504011364888690722e-02 7.914186198877439438e+01 7.180486651130614462e+39 1.944427521278366765e+46 2.310000000000000000e+02
8.400000000000000000e+01 8.913616499205829314e+03 3.719156835858122179e+01 -5.882086946633940938e-02 6.612456110823213828e-01 0.000000000000000000e+00 1.485459964229818475e+01 2.407188115876203582e+01 9.934776303811231057e-02 1.287461963778905871e-01 1.003834105885445638e+00 3.037180000000000213e+00 1.000000000000000000e+00 1.000000000000000000e+00 4.900000000000000000e+05 5.271386529972019869e-02 1.677017997094002624e+02 2.277532112667159795e+41 1.172458065844571667e+44 2.270000000000000000e+02
8.400000000000000000e+01 6.529833092772587406e+03 5.635329771860020998e+01 5.532412714396613973e-01 4.941610583663383904e-01 0.000000000000000000e+00 4.781747203001026492e+01 1.023751060275421310e+01 6.691118212174490543e-01 1.684138681365334456e-01 0.000000000000000000e+00 1.499293013996521262e+00 2.000000000000000000e+00 1.000000000000000000e+00 4.900000000000000000e+05 2.987600800241642721e-02 9.101534929060356660e+01 2.318118413283475222e+40 4.829266308832908425e+45 2.280000000000000000e+02
8.500000000000000000e+01 7.459283461937503489e+03 3.865211553389262633e+01 1.170827761088065770e-03 6.481582624640632728e-01 0.000000000000000000e+00 2.576139816374250913e+01 1.476908312327496731e+01 1.271691486696384377e-02 1.786906461734594220e-02 1.478436444469151345e+00 1.505425896708416644e+00 1.000000000000000000e+00 1.000000000000000000e+00 3.800000000000000000e+05 1.266271355928929448e-02 1.369313766753312507e+02 1.072286217540534577e+41 3.704868158665099710e+44 2.050000000000000000e+02
8.500000000000000000e+01 2.504423673697939375e+04 4.546128664028737631e+01 -5.463879060065044563e-02 6.697965561942464952e-01 0.000000000000000000e+00 2.372366398273887000e+01 2.405143440858842752e+01 2.730220668081558694e-02 9.509405040097038131e-02 2.157747562520890838e+00 2.965193895234935706e+00 1.000000000000000000e+00 1.000000000000000000e+00 4.500000000000000000e+05 2.237900957167626020e-02 2.061631864289472205e+01 7.402097428752744412e+38 1.146412244185123862e+44 2.080000000000000000e+02
8.500000000000000000e+01 5.084217921257123635e+03 2.534725603043245457e+01 -4.512025528564572729e-02 6.621986314025339881e-01 0.000000000000000000e+00 1.472931305981614614e+01 1.189953084664497851e+01 1.607247161950067088e-02 1.296112591933122060e-01 2.064629284092192041e+00 2.355008677857212795e+00 1.000000000000000000e+00 1.000000000000000000e+00 4.600000000000000000e+05 7.191215913561371798e-02 1.237658057204395021e+02 7.293426399732005997e+40 6.099994294303998527e+44 2.120000000000000000e+02
8.500000000000000000e+01 8.305582471620156866e+03 2.199367549376954400e+01 -1.561502847920546999e-02 6.803109969335041640e-01 0.000000000000000000e+00 1.054798970435097516e+01 1.258048798293108561e+01 1.368774598645283377e-02 1.603695170819772475e-01 3.475336792178038148e-01 1.819647714557203200e+00 1.000000000000000000e+00 1.000000000000000000e+00 4.700000000000000000e+05 1.215450756683655875e-01 3.171869440295720892e+02 1.846624545138994377e+42 8.415649391900796079e+42 2.090000000000000000e+02
8.500000000000000000e+01 1.477978383409673916e+04 2.215967335659362902e+01 -5.552320284121287086e-02 6.656092321734931039e-01 0.000000000000000000e+00 1.299128481771779420e+01 1.029297257480329897e+01 2.057875886876794624e-01 8.307913568548888628e-02 1.975120996548109353e+00 1.856603242151864341e+00 1.000000000000000000e+00 1.000000000000000000e+00 4.700000000000000000e+05 1.891945815279895970e-01 1.742672476601037488e+02 4.330303060624289399e+41 8.161019202785303229e+42 2.130000000000000000e+02
8.500000000000000000e+01 1.363390095335727165e+04 2.290542793794595156e+01 -8.059233839050278236e-02 6.641395017092914799e-01 0.000000000000000000e+00 1.161216543678760260e+01 1.243657757702414024e+01 1.907162677693185343e-02 1.698902792762392311e-01 9.396257093169225749e-01 2.937093038414707813e+00 1.000000000000000000e+00 1.000000000000000000e+00 4.900000000000000000e+05 1.736463684175625771e-02 5.815395382508339850e+01 1.516096196186834280e+40 9.629094609239742386e+43 2.110000000000000000e+02
8.600000000000000000e+01 4.012888890559487209e+03 3.442202131931788500e+01 1.994484586460815861e-02 6.508033146724453433e-01 0.000000000000000000e+00 2.344887780093572260e+01 1.262861858302438023e+01 2.159456002739803746e-02 1.236128249054326139e-01 8.453106061518855796e-01 1.322532690771487385e+00 1.000000000000000000e+00 1.000000000000000000e+00 2.900000000000000000e+05 5.922920958309832451e-02 1.617646603153549734e+02 1.114415434688976273e+41 1.247275386535039774e+45 2.080000000000000000e+02
8.600000000000000000e+01 2.886847580383436070e+04 2.903944753682783997e+01 -2.332357853548618076e-02 6.584139000510365047e-01 0.000000000000000000e+00 1.336945987852568152e+01 1.721927643599349622e+01 1.638906636666731531e-01 1.905379749807389056e-01 2.513405793145931710e+00 1.242010458769255310e+00 1.000000000000000000e+00 1.000000000000000000e+00 3.500000000000000000e+05 1.871324376263972522e-01 1.502225325624508514e+02 3.655801767077463911e+41 2.789440827333141035e+42 2.100000000000000000e+02
8.600000000000000000e+01 1.378038522831768569e+04 2.882274450915128483e+01 1.240071882991252220e-02 6.936196248246208063e-01 0.000000000000000000e+00 1.338879326156947869e+01 1.681155729120515829e+01 2.737156722700535560e-01 3.913188526131968631e-02 1.295642555122496598e+00 2.806053116418845583e+00 1.000000000000000000e+00 1.000000000000000000e+00 3.600000000000000000e+05 2.031032895509336800e-01 2.067188477787118472e+02 6.268163239741801997e+41 1.000957773315831356e+43 2.120000000000000000e+02
8.600000000000000000e+01 2.519166174668926760e+04 5.812703949469099030e+01 1.425285617712144515e-01 6.889491368319654585e-01 0.000000000000000000e+00 3.772324855781904063e+01 2.341455855634092842e+01 1.929519027888290938e-01 1.079508452363560217e-01 0.000000000000000000e+00 9.670002945392408567e-01 1.000000000000000000e+00 1.000000000000000000e+00 3.800000000000000000e+05 1.783137734909301941e-01 1.552822482355402656e+02 2.890551905830915486e+41 1.415852334900211320e+43 2.070000000000000000e+02
8.600000000000000000e+01 1.922322699648691196e+04 4.365999638003091121e+01 1.006690273836361865e-01 6.135629437776880524e-01 0.000000000000000000e+00 3.172303353945080318e+01 1.395891309259754109e+01 2.810943222841153499e-01 5.135122900919064821e-03 1.035314704293255339e+00 8.233440257239981186e-01 1.000000000000000000e+00 1.000000000000000000e+00 3.800000000000000000e+05 2.417475763164626534e-01 4.760803469746208521e+02 7.937175951014167521e+42 1.012143381224715566e+42 2.140000000000000000e+02
8.600000000000000000e+01 1.162883828889670212e+03 3.289619930879717202e+01 1.048707647392034883e-02 6.297997265140443668e-01 0.000000000000000000e+00 1.139144369542925794e+01 2.303627948368781375e+01 1.245585981099170750e-02 1.214035221593589078e-02 3.783198222685214551e-01 6.102513737913624059e-01 1.000000000000000000e+00 1.000000000000000000e+00 3.900000000000000000e+05 6.957313893161019662e-03 1.572398237917552990e+02 4.645637575250982132e+40 8.915541867328043080e+45 2.170000000000000000e+02
8.600000000000000000e+01 1.656501371430179643e+04 3.121924231907815539e+01 -1.714069077371077887e-01 6.267043915494258099e-01 0.000000000000000000e+00 1.413030543293517916e+01 1.857791010112796570e+01 1.503890994335423947e-01 3.006906393620146778e-01 2.968909553240575150e+00 2.250890592953548541e+00 1.000000000000000000e+00 1.000000000000000000e+00 4.000000000000000000e+05 2.057241615498962561e-01 4.968631127430980996e+02 9.410096610043004702e+42 6.837849814275465315e+41 2.160000000000000000e+02
8.600000000000000000e+01 6.426455628731494471e+03 4.086980094070185032e+01 6.043807585087357034e-03 6.318813534914586860e-01 0.000000000000000000e+00 2.950816598974886773e+01 1.322464018961052368e+01 3.538442125505281838e-02 1.034777629358749895e-01 2.219199318002905930e+00 8.638492729397657666e-01 1.000000000000000000e+00 1.000000000000000000e+00 4.000000000000000000e+05 3.162071508373884982e-02 1.769300598238813791e+02 2.005268246614120743e+41 3.608110796885940613e+44 2.180000000000000000e+02
8.600000000000000000e+01 3.276822247006560247e+03 2.706589689104331242e+01 8.751141320674882262e-02 7.037479813587045330e-01 0.000000000000000000e+00 1.573369025263474441e+01 1.281117456024556489e+01 1.514157537446264579e-01 5.311547446531520583e-02 6.563140425907030284e-01 4.571082636742493932e-01 1.000000000000000000e+00 1.000000000000000000e+00 4.300000000000000000e+05 9.239401646956342529e-02 1.542874855770127738e+02 9.226701252478072902e+40 1.364301262207106796e+45 2.220000000000000000e+02
8.600000000000000000e+01 9.925586596216569887e+03 3.162849449495712051e+01 -1.228032520114100273e-01 6.096102533544940361e-01 0.000000000000000000e+00 1.056895193080200990e+01 2.243443202636958844e+01 7.665161924859185960e-03 2.009462052878538130e-01 6.441949287504985522e-01 2.722349619869580017e+00 1.000000000000000000e+00 1.000000000000000000e+00 4.300000000000000000e+05 8.179900274341879440e-02 2.417979341142323335e+02 7.874399138725684534e+41 2.725191389799768649e+43 2.240000000000000000e+02
8.600000000000000000e+01 2.117094969564859275e+04 3.749165781432248679e+01 -1.442119875213303537e-01 5.270117955019265610e-01 0.000000000000000000e+00 2.844550648191287934e+01 1.049317835818610334e+01 1.961342040433755596e-01 1.028425809716908140e-01 2.548293285904776884e+00 2.731716073133686251e+00 1.000000000000000000e+00 1.000000000000000000e+00 4.400000000000000000e+05 2.401951251850337504e-17 2.412325550467193978e+02 1.158101956338832255e+42 5.311039093958824942e+42 2.110000000000000000e+02
8.600000000000000000e+01 1.790722239412394629e+04 2.258457806739767548e+01 -9.253711674043742230e-03 6.802587819071156394e-01 0.000000000000000000e+00 1.356737532575225380e+01 1.021104505182690403e+01 5.186028564303744176e-02 4.929900831529072242e-02 3.033476755673715886e+00 3.095980727823933187e-01 1.000000000000000000e+00 1.000000000000000000e+00 4.400000000000000000e+05 1.085759591726226728e-02 9.633505634143541840e+01 8.105047661334140091e+40 1.773578008732256226e+43 2.200000000000000000e+02
8.600000000000000000e+01 5.374288096108567515e+03 3.542415222015835496e+01 -4.008327055223488006e-02 5.825605059811092001e-01 0.000000000000000000e+00 2.459485055176119772e+01 1.240334943627314956e+01 4.436641113254730789e-02 1.622305458674837830e-01 1.167545900474205256e+00 2.823410435116058714e+00 1.000000000000000000e+00 1.000000000000000000e+00 4.400000000000000000e+05 4.080779704465312824e-02 1.414814921353353725e+02 9.558762125597468920e+40 9.536896521754436584e+44 2.260000000000000000e+02
8.600000000000000000e+01 1.215026365992102728e+04 4.850470556292808766e+01 3.445035741105492016e-02 5.988702157909854273e-01 0.000000000000000000e+00 1.567081633051554057e+01 3.505511830327244382e+01 9.873912564595985208e-02 1.450708772959378723e-01 2.005238661625729613e+00 1.079582492517969339e+00 1.000000000000000000e+00 1.000000000000000000e+00 4.600000000000000000e+05 1.265072312493879247e-01 1.571178904062745403e+02 2.053162509910779958e+41 1.130655311356820745e+44 2.150000000000000000e+02
8.600000000000000000e+01 1.273446802931566936e+03 2.275993789232684605e+01 -5.132869375418194074e-02 6.655523986500965217e-01 0.000000000000000000e+00 1.038413794124880951e+01 1.352212010289848365e+01 1.915706322169303394e-02 9.428646077333395492e-02 2.538300080482874144e+00 2.557047979825558759e+00 1.000000000000000000e+00 1.000000000000000000e+00 4.600000000000000000e+05 5.202912782895355998e-02 1.169298239328606570e+02 2.443496847764451979e+40 7.983231015765154061e+45 2.300000000000000000e+02
8.600000000000000000e+01 1.457801297588981288e+04 5.622570744249473051e+01 -9.224226726931706102e-03 6.834205779626819632e-01 0.000000000000000000e+00 2.894163361301438187e+01 3.019898229880736906e+01 1.020473097037946919e-01 7.490918211619566891e-02 1.525660586170677790e+00 1.875549910825320632e+00 1.000000000000000000e+00 1.000000000000000000e+00 4.700000000000000000e+05 6.502881895337568607e-02 2.710854072419502003e+01 1.115099379335438514e+39 7.893988620866530105e+44 2.130000000000000000e+02
8.600000000000000000e+01 1.599478936934939884e+04 2.588611679786423281e+01 2.743385573260487265e-02 6.731368763592369131e-01 0.000000000000000000e+00 1.651108595161164772e+01 1.073724585680651167e+01 1.635262621532909966e-01 3.324030865995560025e-02 1.420126696187060444e+00 2.875344051792592115e-01 1.000000000000000000e+00 1.000000000000000000e+00 4.700000000000000000e+05 6.539074004292566578e-02 3.125930998106538254e+02 2.466350947022810489e+42 1.737611404565002282e+42 2.190000000000000000e+02
8.600000000000000000e+01 1.162631507803657405e+04 3.190558641741694501e+01 9.368044777148559765e-03 6.894035164041980579e-01 0.000000000000000000e+00 1.664352369067783499e+01 1.686226610577819685e+01 9.793680384338578071e-02 7.652465526340419821e-02 2.281023610463348561e-01 2.981643768376174730e+00 1.000000000000000000e+00 1.000000000000000000e+00 4.700000000000000000e+05 2.181837008556065938e-02 4.012587642760335882e+01 3.966199501508211016e+39 3.991177152733453348e+44 2.270000000000000000e+02
8.600000000000000000e+01 1.523179356048690533e+04 3.096809334152547422e+01 6.279827228352345692e-03 6.103313563593135704e-01 0.000000000000000000e+00 2.191347043681869877e+01 1.042187260499153467e+01 1.103458576233696531e-01 3.105235207171407399e-02 1.351385383681942498e+00 3.093020000000000103e+00 1.000000000000000000e+00 1.000000000000000000e+00 4.700000000000000000e+05 1.096233056604807299e-01 2.336751345073490143e+02 9.345091892524812077e+41 7.921030745033324723e+42 2.310000000000000000e+02
8.600000000000000000e+01 1.063523345968851390e+04 4.046972445310206723e+01 4.660553141379691344e-01 5.812816653241704712e-01 0.000000000000000000e+00 3.126954578263404727e+01 1.097941460222396515e+01 6.271043915494257659e-01 9.930989553197631242e-03 0.000000000000000000e+00 7.323095435926973984e-01 2.000000000000000000e+00 1.000000000000000000e+00 4.800000000000000000e+05 2.032000957142582158e-03 1.036547474855404403e+02 5.838612786367162032e+40 3.222622061275924071e+44 2.330000000000000000e+02
8.600000000000000000e+01 1.080988760361868799e+03 6.299937671994003807e+01 6.550706987477747933e-01 8.683724390316996944e-01 0.000000000000000000e+00 3.295678403638173393e+01 3.456482388492577229e+01 6.391997265140443307e-01 6.702033146724453161e-01 0.000000000000000000e+00 0.000000000000000000e+00 2.000000000000000000e+00 2.000000000000000000e+00 4.800000000000000000e+05 0.000000000000000000e+00 8.150997884254362447e+00 3.666884212725175850e+36 6.100553094592983216e+46 2.340000000000000000e+02
8.600000000000000000e+01 9.524551729863414948e+03 4.180390051816257113e+01 4.336298982383164358e-01 5.790023016493761610e-01 0.000000000000000000e+00 3.165760609917706958e+01 1.176401108833535858e+01 6.116102533544940378e-01 1.195936444127891629e-01 0.000000000000000000e+00 1.959503763579867996e+00 2.000000000000000000e+00 1.000000000000000000e+00 4.800000000000000000e+05 3.607317207857214242e-02 1.028694057636665491e+02 5.219964712240715637e+40 4.902455719481614488e+44 2.350000000000000000e+02
8.700000000000000000e+01 1.513920428659997015e+04 4.748634394549622328e+01 1.898221186616283473e-04 6.542334134382538080e-01 0.000000000000000000e+00 1.632313710563293441e+01 3.331554799189409977e+01 1.207594718025854774e-01 1.913303956387937266e-01 6.382849208282276310e-01 1.820252750265458630e+00 1.000000000000000000e+00 1.000000000000000000e+00 2.900000000000000000e+05 1.854081002788302013e-01 3.630172057039613378e+02 2.943163280782660054e+42 4.751144065418626311e+42 2.040000000000000000e+02
8.700000000000000000e+01 7.358478851615301210e+03 3.752235321024429027e+01 -3.726180542222072567e-02 6.767868794638512986e-01 0.000000000000000000e+00 1.856206263371309007e+01 2.086076614128834805e+01 3.041721801754120047e-02 9.849994284886029461e-02 3.311374566914454531e-01 2.916390308223651751e+00 1.000000000000000000e+00 1.000000000000000000e+00 3.200000000000000000e+05 2.199539209734562017e-02 5.825371236166040489e+01 8.291328548181806093e+39 1.586117371336629157e+45 2.050000000000000000e+02
8.700000000000000000e+01 9.604805950227055291e+02 3.432359088453667795e+01 -8.912906423038409812e-03 6.613412814387710226e-01 0.000000000000000000e+00 1.465487480601853498e+01 2.141505472651745023e+01 3.366860870728011906e-02 2.767012779053526147e-02 2.763161082574537186e+00 1.337466246310022422e+00 1.000000000000000000e+00 1.000000000000000000e+00 3.400000000000000000e+05 2.692031752671801559e-02 1.034232053176097992e+02 1.386769024169677651e+40 9.187697521547919000e+45 2.080000000000000000e+02
8.700000000000000000e+01 5.283224029766796775e+03 3.410385857112640906e+01 -2.875274475063068630e-02 6.616038019640919643e-01 0.000000000000000000e+00 1.411737107215474119e+01 2.166934524609049362e+01 1.562790437040148181e-02 1.234902470909673977e-01 5.800339305841202275e-01 2.041468923668622093e+00 1.000000000000000000e+00 1.000000000000000000e+00 3.500000000000000000e+05 1.079265822348086101e-01 1.623720804930708255e+02 1.454174862990650193e+41 5.138607336046825315e+44 2.070000000000000000e+02
8.700000000000000000e+01 1.368480761871011237e+04 2.982867712267306004e+01 4.701498738871434657e-02 6.361904479879028074e-01 0.000000000000000000e+00 2.097972169543366405e+01 1.025861333466678715e+01 7.709220679095510342e-02 3.173721508887649562e-02 7.634706546281299078e-01 3.973491589223485110e-01 1.000000000000000000e+00 1.000000000000000000e+00 3.700000000000000000e+05 5.330409168112838769e-02 1.769896110522824131e+02 3.865142621397918020e+41 1.959390176303876072e+43 2.090000000000000000e+02
8.700000000000000000e+01 1.013350067074856815e+04 3.327119781981710389e+01 1.694508131196924630e-02 6.901002499785453548e-01 0.000000000000000000e+00 1.860746412148934326e+01 1.642361507776018215e+01 4.904617036586169862e-03 5.781188560793672215e-02 3.228897573056881409e-01 1.007427155280836040e+00 1.000000000000000000e+00 1.000000000000000000e+00 3.700000000000000000e+05 4.237956063786120497e-02 4.740440047170618953e+01 5.885959005851797910e+39 5.707174677333200326e+44 2.100000000000000000e+02
8.700000000000000000e+01 1.280430418087318230e+03 2.821149191135386047e+01 -7.907676206011637204e-03 6.751503374056508910e-01 0.000000000000000000e+00 1.345890713391143834e+01 1.624659054631577604e+01 5.316450909480754244e-02 5.387478531738145587e-02 2.969766907720137183e+00 1.003822396790965854e+00 1.000000000000000000e+00 1.000000000000000000e+00 3.800000000000000000e+05 4.544500209476938501e-02 8.513275506638049706e+01 7.962253555301915647e+39 1.933649434961856865e+46 2.110000000000000000e+02
8.700000000000000000e+01 9.365425363914106129e+03 3.226316323902436523e+01 -1.584817523344370441e-02 6.395604730155676210e-01 0.000000000000000000e+00 1.256813370533887309e+01 2.129057008237561632e+01 5.906625897482124798e-02 2.994853940647771058e-03 2.460338676406341296e+00 8.916934774483249448e-01 1.000000000000000000e+00 1.000000000000000000e+00 3.900000000000000000e+05 2.039967102764735779e-02 1.268560124654188996e+02 1.085294175603664421e+41 1.599300293615127409e+44 2.140000000000000000e+02
8.700000000000000000e+01 1.155019987920448148e+04 2.535721293786994934e+01 7.238592948487591883e-02 7.067900060204211909e-01 0.000000000000000000e+00 1.349446481928280939e+01 1.317113028610901004e+01 1.705873944218397054e-01 3.567334982574103808e-02 4.298347283693255694e-01 1.923646543693188660e+00 1.000000000000000000e+00 1.000000000000000000e+00 4.000000000000000000e+05 7.108727632099584581e-02 8.238950554792397440e+01 3.752315467096854661e+40 1.030005599752011703e+44 2.130000000000000000e+02
8.700000000000000000e+01 9.758686795465508112e+03 4.314818589008548599e+01 5.284638877872009921e-01 5.893634712338448045e-01 0.000000000000000000e+00 1.183553057840926215e+01 3.331714376822120727e+01 2.282200911541910557e-02 7.111002499785451514e-01 8.913441522543166240e-01 0.000000000000000000e+00 1.000000000000000000e+00 2.000000000000000000e+00 4.400000000000000000e+05 6.442603277826233210e-01 1.008682862209466435e+02 4.933423368046611259e+40 4.876043815447359193e+44 2.150000000000000000e+02
8.700000000000000000e+01 7.035933052127632436e+03 3.554356859606730978e+01 -6.908377913759001024e-03 6.671097452265968286e-01 0.000000000000000000e+00 1.489476219172327198e+01 2.242355673492070878e+01 1.206322196245384337e-01 9.413007389539444769e-02 1.527783553207242795e+00 1.730216722515932171e+00 1.000000000000000000e+00 1.000000000000000000e+00 4.400000000000000000e+05 9.187946172642166842e-02 1.135744357667778672e+02 6.101697000474537108e+40 5.386447934205190511e+44 2.220000000000000000e+02
8.700000000000000000e+01 1.165866600203804182e+03 3.927431601729607991e+01 4.423296170446674447e-01 6.252907594777578071e-01 0.000000000000000000e+00 1.313889259143360100e+01 2.824395378905401088e+01 9.796431460835132443e-02 6.815503374056508523e-01 2.395052287988953310e+00 0.000000000000000000e+00 1.000000000000000000e+00 2.000000000000000000e+00 4.400000000000000000e+05 2.788073564787403938e-02 1.100714663997496672e+02 1.365332672113972912e+40 2.400568488095974314e+46 2.240000000000000000e+02
8.700000000000000000e+01 1.096239120277050642e+04 3.049491182255533772e+01 -6.105598082618653166e-02 6.671783017017375306e-01 0.000000000000000000e+00 1.606560021556265738e+01 1.592003080869462117e+01 8.243871011247159986e-02 2.017348853605284986e-01 7.185377274221799171e-01 2.735085409858788008e+00 1.000000000000000000e+00 1.000000000000000000e+00 4.600000000000000000e+05 7.670871476079189899e-02 5.113732386912731442e+01 8.060019025167917523e+39 3.760410868555584181e+44 2.170000000000000000e+02
8.700000000000000000e+01 8.755426103155643432e+03 3.835468585885261206e+01 2.106585387623342159e-02 6.419722913127950958e-01 0.000000000000000000e+00 1.116015712988743402e+01 2.875386276076408265e+01 1.726324824792019041e-01 5.080647431990222701e-02 3.866564870080789751e-01 2.272968537725257310e+00 1.000000000000000000e+00 1.000000000000000000e+00 4.600000000000000000e+05 3.266501534314285998e-02 1.911219893778304311e+02 3.283368054084416040e+41 9.946154534726274785e+43 2.180000000000000000e+02
8.700000000000000000e+01 1.053309066836963393e+04 5.657959482425246733e+01 5.236286938983929495e-01 3.744893749063815669e-01 0.000000000000000000e+00 4.766141562553266198e+01 1.041391974818298571e+01 6.704334134382536892e-01 1.487708697634162747e-01 0.000000000000000000e+00 3.058120000000000172e+00 2.000000000000000000e+00 1.000000000000000000e+00 4.600000000000000000e+05 2.255266606295008251e-03 8.838305308665322002e+01 3.091634424196391347e+40 2.127198304102433384e+45 2.230000000000000000e+02
8.700000000000000000e+01 1.353806034113357100e+03 2.714599158175234450e+01 1.596615625437722980e-02 6.738522827232836798e-01 0.000000000000000000e+00 1.117761332938449570e+01 1.732475461691540275e+01 4.938870629854955757e-02 1.353632077726721339e-01 1.278626599825228305e-01 1.610236304430580079e+00 1.000000000000000000e+00 1.000000000000000000e+00 4.700000000000000000e+05 1.352579418830101299e-01 2.676594615299757720e+02 2.485831953285831480e+41 1.851318133678259270e+45 2.280000000000000000e+02
8.700000000000000000e+01 1.246628391794117533e+03 4.416328455984927359e+01 4.894837221981049868e-01 5.440387452530620616e-01 0.000000000000000000e+00 3.419811523514488982e+01 1.143999295250320536e+01 6.716038019640919732e-01 5.585080442855633320e-02 0.000000000000000000e+00 2.960400000000000365e+00 2.000000000000000000e+00 1.000000000000000000e+00 4.800000000000000000e+05 2.918994205636119953e-03 1.014600614966988132e+02 8.851225891535413702e+39 5.370132245299145833e+46 2.290000000000000000e+02
8.700000000000000000e+01 1.411416788766766149e+04 2.544830530718670403e+01 -1.819806129262973443e-02 6.368238485014876549e-01 0.000000000000000000e+00 1.647115597268142650e+01 1.019830547580013480e+01 3.638420012514870933e-02 8.863266305291662983e-02 8.048871801586948704e-01 3.058120000000000172e+00 1.000000000000000000e+00 1.000000000000000000e+00 4.900000000000000000e+05 3.238148431821400580e-02 1.095567551103304709e+02 9.934336667579492169e+40 4.044688833808417190e+43 2.250000000000000000e+02
8.800000000000000000e+01 1.573711994746338632e+03 3.265622569346178494e+01 8.436624632310110727e-03 6.111777159203150012e-01 0.000000000000000000e+00 1.059523188504116220e+01 2.352792553633465289e+01 2.557776448099428890e-02 3.934216829864359277e-02 1.454143584580748882e+00 1.290192604649972319e+00 1.000000000000000000e+00 1.000000000000000000e+00 3.300000000000000000e+05 3.780343398122119197e-02 1.725000052090526594e+02 4.832559893991200846e+40 1.128347660006277972e+46 2.050000000000000000e+02
8.800000000000000000e+01 2.169919313332806723e+03 2.110852479666430170e+01 8.664612543275445819e-03 6.854022424346351006e-01 0.000000000000000000e+00 1.055807332518029007e+01 1.168238525540950867e+01 3.808157500826857972e-02 4.862992851274951234e-02 2.514333669028749885e+00 4.221666803015802216e-01 1.000000000000000000e+00 1.000000000000000000e+00 4.400000000000000000e+05 1.992552314305814920e-02 1.821561377784672331e+01 1.138660509022148163e+38 3.847562947518685777e+46 2.110000000000000000e+02
8.800000000000000000e+01 1.574823559208779989e+04 1.926592144380112614e+01 2.092783269450581782e-02 6.923660081369765740e-01 0.000000000000000000e+00 1.017209084839215727e+01 1.014515377950422170e+01 6.593077248340085961e-02 7.770846673176727559e-02 2.054209760412098795e+00 3.632593244305867830e-01 1.000000000000000000e+00 1.000000000000000000e+00 4.500000000000000000e+05 5.837599640859799516e-02 4.881832814235776397e+01 1.040387023550355389e+40 4.911327596205943139e+43 2.060000000000000000e+02
8.800000000000000000e+01 6.381234638796355284e+03 3.331918275963092668e+01 -4.243253425797959694e-02 6.818638193836483730e-01 0.000000000000000000e+00 1.619737417428585857e+01 1.874476985464142587e+01 1.384408723166112021e-01 2.520220423752292938e-01 7.703045640207937250e-01 2.284349762318613308e+00 1.000000000000000000e+00 1.000000000000000000e+00 4.500000000000000000e+05 1.151239633263028972e-01 1.906903746495346184e+02 2.770118199456759962e+41 1.729706155775593632e+44 2.100000000000000000e+02
8.800000000000000000e+01 1.328880086831136032e+04 2.286819252973334216e+01 -3.865257435448491569e-02 6.727492374126152752e-01 0.000000000000000000e+00 1.229591660892340066e+01 1.173147029732617952e+01 3.394810614691277928e-02 1.250578455575288572e-01 7.727623025137149160e-01 2.562095695580183463e+00 1.000000000000000000e+00 1.000000000000000000e+00 4.800000000000000000e+05 3.259806799320440901e-02 8.374914588311607133e+01 4.463351678165773788e+40 5.897771959580475672e+43 2.070000000000000000e+02
8.800000000000000000e+01 6.788955176281286185e+03 4.023193585800925121e+01 3.055882551985598938e-02 6.572878416000556001e-01 0.000000000000000000e+00 1.594803582027247479e+01 2.631174508864030770e+01 4.775515676240742885e-02 7.621340514753098538e-02 1.710965454140948028e+00 7.995121156694982023e-01 1.000000000000000000e+00 1.000000000000000000e+00 4.900000000000000000e+05 7.513039556674674935e-02 1.202808740541706811e+02 6.633134563063020408e+40 6.977852602996359762e+44 2.180000000000000000e+02
8.800000000000000000e+01 4.146796375310239455e+03 2.436060493890358813e+01 4.705263829488581101e-02 6.969233105065361089e-01 0.000000000000000000e+00 1.403956930445407636e+01 1.163886908306101020e+01 1.280729088572266638e-01 9.581386124643025137e-02 1.275742671626971747e+00 9.089293701865077679e-01 1.000000000000000000e+00 1.000000000000000000e+00 4.900000000000000000e+05 1.225384354931124409e-01 1.253690890342811031e+02 6.563284120217207223e+40 9.112978257526184825e+44 2.190000000000000000e+02
8.900000000000000000e+01 1.474064566739834845e+03 2.588826272448440946e+01 5.344960945105448752e-02 6.955979950590943650e-01 0.000000000000000000e+00 1.254490226771717687e+01 1.474264090722674858e+01 4.543905805625902961e-02 1.517586594341777673e-01 1.499150575496135840e+00 8.845206104734109065e-01 1.000000000000000000e+00 1.000000000000000000e+00 2.600000000000000000e+05 1.174022147002895811e-01 4.795968166150839807e+01 1.425854489533360529e+39 3.928826183272321541e+46 2.050000000000000000e+02
8.900000000000000000e+01 1.371369993002958836e+03 3.089091699556380277e+01 -5.324224389146367531e-02 6.716218533635246457e-01 0.000000000000000000e+00 1.638076687758515249e+01 1.610296041837536762e+01 7.756819442806728304e-02 1.742475628223373874e-01 2.363063132472086103e+00 1.869187846858128665e+00 1.000000000000000000e+00 1.000000000000000000e+00 2.700000000000000000e+05 1.633235673120347342e-01 7.588629129208553081e+01 4.976689009729254569e+39 3.215194089668754658e+46 2.060000000000000000e+02
8.900000000000000000e+01 2.229145568114232447e+04 3.681180401948135028e+01 -4.058976917101116827e-02 5.588209037761096010e-01 0.000000000000000000e+00 2.753547612116590670e+01 1.078441571185938486e+01 6.289362564828109015e-02 2.311591229515275181e-01 1.844880336232982643e+00 2.021831586076224596e+00 1.000000000000000000e+00 1.000000000000000000e+00 2.900000000000000000e+05 4.341192829666269681e-02 1.742046784436636528e+02 4.523239360294835457e+41 9.316667715240703524e+42 2.040000000000000000e+02
8.900000000000000000e+01 1.875833034658839097e+04 3.968955356288309844e+01 -1.610100614460499568e-01 6.107404433570399194e-01 0.000000000000000000e+00 1.737756740356359941e+01 2.418430237195874355e+01 2.277916087424599056e-01 1.450796723348874995e-01 3.027683271554772571e+00 2.475693666580049079e+00 1.000000000000000000e+00 1.000000000000000000e+00 3.000000000000000000e+05 7.684081980701062964e-02 8.095922556596586617e+01 3.992121859160903702e+40 8.113193780277264296e+43 2.070000000000000000e+02
8.900000000000000000e+01 1.636043261769775745e+04 2.255189729371400986e+01 3.551107982974512772e-02 6.841481524597070596e-01 0.000000000000000000e+00 1.282507491883855266e+01 1.084715089046469494e+01 1.456615873256321692e-01 1.176097198442132008e-01 4.020014679765658294e-01 2.330460468319034195e+00 1.000000000000000000e+00 1.000000000000000000e+00 3.500000000000000000e+05 7.042211089952994663e-02 4.309491192650242652e+01 6.896496211464442224e+39 6.862137293421580280e+43 2.120000000000000000e+02
8.900000000000000000e+01 1.352332407960856472e+04 2.388113156224315858e+01 -8.381522579987340030e-03 6.758479800505577950e-01 0.000000000000000000e+00 1.092066460968991137e+01 1.421486107509801045e+01 2.047062171684362608e-01 1.707970451204843081e-03 1.668391450418340360e+00 1.271586931086782224e+00 1.000000000000000000e+00 1.000000000000000000e+00 3.500000000000000000e+05 1.507654613942013555e-01 3.451110783780567317e+02 3.103205571330666109e+42 1.827985221343312451e+42 2.130000000000000000e+02
8.900000000000000000e+01 1.175674268790737915e+04 3.524112596313754864e+01 2.642672210247963560e-03 6.024975758113322311e-01 0.000000000000000000e+00 2.377526677542611466e+01 1.304222520012170783e+01 1.125093663615770873e-01 1.582718052608131643e-01 6.353233346623918809e-01 3.050770851840228559e+00 1.000000000000000000e+00 1.000000000000000000e+00 3.800000000000000000e+05 6.676730983249169749e-02 1.128818777035542951e+02 8.535017077111478709e+40 1.407474037641314159e+44 2.140000000000000000e+02
8.900000000000000000e+01 1.278814431335598556e+03 3.265094125257876101e+01 -9.293697329246775052e-02 5.720323892777561259e-01 0.000000000000000000e+00 2.326871234730380777e+01 1.078860314452638569e+01 1.121066784732593774e-01 1.879577406768097869e-01 2.323782380811634685e+00 2.320227893334211533e+00 1.000000000000000000e+00 1.000000000000000000e+00 3.800000000000000000e+05 8.179866033403644654e-02 1.677414200906428050e+02 5.356640316117171350e+40 1.100981305123405290e+46 2.200000000000000000e+02
8.900000000000000000e+01 5.050222966880500280e+03 2.912432112648415838e+01 -3.489309348708039341e-03 6.706214562194323658e-01 0.000000000000000000e+00 1.307571353706883954e+01 1.757229880507022912e+01 1.371302093248500942e-01 9.230182972450523549e-02 1.886578958310308085e+00 1.289717464354824372e+00 1.000000000000000000e+00 1.000000000000000000e+00 3.900000000000000000e+05 9.043522756400698692e-02 7.083403971846924208e+01 1.265934389852674700e+40 2.316040048602731881e+45 2.180000000000000000e+02
8.900000000000000000e+01 6.046377537468918490e+03 3.149257735117476997e+01 2.442089523542681582e-03 6.300137805673279301e-01 0.000000000000000000e+00 2.195752774110765415e+01 1.100525740554042109e+01 2.557777722671802922e-02 3.249331900959724628e-02 1.557423451096500822e+00 1.365245943926952865e+00 1.000000000000000000e+00 1.000000000000000000e+00 4.000000000000000000e+05 2.454039171790050461e-02 1.569795145492449535e+02 1.525332317448949946e+41 3.507573265079908431e+44 2.170000000000000000e+02
8.900000000000000000e+01 5.815700321722521039e+03 2.348201120820628418e+01 -2.262611942739613247e-02 6.767431713755509559e-01 0.000000000000000000e+00 1.280460577769401986e+01 1.187810729381157770e+01 3.144836027637847031e-02 9.461791028196805953e-02 6.332557118294107612e-01 2.474688946501176101e+00 1.000000000000000000e+00 1.000000000000000000e+00 4.000000000000000000e+05 4.199597563495836849e-02 3.807546627074429324e+01 2.437020640405703672e+39 1.872205971597499978e+45 2.190000000000000000e+02
8.900000000000000000e+01 7.983614325281024321e+03 4.286162722003913217e+01 2.253597708500159821e-02 4.826061149992227350e-01 0.000000000000000000e+00 3.396233230356626365e+01 1.044513114495580375e+01 6.596959540671301636e-02 1.076961903321681374e-01 3.239677741717566506e-01 3.086040000000000116e+00 1.000000000000000000e+00 1.000000000000000000e+00 4.000000000000000000e+05 2.100012943291785367e-02 1.596880366500559489e+02 1.701185894687463976e+41 4.605472425938883483e+44 2.210000000000000000e+02
8.900000000000000000e+01 2.158820447988648084e+04 2.819266326627124641e+01 -5.240781431732409457e-02 6.222433583732307483e-01 0.000000000000000000e+00 1.059178995137968293e+01 1.892047324576343925e+01 7.518884841186412871e-02 4.340466092629974293e-02 2.719522671357194721e+00 3.090787768198171914e+00 1.000000000000000000e+00 1.000000000000000000e+00 4.300000000000000000e+05 1.590620229233180583e-02 1.451833294654890096e+02 2.839591223179284415e+41 7.652069496417407122e+42 2.250000000000000000e+02
8.900000000000000000e+01 1.287265234257088741e+04 2.873112509911863199e+01 9.605610397356072194e-02 6.599424712144384975e-01 0.000000000000000000e+00 1.123016130887035935e+01 1.897429845683842231e+01 2.461824203735445485e-02 1.928974047496266331e-01 2.195460184915040358e+00 5.792635716249109334e-01 1.000000000000000000e+00 1.000000000000000000e+00 4.300000000000000000e+05 1.055935426891719958e-01 2.184921873011419962e+02 7.112488003117035747e+41 1.160806194979930085e+43 2.280000000000000000e+02
8.900000000000000000e+01 9.256189546436142336e+03 3.338556673782537132e+01 -3.564578349964775406e-02 6.001031826684586346e-01 0.000000000000000000e+00 1.046060830139703057e+01 2.436465874235030782e+01 2.895984161813284705e-02 6.973079401289968005e-02 1.404057998234787386e+00 2.434504921752110196e+00 1.000000000000000000e+00 1.000000000000000000e+00 4.400000000000000000e+05 4.529868972111019548e-02 1.804948860414749845e+02 3.056074366851683872e+41 8.477804798140644911e+43 2.230000000000000000e+02
8.900000000000000000e+01 2.395246152389907729e+04 4.046999471435569973e+01 -6.687318537310001088e-02 5.740423906996037218e-01 0.000000000000000000e+00 3.100858797280489654e+01 1.113789651617577015e+01 1.031398197688494223e-01 4.026232425648336444e-02 3.016240000000000254e+00 6.585660516582403368e-01 1.000000000000000000e+00 1.000000000000000000e+00 4.500000000000000000e+05 1.092706976545338229e-02 1.935740430513258445e+02 6.239954356539979144e+41 6.532646940732523856e+42 2.150000000000000000e+02
8.900000000000000000e+01 2.675992615427039709e+04 3.973645246284468158e+01 7.476019901323678867e-04 5.817095834813247324e-01 0.000000000000000000e+00 2.970082043628076818e+01 1.171268419659674009e+01 6.070650540642014148e-03 2.021407779902944374e-02 9.406922022588826149e-01 1.894366839879634279e+00 1.000000000000000000e+00 1.000000000000000000e+00 4.500000000000000000e+05 6.674720602436818619e-03 1.730298353434890259e+02 4.777434665335071774e+41 5.891512452447228305e+42 2.310000000000000000e+02
8.900000000000000000e+01 1.359787405088932792e+04 5.327938886826505183e+01 -6.032776997453501155e-02 6.410952910707200525e-01 0.000000000000000000e+00 3.766758239294635757e+01 1.815722114883639193e+01 1.673924746732787794e-01 1.289604307627930657e-01 2.414686752429406447e+00 9.595859602026601820e-01 1.000000000000000000e+00 1.000000000000000000e+00 4.600000000000000000e+05 6.390111749357386961e-02 2.142159204513018267e+02 5.381078472739473691e+41 3.785825672271302365e+43 2.220000000000000000e+02
8.900000000000000000e+01 9.899245499779966849e+03 2.133061850764185508e+01 -9.610100653998078502e-02 6.610481251771668232e-01 0.000000000000000000e+00 1.174245454386956844e+01 1.075996724221793954e+01 2.065958430276949864e-01 3.206631643331132181e-02 3.009260000000000268e+00 7.925390627490418449e-01 1.000000000000000000e+00 1.000000000000000000e+00 4.800000000000000000e+05 2.552547332231063643e-02 7.256918273338897052e+01 2.500288141107278108e+40 1.628926447797073213e+44 2.320000000000000000e+02
8.900000000000000000e+01 6.972319438866173869e+02 2.203991398323607598e+01 2.662806049890553695e-03 6.817463643155151631e-01 0.000000000000000000e+00 1.009946365925987344e+01 1.307171526392898819e+01 3.457792581360327050e-02 6.221357962218599519e-02 5.427760024440861919e-01 1.866936550292888963e+00 1.000000000000000000e+00 1.000000000000000000e+00 4.800000000000000000e+05 5.950542324842747477e-02 1.223332621076923203e+02 2.865675689810275239e+40 5.952855709595925041e+44 2.330000000000000000e+02
9.000000000000000000e+01 1.074957534894389482e+03 4.039120539184015257e+01 2.618866512634213800e-02 5.993075009797000918e-01 0.000000000000000000e+00 1.292127509984412725e+01 2.930304612286351684e+01 8.191039934894529806e-02 8.273710224948906122e-02 1.927271149720027665e+00 9.166951285250404258e-01 1.000000000000000000e+00 1.000000000000000000e+00 4.000000000000000000e+05 6.565976067749804135e-02 1.575758204249502512e+02 4.142970259190143580e+40 1.237148167410359435e+46 2.090000000000000000e+02
9.000000000000000000e+01 1.492729736851357302e+04 2.998997876679971242e+01 -1.167908046507559749e-01 6.110140133529996520e-01 0.000000000000000000e+00 2.032695057594911248e+01 1.103001546171201674e+01 1.800848892444249227e-01 1.082783232094778475e-01 2.481804496395049853e+00 2.271350562406164286e+00 1.000000000000000000e+00 1.000000000000000000e+00 4.100000000000000000e+05 1.056229776507272289e-01 1.943325504719892365e+02 5.377764568671345412e+41 1.295316150847677445e+43 2.080000000000000000e+02
9.100000000000000000e+01 1.806886586560281285e+04 2.969009062204505867e+01 -4.133005096965673697e-03 6.706983426457394648e-01 0.000000000000000000e+00 1.860380733392012687e+01 1.261136929775373261e+01 5.159142304639278281e-02 3.716487496890308329e-02 2.041726686564878435e+00 8.581266110213401355e-01 1.000000000000000000e+00 1.000000000000000000e+00 3.000000000000000000e+05 4.597551892662757322e-02 1.215776821447587253e+02 1.478089971598865835e+41 1.884881130347635699e+43 2.040000000000000000e+02
9.100000000000000000e+01 1.319554384044959261e+04 2.586686114902546763e+01 -9.310437976424845719e-02 6.463902078899375070e-01 0.000000000000000000e+00 1.243106663102011389e+01 1.473607117423256341e+01 1.875279097429213560e-01 2.506204867369348291e-02 2.949579254145176410e+00 2.281929189834970728e+00 1.000000000000000000e+00 1.000000000000000000e+00 3.400000000000000000e+05 2.946617025333346171e-02 2.874261178989943133e+01 1.712861173711431679e+39 2.461784534029706011e+44 2.060000000000000000e+02
9.100000000000000000e+01 6.676299965288926614e+03 2.657366775555338023e+01 1.241039790645117116e-02 6.849054561762495386e-01 0.000000000000000000e+00 1.091909877770691573e+01 1.694261321908528473e+01 1.210718786298755067e-01 8.686840100976016277e-02 4.249214439423139034e-01 2.193723517085911290e+00 1.000000000000000000e+00 1.000000000000000000e+00 4.200000000000000000e+05 7.055227164375038607e-02 1.610183292458702056e+02 1.920290630947651149e+41 1.472580448474766868e+44 2.080000000000000000e+02
9.100000000000000000e+01 1.069435351739522775e+04 3.909233390721828982e+01 -1.078480418164218524e-01 5.200463052331547598e-01 0.000000000000000000e+00 1.191919135298409493e+01 2.878465203097589153e+01 1.925956433768836740e-01 1.067281941355608527e-01 3.072080000000000144e+00 2.323336797044711410e+00 1.000000000000000000e+00 1.000000000000000000e+00 4.400000000000000000e+05 7.790676044257813238e-02 1.804694869753900264e+02 3.139576601211890750e+41 1.003720576387996274e+44 2.110000000000000000e+02
9.100000000000000000e+01 2.088876015743892276e+04 3.343020172866307149e+01 -6.062808890033261761e-02 6.439049968254879630e-01 0.000000000000000000e+00 1.377051889693740172e+01 2.127515523512938955e+01 7.611572248515974248e-02 6.945845950437008753e-02 2.358619815852497581e+00 2.779273652728873500e+00 1.000000000000000000e+00 1.000000000000000000e+00 4.400000000000000000e+05 2.236110747159564607e-02 1.215202378973506114e+02 1.533926508960501832e+41 1.679317559393085306e+43 2.120000000000000000e+02
9.100000000000000000e+01 1.856786622383619761e+04 2.499951322718414204e+01 -3.445401587707968422e-02 6.826215066294553102e-01 0.000000000000000000e+00 1.223522417741791202e+01 1.397604130119505328e+01 1.657895514358538325e-01 1.997997597087194099e-01 9.373027133575427827e-01 2.424049036984299299e+00 1.000000000000000000e+00 1.000000000000000000e+00 4.400000000000000000e+05 1.313755270908869566e-01 9.207628448023532997e+01 6.956030359303596811e+40 2.110512106773738822e+43 2.150000000000000000e+02
9.100000000000000000e+01 7.173465028706358680e+03 3.701179844846267741e+01 1.881739452103842192e-02 5.659962288041912037e-01 0.000000000000000000e+00 2.809120221050047306e+01 1.042385551035083502e+01 9.967852400641545596e-02 1.188983240025435345e-01 1.190772160628650544e+00 1.826874350378343781e+00 1.000000000000000000e+00 1.000000000000000000e+00 4.400000000000000000e+05 9.256702665324216539e-02 1.694821260227683979e+02 2.016986803904177480e+41 2.961063776321342907e+44 2.160000000000000000e+02
9.100000000000000000e+01 1.014724059844374460e+04 3.538826027979251876e+01 3.650383888004572752e-02 6.888220572432059985e-01 0.000000000000000000e+00 2.167592495674074371e+01 1.559516126314603923e+01 9.881128038106569422e-02 8.195861152133254723e-02 1.430397916670454794e+00 5.917661047958242548e-01 1.000000000000000000e+00 1.000000000000000000e+00 4.500000000000000000e+05 9.403246871159745557e-02 1.284529131451012631e+02 1.141569813794036822e+41 1.266974079454532477e+44 2.070000000000000000e+02
9.100000000000000000e+01 7.697838052638324370e+03 2.918360600132620775e+01 -8.627730702761966797e-02 6.598247684396448820e-01 0.000000000000000000e+00 1.700308087357187858e+01 1.365666480280983563e+01 1.501446365961089380e-01 4.561810302219709151e-02 2.720293404162292372e+00 2.101927193246420966e+00 1.000000000000000000e+00 1.000000000000000000e+00 4.500000000000000000e+05 2.479507582862115062e-02 8.891085026660741164e+01 3.421521217076181758e+40 4.626534994445874331e+44 2.090000000000000000e+02
9.100000000000000000e+01 1.737429902941840191e+04 5.638491710691714331e+01 2.355018136852540800e-02 6.830370369306648648e-01 0.000000000000000000e+00 3.271835577366213954e+01 2.655545766061591806e+01 6.656585738654313689e-02 5.063691348341602810e-02 3.491704699948219859e-01 2.075816840827900744e+00 1.000000000000000000e+00 1.000000000000000000e+00 4.500000000000000000e+05 3.491538765664252419e-02 5.131947908615900644e+01 8.445772574336315599e+39 3.060762686453861042e+44 2.180000000000000000e+02
9.100000000000000000e+01 9.105879116913733014e+03 3.458032559745604573e+01 1.242145179944483327e-02 6.686949234656367480e-01 0.000000000000000000e+00 1.450736857393593837e+01 2.182627697922153587e+01 1.946565332522156438e-02 2.926490561757209841e-02 1.055266233257479369e+00 1.060300201379624996e+00 1.000000000000000000e+00 1.000000000000000000e+00 4.600000000000000000e+05 2.564251729932901652e-02 1.072787987489440553e+02 6.249233788955849425e+40 2.639955258318160788e+44 2.140000000000000000e+02
9.100000000000000000e+01 3.053602026466555799e+03 2.279869490529378595e+01 -1.122305049724512532e-02 6.894959372333467895e-01 0.000000000000000000e+00 1.356973186442530377e+01 1.047630272626982162e+01 1.166624041167715758e-01 1.369450790898588954e-01 2.787553549269691899e+00 5.606728732101942114e-01 1.000000000000000000e+00 1.000000000000000000e+00 4.700000000000000000e+05 5.419147896495404848e-02 1.180186779592088726e+02 4.303355624228738626e+40 2.342534427014694989e+45 2.200000000000000000e+02
9.100000000000000000e+01 7.556897644145307822e+03 2.886080403449771481e+01 -7.973529318548219086e-04 6.501241482190155407e-01 0.000000000000000000e+00 1.127174377956253615e+01 1.902101311358359936e+01 8.537051374410660476e-02 1.206163601613160011e-02 1.713291397727582988e+00 1.058287616554852706e+00 1.000000000000000000e+00 1.000000000000000000e+00 4.900000000000000000e+05 4.654625932996851734e-02 1.472392629159572834e+02 1.541936779061316065e+41 1.658538508988577813e+44 2.210000000000000000e+02
9.200000000000000000e+01 3.281077343034391561e+03 2.441278762913476186e+01 4.800973710388150434e-02 6.852756953148443353e-01 0.000000000000000000e+00 1.527636394829362310e+01 1.045387681844486316e+01 1.957876735188338602e-01 5.948824766585306817e-02 1.355247685066366392e+00 2.918067415110583429e-01 1.000000000000000000e+00 1.000000000000000000e+00 3.700000000000000000e+05 1.912569893152903377e-01 2.812057493430789350e+02 5.981577150315854715e+41 2.335417167952026248e+44 2.070000000000000000e+02
9.200000000000000000e+01 2.049479076631608768e+04 4.697341959128309696e+01 -7.216385068302655359e-02 5.459992523325247760e-01 0.000000000000000000e+00 1.212592158163448985e+01 3.663248557618952361e+01 1.047560344753373229e-02 1.530658655808653790e-01 9.781547254599805008e-01 2.265514718122081383e+00 1.000000000000000000e+00 1.000000000000000000e+00 3.800000000000000000e+05 1.175904036218702597e-01 1.950591306789343662e+02 5.510977250062607349e+41 1.522048554625329072e+43 2.050000000000000000e+02
9.200000000000000000e+01 2.120578797772353937e+04 3.945000246544901046e+01 1.858343773277404756e-02 6.902799660325548148e-01 0.000000000000000000e+00 2.399005680841788646e+01 1.755183746764632957e+01 4.166367743671052504e-02 1.119923673296375349e-01 2.562738727084172385e+00 6.122028525662034371e-01 1.000000000000000000e+00 1.000000000000000000e+00 4.100000000000000000e+05 4.504697422507832061e-02 1.184214077418339031e+02 1.345118915022903092e+41 2.059782554558364271e+43 2.080000000000000000e+02
9.200000000000000000e+01 8.671929254940718238e+03 4.065123505559166972e+01 -6.868262698181574165e-03 6.070776360406495709e-01 0.000000000000000000e+00 2.924577722817853953e+01 1.321694510343338003e+01 5.342852658900480549e-03 1.348562482058169310e-01 1.609099645479910912e+00 1.731759492861291605e+00 1.000000000000000000e+00 1.000000000000000000e+00 4.200000000000000000e+05 5.400123055398820676e-02 1.876503951713939102e+02 3.005319110687746535e+41 1.349439967662194982e+44 2.160000000000000000e+02
9.200000000000000000e+01 1.352736074023313449e+04 2.182483227267025683e+01 -4.594821696127666250e-02 6.641379944089874643e-01 0.000000000000000000e+00 1.012985870013435274e+01 1.280556423676028821e+01 5.307179863008899823e-02 7.031981142227827775e-02 3.072080000000000144e+00 2.183063238908762749e+00 1.000000000000000000e+00 1.000000000000000000e+00 4.300000000000000000e+05 5.754602589651902633e-02 1.309444404393265700e+02 1.755102856953493136e+41 2.091608307479450025e+43 2.110000000000000000e+02
9.200000000000000000e+01 1.852436123151347056e+04 3.616860382736457069e+01 3.082379069758547224e-02 6.737609906836810048e-01 0.000000000000000000e+00 1.443708520087218972e+01 2.352984248657906718e+01 6.761329079144644261e-02 7.271216065096648695e-02 3.283378397485145483e-01 1.426340589351806187e+00 1.000000000000000000e+00 1.000000000000000000e+00 4.500000000000000000e+05 6.075816537727958544e-02 1.789093082417215896e+02 4.432490022711801505e+41 1.006644391502728702e+43 2.100000000000000000e+02
9.200000000000000000e+01 1.626176422672125591e+04 2.261616465348729221e+01 -1.227394585877965294e-02 6.825523933990568226e-01 0.000000000000000000e+00 1.329401117419793721e+01 1.053327777026229661e+01 6.476823469846543224e-02 5.381913265898903564e-02 3.079060000000000130e+00 0.000000000000000000e+00 1.000000000000000000e+00 1.000000000000000000e+00 4.500000000000000000e+05 2.749055241473605943e-02 8.736970015263636924e+01 5.720957822894224215e+40 2.834338992673336309e+43 2.170000000000000000e+02
9.200000000000000000e+01 1.024071651635223861e+04 2.696531715647422800e+01 2.246470456693508422e-02 6.832666025752528460e-01 0.000000000000000000e+00 1.249477210793741833e+01 1.588582561285318739e+01 8.198681195001372018e-03 4.692560372590261208e-02 1.426070862868032973e+00 5.818456247471083254e-01 1.000000000000000000e+00 1.000000000000000000e+00 4.700000000000000000e+05 2.578875381703875022e-02 6.597646721610244924e+01 1.744496199280143818e+40 2.529792775959153003e+44 2.190000000000000000e+02
9.200000000000000000e+01 1.218013476763618655e+03 3.646476860288110089e+01 4.294272766861476076e-01 6.717007830269273727e-01 0.000000000000000000e+00 2.446337443881178331e+01 1.343335019714538880e+01 6.902756953148443397e-01 4.581915576960871733e-02 0.000000000000000000e+00 3.044160000000000199e+00 2.000000000000000000e+00 1.000000000000000000e+00 4.700000000000000000e+05 2.252143789912564465e-03 9.606448556259216787e+01 9.400473220680376817e+39 2.442373423884656371e+46 2.220000000000000000e+02
9.200000000000000000e+01 2.983000700551960472e+04 6.025882827189715130e+01 3.545709511374084411e-02 6.907028381595717859e-01 0.000000000000000000e+00 3.495845277666487050e+01 2.847773912725807222e+01 4.439390093864591796e-02 5.371729252706978347e-02 2.521607375982775068e-01 1.061086502885682181e+00 1.000000000000000000e+00 1.000000000000000000e+00 4.800000000000000000e+05 4.197932458629096558e-02 7.274910870175975219e+01 3.232670265287163040e+40 4.314773714160735238e+43 2.090000000000000000e+02
9.200000000000000000e+01 9.528241548905607488e+03 1.959662396325271416e+01 -8.463398675332828303e-03 6.809002949231206525e-01 0.000000000000000000e+00 1.019558025560965575e+01 1.051900290419641948e+01 1.651833717824262859e-01 1.412627658591295021e-01 2.976564789673833644e+00 0.000000000000000000e+00 1.000000000000000000e+00 1.000000000000000000e+00 4.900000000000000000e+05 2.618487736607813879e-02 7.955769044472586415e+01 3.329373613260003067e+40 1.254137762716891926e+44 2.200000000000000000e+02
9.200000000000000000e+01 6.905752543891791902e+03 2.944662898847023058e+01 -1.424833112777010302e-03 6.807634601281057352e-01 0.000000000000000000e+00 1.357137407112656291e+01 1.738087347020264417e+01 3.597358279386698304e-02 2.908597959490013402e-02 8.417096842129387912e-01 2.389982395778544877e+00 1.000000000000000000e+00 1.000000000000000000e+00 4.900000000000000000e+05 2.411811457401068920e-02 7.691955058157668645e+01 2.044680089512698980e+40 7.881107575286264739e+44 2.230000000000000000e+02
9.300000000000000000e+01 4.040367894766618974e+03 2.979584026015637122e+01 4.388909027173733268e-02 6.971991257416167986e-01 0.000000000000000000e+00 1.673579926934041850e+01 1.466668742592146124e+01 7.699315437122090933e-02 5.586874381124886518e-02 9.799853521920816046e-01 6.333921575431633588e-01 1.000000000000000000e+00 1.000000000000000000e+00 3.400000000000000000e+05 6.394198404491233112e-02 3.967064295974466148e+01 1.810093449587536365e+39 8.269106951979352740e+45 2.050000000000000000e+02
9.300000000000000000e+01 3.666796759398519043e+03 2.399693524677495304e+01 -1.050762031336375385e-02 6.872433571601350710e-01 0.000000000000000000e+00 1.363795163487826123e+01 1.167379215748340648e+01 9.728411091787632359e-02 1.004220596136505828e-01 2.950922212579159432e+00 4.856663957429332434e-01 1.000000000000000000e+00 1.000000000000000000e+00 3.400000000000000000e+05 3.924565374148633601e-02 8.141442865297786113e+01 1.628153953312257039e+40 3.134598854314513340e+45 2.060000000000000000e+02
9.300000000000000000e+01 4.437034393731937598e+03 1.965411478018255309e+01 -6.594497894367935126e-03 6.849421862633057190e-01 0.000000000000000000e+00 1.018819429996625736e+01 1.048881068632930536e+01 1.351002943234159148e-01 4.131770747655601900e-02 1.598515478076173224e+00 1.799390010606163104e+00 1.000000000000000000e+00 1.000000000000000000e+00 3.500000000000000000e+05 1.306340460099028877e-01 5.908745525359600492e+01 8.116679121149117090e+39 1.913285846916194295e+45 2.070000000000000000e+02
9.300000000000000000e+01 3.665940032436895763e+03 5.020015973069643422e+01 6.928656622463510439e-01 8.772463184536400949e-01 0.000000000000000000e+00 2.980269409157660476e+01 2.400245517664930972e+01 6.981991257416167995e-01 6.862433571601350701e-01 0.000000000000000000e+00 0.000000000000000000e+00 2.000000000000000000e+00 2.000000000000000000e+00 3.600000000000000000e+05 0.000000000000000000e+00 3.833383758091126481e+01 1.008844821144261653e+39 2.036086548340083143e+46 2.080000000000000000e+02
9.300000000000000000e+01 5.503051985991462971e+03 2.442222574250497757e+01 -1.460990562555204361e-02 6.780301259759251575e-01 0.000000000000000000e+00 1.156988179908994319e+01 1.411127094647219415e+01 1.442035731675142540e-01 6.416991976893100802e-02 1.696101723822463603e+00 1.755927737447492420e+00 1.000000000000000000e+00 1.000000000000000000e+00 4.300000000000000000e+05 1.140355416000098515e-01 1.271217272188075214e+02 8.548282216649499712e+40 4.006703302331201239e+44 2.130000000000000000e+02
9.300000000000000000e+01 6.122942723695456152e+03 4.326492768984024906e+01 -5.454212252005928574e-02 6.562385744300913704e-01 0.000000000000000000e+00 1.650089357434807980e+01 2.875922007107536515e+01 8.120424736862756621e-02 1.208101797703223929e-01 7.311831001225357340e-01 3.072080000000000144e+00 1.000000000000000000e+00 1.000000000000000000e+00 4.400000000000000000e+05 3.333635941158748228e-02 1.735274272461605847e+02 1.763708214703038116e+41 4.557504401068080531e+44 2.110000000000000000e+02
9.300000000000000000e+01 4.802901040082851978e+03 2.390762903279537355e+01 9.741442745936253200e-03 6.666147574053831182e-01 0.000000000000000000e+00 1.495074467284216269e+01 1.015294532508924163e+01 7.523183724562881869e-02 3.285668119765856876e-02 1.226360144608636960e+00 1.988254985851239276e+00 1.000000000000000000e+00 1.000000000000000000e+00 4.400000000000000000e+05 7.505093166111219405e-02 1.206953399359156123e+02 6.665021066428590443e+40 6.723038277673118175e+44 2.140000000000000000e+02
9.300000000000000000e+01 2.010221227491894024e+04 3.964605907350701131e+01 6.577985665243033138e-03 6.424079875681362184e-01 0.000000000000000000e+00 2.690059087274158856e+01 1.465089563032954523e+01 8.780932852933194532e-02 2.174534214599318019e-02 1.477963984861436764e+00 1.399334603630138840e+00 1.000000000000000000e+00 1.000000000000000000e+00 4.500000000000000000e+05 8.710607422448797543e-02 1.447848617705821255e+02 2.378772045147957538e+41 1.770346503830386563e+43 2.090000000000000000e+02
9.300000000000000000e+01 1.190099414456008708e+04 2.890915636862045801e+01 -3.232462529739373036e-02 6.765934366490624630e-01 0.000000000000000000e+00 1.562977597235078697e+01 1.472521800913459344e+01 2.100324709326727712e-01 9.158204051840876381e-02 1.625737488195007074e+00 2.206724271747087851e+00 1.000000000000000000e+00 1.000000000000000000e+00 4.500000000000000000e+05 6.189734418499050206e-03 2.507061095743279466e+01 1.021675422107974548e+39 4.031436106143775787e+44 2.100000000000000000e+02
9.400000000000000000e+01 1.590369059432400036e+03 2.198271474456333863e+01 -9.648475479384530096e-02 6.449820751100244776e-01 0.000000000000000000e+00 1.019166801593904559e+01 1.288371725632807774e+01 1.345341682055617438e-01 1.019331950266487707e-01 3.030200000000000227e+00 2.288608201363741212e+00 1.000000000000000000e+00 1.000000000000000000e+00 3.100000000000000000e+05 7.678084731818306252e-02 1.291379592742712816e+02 3.137483217697524747e+40 9.086030988642586981e+45 2.050000000000000000e+02
9.400000000000000000e+01 1.089727415252106221e+04 3.528441943353509203e+01 -2.145617780910750658e-02 6.195216039049532553e-01 0.000000000000000000e+00 2.525791157242718654e+01 1.163622505859583889e+01 7.259364687885982992e-02 6.251908187576382669e-02 2.173584636079207932e+00 1.223044445044823680e+00 1.000000000000000000e+00 1.000000000000000000e+00 3.400000000000000000e+05 2.444419543141389262e-02 1.756174992941656114e+02 3.059928100831736270e+41 5.844036043991793156e+43 2.040000000000000000e+02
9.400000000000000000e+01 1.219109027241969852e+04 2.465147687374716767e+01 -8.680862667307595593e-02 6.146322768066990738e-01 0.000000000000000000e+00 1.009863366075654945e+01 1.575974482217463901e+01 1.923280559627956465e-01 1.026671079547615550e-01 2.773063579237415865e+00 1.841638043275505510e+00 1.000000000000000000e+00 1.000000000000000000e+00 3.400000000000000000e+05 9.892448558904899658e-02 1.113161871742448170e+02 9.669799011083375751e+40 6.114904819205426536e+43 2.080000000000000000e+02
9.400000000000000000e+01 1.865074287260292112e+04 4.791548155086609029e+01 -5.026227716911214893e-02 5.929015318309132088e-01 0.000000000000000000e+00 3.353354498455035326e+01 1.652649849266974869e+01 4.372748741536107431e-02 1.532993994374080293e-01 2.115623179283462552e+00 2.336687950427839056e+00 1.000000000000000000e+00 1.000000000000000000e+00 3.600000000000000000e+05 8.395838384371575865e-18 1.531120235231897482e+02 2.500324850237835073e+41 3.315948722939713008e+43 2.060000000000000000e+02
9.400000000000000000e+01 1.044602570787521836e+04 4.378617477459692964e+01 5.056589280009640142e-01 5.551907627561599723e-01 0.000000000000000000e+00 3.533314554563786203e+01 1.011266475955537913e+01 6.371216039049530933e-01 1.127933754842061903e-01 0.000000000000000000e+00 1.147470948878272390e+00 2.000000000000000000e+00 1.000000000000000000e+00 4.100000000000000000e+05 9.138160387736825319e-02 1.125941331385103865e+02 7.141895362799543727e+40 3.669354921283344615e+44 2.090000000000000000e+02
9.400000000000000000e+01 1.192627487916138989e+03 3.100070047146106234e+01 4.443156798106416838e-01 6.515535148172519886e-01 0.000000000000000000e+00 2.203333317735924268e+01 1.038263490153436663e+01 6.529820751100244847e-01 9.299980826968533287e-02 0.000000000000000000e+00 1.554690051676638873e+00 2.000000000000000000e+00 1.000000000000000000e+00 4.200000000000000000e+05 3.953816240706506391e-02 1.341063881798564523e+02 2.984287629512627831e+40 1.054598073756120638e+46 2.110000000000000000e+02
9.400000000000000000e+01 3.775489240667641752e+03 3.799870733889358831e+01 -1.314294992992197098e-01 6.315188056750897783e-01 0.000000000000000000e+00 2.153349275726144185e+01 1.827929992935708370e+01 5.347732935399033410e-02 2.682015726514408449e-01 1.889134378644173662e+00 3.030200000000000227e+00 1.000000000000000000e+00 1.000000000000000000e+00 4.300000000000000000e+05 5.079046255969903167e-02 4.621304466112730580e+01 2.280659672128473539e+39 1.777252307154878792e+46 2.120000000000000000e+02
9.400000000000000000e+01 1.414072960095648887e+04 2.041029846221148247e+01 4.641111599863326914e-02 6.971719862858899441e-01 0.000000000000000000e+00 1.125176871652072741e+01 1.024288344551277063e+01 8.934786591051235849e-02 2.344882232231002353e-02 4.486493020473635851e-01 1.178782731404205197e+00 1.000000000000000000e+00 1.000000000000000000e+00 4.700000000000000000e+05 3.875453906095568252e-02 2.205557041928391371e+01 8.827847617943327059e+38 1.170268798900674541e+44 2.130000000000000000e+02
9.400000000000000000e+01 1.127814760136442601e+03 4.120692532723610668e+01 4.608530740559419470e-01 5.948934792752452738e-01 0.000000000000000000e+00 1.218071496176178314e+01 3.103637178407670305e+01 5.317004862568323886e-02 6.545535148172519913e-01 2.233054428668642011e+00 0.000000000000000000e+00 1.000000000000000000e+00 3.000000000000000000e+00 4.800000000000000000e+05 1.452514663793242830e-02 1.022195471551321475e+02 1.074276279531233847e+40 2.940606898121284842e+46 2.180000000000000000e+02
9.400000000000000000e+01 1.421675439653067087e+03 2.806844197622226389e+01 -1.573751972497806906e-02 6.537495025432625839e-01 0.000000000000000000e+00 1.178138045289299285e+01 1.771384870699465708e+01 5.446584145580836422e-02 1.655712785928976916e-02 2.783053776203356033e+00 1.085941528964396330e+00 1.000000000000000000e+00 1.000000000000000000e+00 4.900000000000000000e+05 1.464879691779944100e-02 1.000074627946693511e+02 1.221473230842369283e+40 2.037570137354108004e+46 2.190000000000000000e+02
9.400000000000000000e+01 1.311848203499022702e+03 2.527643798033796330e+01 1.667807792571522271e-02 6.824019082627241772e-01 0.000000000000000000e+00 1.187278063195533306e+01 1.473967218263105217e+01 2.830989925391323367e-02 5.140186127217993145e-02 2.007199049364277066e+00 6.867102626878679450e-01 1.000000000000000000e+00 1.000000000000000000e+00 4.900000000000000000e+05 3.258860248336394733e-02 5.522541381872913036e+01 2.352758462405040277e+39 2.489229086964183864e+46 2.210000000000000000e+02
9.500000000000000000e+01 2.706549283761655170e+04 2.645863879594853429e+01 -1.001504305634176861e-01 6.600075754753189639e-01 0.000000000000000000e+00 1.295278927012854631e+01 1.481805864512883275e+01 5.063058970664851936e-03 2.008721350263021344e-01 7.156939806040698571e-01 2.827323616684592533e+00 1.000000000000000000e+00 1.000000000000000000e+00 4.800000000000000000e+05 6.209387388432516253e-02 1.240145525540721820e+02 2.053179716192927302e+41 4.395303236022035032e+42 2.100000000000000000e+02
9.500000000000000000e+01 5.799283476782412436e+03 3.305631278583778254e+01 -4.820581404209056675e-02 5.683207432970023287e-01 0.000000000000000000e+00 2.350620443607603605e+01 1.099071838790582056e+01 2.110456867486334986e-02 1.788649776588663309e-01 1.570770258329461377e+00 2.579093237144650441e+00 1.000000000000000000e+00 1.000000000000000000e+00 4.800000000000000000e+05 4.020537663241419146e-02 1.592975033776325517e+02 1.505647627781380535e+41 5.189243132337190682e+44 2.110000000000000000e+02
9.500000000000000000e+01 1.822841959784630671e+04 2.432064551135913177e+01 3.244295761353776369e-03 6.620781596052962570e-01 0.000000000000000000e+00 1.506844038032548028e+01 1.046215773951345973e+01 4.533292562719563878e-02 7.166995348842096492e-02 5.012358520009004836e-01 2.330190904417027919e+00 1.000000000000000000e+00 1.000000000000000000e+00 4.900000000000000000e+05 3.427576234458957344e-02 8.518840283619405795e+01 5.507649943144112713e+40 2.586668138891346312e+43 2.070000000000000000e+02
9.500000000000000000e+01 2.277274486413138584e+04 4.148367693233624465e+01 -9.178150182385563793e-02 6.276449647232588136e-01 0.000000000000000000e+00 1.733685175559491398e+01 2.611253363501457514e+01 1.889834890821924240e-01 6.616973360578370933e-02 2.414803327689740708e+00 2.670149602504441777e+00 1.000000000000000000e+00 1.000000000000000000e+00 4.900000000000000000e+05 7.869625136028184087e-02 1.333156079821165463e+02 1.961938187181789466e+41 1.699162703259523358e+43 2.120000000000000000e+02
9.600000000000000000e+01 6.698702981928256122e+03 3.809736559161531488e+01 -2.334752708491777753e-02 5.013121504439737031e-01 0.000000000000000000e+00 2.923742545823956362e+01 1.033126764877254722e+01 3.359542468778806829e-02 1.573512202991509956e-01 8.919229441718508067e-01 2.816711435912923278e+00 1.000000000000000000e+00 1.000000000000000000e+00 3.400000000000000000e+05 2.614666843474639998e-02 1.645082162934529890e+02 1.726481869845683939e+41 5.298412246758903705e+44 2.050000000000000000e+02
9.600000000000000000e+01 8.843710243403815184e+03 2.899649744229225234e+01 -1.842412473923076693e-02 6.224996965173308361e-01 0.000000000000000000e+00 1.067628216331826785e+01 1.971889617298357322e+01 6.049162356279158548e-02 6.774795734383434395e-03 3.022616837294282988e+00 9.169561297499705388e-01 1.000000000000000000e+00 1.000000000000000000e+00 3.800000000000000000e+05 5.377520530805776286e-03 1.392323127250939763e+02 1.446782005525610254e+41 1.303174028797214770e+44 2.070000000000000000e+02
9.600000000000000000e+01 5.840897827392750514e+03 4.828515928870800167e+01 3.829893746070683336e-01 5.491086750927617333e-01 0.000000000000000000e+00 3.813243129571017676e+01 1.203248174460780540e+01 5.033121504439737048e-01 5.848529233475258104e-03 0.000000000000000000e+00 1.280951236735319965e+00 2.000000000000000000e+00 1.000000000000000000e+00 3.900000000000000000e+05 1.523790851965069150e-03 1.124325754032024207e+02 4.328754600270845454e+40 2.623000483093582800e+45 2.080000000000000000e+02
9.600000000000000000e+01 4.693311600457018358e+03 2.652956894781352304e+01 9.869454762733625985e-03 6.764114444551609928e-01 0.000000000000000000e+00 1.606719783298016324e+01 1.181949130166967521e+01 3.889582208286729986e-02 1.731767456611112699e-01 8.532234618261742565e-01 1.637147692133579913e+00 1.000000000000000000e+00 1.000000000000000000e+00 4.100000000000000000e+05 1.216992825205350515e-01 1.997564842281560971e+02 2.810180179847348488e+41 2.477623754100581063e+44 2.090000000000000000e+02
9.600000000000000000e+01 1.075837791250433111e+04 2.776613476889858489e+01 5.937682230349468349e-02 7.042431963951839569e-01 0.000000000000000000e+00 1.454980389747299441e+01 1.469362901156999079e+01 1.216477968282381333e-01 4.255416614109262113e-02 4.618613764924046627e-01 1.325444359802764982e+00 1.000000000000000000e+00 1.000000000000000000e+00 4.200000000000000000e+05 1.119394172469564824e-01 2.596788141215109746e+01 1.084020389722778856e+39 4.595172087020650327e+44 2.060000000000000000e+02
9.600000000000000000e+01 1.419678865276218858e+04 2.705769874222178473e+01 -9.415754329504197329e-02 6.267361357279097600e-01 0.000000000000000000e+00 1.772124626635870115e+01 1.061919229555780575e+01 1.115377448142152866e-01 1.466852816323385711e-01 2.746273313810951411e+00 2.143659724677793310e+00 1.000000000000000000e+00 1.000000000000000000e+00 4.200000000000000000e+05 6.847446887163315121e-02 1.446790859360867216e+02 2.241961162769875548e+41 2.465345667956026441e+43 2.100000000000000000e+02
9.600000000000000000e+01 4.200779965328138132e+03 2.195042869180850076e+01 5.973153869857113218e-02 7.030213767044681816e-01 0.000000000000000000e+00 1.029970197891664974e+01 1.280639973538364451e+01 1.037782956883595564e-01 1.244514653269331028e-01 1.993127492248509269e-01 1.360667939303051188e+00 1.000000000000000000e+00 1.000000000000000000e+00 4.200000000000000000e+05 1.217140486946402811e-01 1.417839344096177570e+02 1.014934287343718122e+41 5.242535029142212648e+44 2.110000000000000000e+02
9.600000000000000000e+01 1.302165770715397775e+04 4.510631117155856629e+01 1.476743709661858250e-02 5.202702977465528678e-01 0.000000000000000000e+00 1.143446769214566672e+01 3.542936081576521445e+01 5.369475893327396027e-02 3.751477246110300479e-02 2.739394155381477347e+00 3.308617414438195792e-01 1.000000000000000000e+00 1.000000000000000000e+00 4.300000000000000000e+05 2.082604426803012082e-02 1.658701262998562527e+02 2.607028570524915653e+41 9.182382056104330159e+43 2.120000000000000000e+02
9.600000000000000000e+01 1.354801530397592614e+03 2.232289782720916449e+01 3.307574555585793968e-02 6.895678459327804211e-01 0.000000000000000000e+00 1.060434013606495718e+01 1.290806206686381508e+01 3.958009121143638703e-02 5.463816973160071089e-02 1.207177528582844994e+00 4.712072394605113512e-01 1.000000000000000000e+00 1.000000000000000000e+00 4.400000000000000000e+05 2.955113186358710592e-02 4.889611427418485334e+01 1.780249969128587964e+39 2.287596491191755243e+46 2.170000000000000000e+02
9.600000000000000000e+01 6.449672143754995886e+03 2.271854482260627606e+01 -3.754297902451267377e-02 6.739201632232852957e-01 0.000000000000000000e+00 1.316039679215531244e+01 1.074439719664063730e+01 7.525431000189118647e-02 1.019170825688183735e-01 2.905037454488861748e+00 1.511093096154778603e+00 1.000000000000000000e+00 1.000000000000000000e+00 4.500000000000000000e+05 6.726309868102359202e-02 1.558024046625500603e+02 1.823832367705198954e+41 1.338997163018047809e+44 2.130000000000000000e+02
9.600000000000000000e+01 1.200649983250876903e+04 2.203463272358314029e+01 7.372131395505096205e-03 6.882168607689976847e-01 0.000000000000000000e+00 1.169595787339589421e+01 1.148856945546750374e+01 1.158759936443983368e-01 1.379701750346251365e-01 1.300134915829084248e+00 1.691868418915186467e+00 1.000000000000000000e+00 1.000000000000000000e+00 4.600000000000000000e+05 1.243691747172104012e-01 4.109306605429866721e+01 5.037076840062858131e+39 1.703641558135377503e+44 2.150000000000000000e+02
9.600000000000000000e+01 7.632119231717569164e+03 3.803717918216177196e+01 4.522150698359786447e-01 5.760471954318902021e-01 0.000000000000000000e+00 1.077798106313296067e+01 2.904990011297640251e+01 4.151032675347324230e-02 6.352996965173307586e-01 3.030200000000000227e+00 0.000000000000000000e+00 1.000000000000000000e+00 2.000000000000000000e+00 4.700000000000000000e+05 1.501408624861397300e-03 1.017330316633629081e+02 4.506699169755258525e+40 8.158496426741458908e+44 2.180000000000000000e+02
9.600000000000000000e+01 1.490183430450932246e+04 2.970434687644728555e+01 -6.073732410919446822e-02 6.550626666914531882e-01 0.000000000000000000e+00 1.107562389870486541e+01 1.992733692364402742e+01 2.549391407655333674e-01 1.147126306721146238e-01 1.430967974170797019e+00 3.051140000000000185e+00 1.000000000000000000e+00 1.000000000000000000e+00 4.900000000000000000e+05 7.224781080671813238e-02 3.516319078532499702e+02 3.194528777882673829e+42 2.131737314519426901e+42 2.160000000000000000e+02
9.600000000000000000e+01 9.849163717284509403e+03 3.422376276665119832e+01 -1.269035258726026461e-01 5.700032508610511917e-01 0.000000000000000000e+00 1.140780394399974007e+01 2.428081869849972563e+01 1.213572221944717588e-01 1.320724912686003505e-01 3.051140000000000185e+00 2.953473163666021861e+00 1.000000000000000000e+00 1.000000000000000000e+00 4.900000000000000000e+05 1.617421536875081628e-17 1.795514362749970871e+02 3.101463180426025059e+41 8.307821251867406786e+43 2.230000000000000000e+02
9.700000000000000000e+01 1.346070528991809169e+03 3.039039286601416023e+01 2.694014846652779960e-02 6.924574235255654964e-01 0.000000000000000000e+00 1.481675590908703732e+01 1.720286841031474623e+01 1.236056462878858259e-01 4.449205347772397512e-02 1.321534985736725787e+00 1.004221229538581506e+00 1.000000000000000000e+00 1.000000000000000000e+00 2.600000000000000000e+05 1.009972945728428023e-01 1.377713549598607585e+02 3.066380914990616937e+40 1.069848134237423431e+46 2.040000000000000000e+02
9.700000000000000000e+01 1.253638968703827913e+03 2.362238477611398224e+01 2.913601451080386623e-02 6.880855546870512374e-01 0.000000000000000000e+00 1.104978471789024752e+01 1.381512978836097716e+01 2.963243483242953419e-02 1.008517139797024675e-01 8.007548482306171556e-01 1.206420420838680396e+00 1.000000000000000000e+00 1.000000000000000000e+00 2.900000000000000000e+05 9.423043076359718939e-02 1.001776899531636644e+02 1.502159552107329851e+40 9.921113163640729373e+45 2.050000000000000000e+02
9.700000000000000000e+01 2.299678467798022029e+04 4.325690798717448615e+01 -3.458619094700467189e-02 6.111475240984314272e-01 0.000000000000000000e+00 1.361664063523369173e+01 3.150007273848635236e+01 3.633332280822649391e-02 6.648734027385642953e-02 2.977361527658380913e-01 2.899708794636123965e+00 1.000000000000000000e+00 1.000000000000000000e+00 3.100000000000000000e+05 1.592585006451276153e-02 1.849487400618702111e+02 5.185189966725453049e+41 8.387665685224554035e+42 2.060000000000000000e+02
9.700000000000000000e+01 2.483093760523240235e+03 3.701217935258870995e+01 -1.967785364493022937e-02 6.675567983014479845e-01 0.000000000000000000e+00 1.422797216615325588e+01 2.450139893716492523e+01 1.165037479647678953e-01 8.598523419803551227e-02 7.409858711337390380e-01 2.800096142680204903e+00 1.000000000000000000e+00 1.000000000000000000e+00 3.100000000000000000e+05 4.233263289630526810e-02 1.612438313754977059e+02 5.612996175409978028e+40 5.841393997130357178e+45 2.070000000000000000e+02
9.700000000000000000e+01 1.325071509185857167e+03 3.016415278266221023e+01 -5.165936041550371963e-03 6.765988796092995416e-01 0.000000000000000000e+00 1.369707194317008003e+01 1.801453891028635468e+01 1.315241917119278764e-02 2.921311335291319061e-02 9.187509662561496038e-01 2.116494810363616974e+00 1.000000000000000000e+00 1.000000000000000000e+00 3.100000000000000000e+05 2.497034612500767178e-02 8.244046673874254338e+01 6.685537720758808862e+39 2.503362938324409976e+46 2.080000000000000000e+02
9.700000000000000000e+01 1.314743185335458065e+03 4.241191918959476936e+01 4.635834518963757311e-01 6.383221743126622494e-01 0.000000000000000000e+00 1.423705396180473493e+01 3.043936080714354731e+01 4.383094618668301190e-02 6.968574235255654559e-01 2.501918298974306509e+00 0.000000000000000000e+00 1.000000000000000000e+00 2.000000000000000000e+00 3.400000000000000000e+05 1.103192634765119348e-02 9.980225018306279594e+01 8.265808529359872289e+39 4.177489686274508257e+46 2.100000000000000000e+02
9.700000000000000000e+01 1.238785691230604698e+03 5.179677344115040682e+01 3.775889757582556738e-01 7.591615310048012155e-01 0.000000000000000000e+00 2.482823221471731401e+01 3.018497323031062507e+01 2.336939567335429707e-02 6.775988796092995425e-01 9.885261367621294148e-01 0.000000000000000000e+00 1.000000000000000000e+00 2.000000000000000000e+00 3.500000000000000000e+05 1.561415181577874636e-02 1.167877964586723465e+02 1.109790655683376020e+40 2.998726456036557740e+46 2.110000000000000000e+02
9.700000000000000000e+01 5.293032374763051848e+03 3.714279714703314283e+01 -3.112738460479247057e-02 5.383140252703749740e-01 0.000000000000000000e+00 1.155638075689821775e+01 2.730089787755727571e+01 2.555338195271215085e-01 4.496330665805232940e-02 2.441377126168418954e+00 5.466055261748370420e-01 1.000000000000000000e+00 1.000000000000000000e+00 3.700000000000000000e+05 6.207308538857889135e-02 1.611588471389993913e+02 1.358565785104276795e+41 9.330381823184977988e+44 2.120000000000000000e+02
9.700000000000000000e+01 1.318623157379736767e+03 7.418296997424981498e+01 6.567492669819087192e-01 8.699560111313003885e-01 0.000000000000000000e+00 4.243143316029114231e+01 3.705476784253227152e+01 6.417221743126622080e-01 6.739567983014479458e-01 0.000000000000000000e+00 0.000000000000000000e+00 3.000000000000000000e+00 2.000000000000000000e+00 3.700000000000000000e+05 3.995681334973148063e-02 2.953152505599980060e+01 6.292496918523045716e+37 1.787441995350118127e+47 2.140000000000000000e+02
9.700000000000000000e+01 9.066052703901672430e+03 2.841552706712230503e+01 4.203260276669348872e-02 6.901770342894626431e-01 0.000000000000000000e+00 1.834508740762255030e+01 1.153842557625541154e+01 2.514451085306642839e-02 1.438603302529690153e-01 1.989463380045306984e+00 5.162297732613992940e-01 1.000000000000000000e+00 1.000000000000000000e+00 3.800000000000000000e+05 7.601193282028821663e-02 1.451494671199056370e+02 1.680675460739734211e+41 8.549947711640416461e+43 2.130000000000000000e+02
9.700000000000000000e+01 2.997082268773472151e+03 3.463051601984702188e+01 2.109105153234680161e-02 6.893720584498838067e-01 0.000000000000000000e+00 1.595365651583481359e+01 2.046113169072545190e+01 8.108555709277605328e-02 8.529975007221753114e-02 7.300952662886497357e-01 1.683251287710462396e+00 1.000000000000000000e+00 1.000000000000000000e+00 3.800000000000000000e+05 8.476096286625095511e-02 8.251163786788374921e+01 1.060806646287829298e+40 1.163027793911895694e+46 2.150000000000000000e+02
9.700000000000000000e+01 1.298182878019807504e+03 2.722662383286996857e+01 -8.007816668770286611e-03 6.459479806261920753e-01 0.000000000000000000e+00 1.110558143490947103e+01 1.751238642428450376e+01 9.601517177243622247e-02 4.513564065407978110e-02 2.371845741188737922e+00 8.246934314954730283e-01 1.000000000000000000e+00 1.000000000000000000e+00 4.100000000000000000e+05 3.974911290179088813e-02 1.059090966527775208e+02 1.568709459513631414e+40 1.489444836967466029e+46 2.190000000000000000e+02
9.700000000000000000e+01 1.113625263524444335e+03 7.122505950473912151e+01 7.417594592540840415e-01 8.725079843065524088e-01 0.000000000000000000e+00 5.185637399435732675e+01 2.368222507565713997e+01 7.621615310048012182e-01 6.970855546870512454e-01 0.000000000000000000e+00 0.000000000000000000e+00 3.000000000000000000e+00 2.000000000000000000e+00 4.100000000000000000e+05 0.000000000000000000e+00 1.025920893233605966e+02 5.816820471169954476e+39 3.910549842262576213e+46 2.210000000000000000e+02
9.700000000000000000e+01 1.657239571114492264e+03 4.395190988136953791e+01 5.274312840545737346e-01 5.710339902408002599e-01 0.000000000000000000e+00 1.123450747899244995e+01 3.465441932159144756e+01 4.585139894002608629e-02 6.903720584498838075e-01 9.988612825962153163e-01 0.000000000000000000e+00 1.000000000000000000e+00 2.000000000000000000e+00 4.200000000000000000e+05 1.080012929474479313e-02 1.033965758702024402e+02 5.427909350118250127e+39 7.609548392526465957e+46 2.240000000000000000e+02
9.700000000000000000e+01 1.373909351618715118e+04 3.534437345495236826e+01 1.497056344160706612e-02 6.571302905877868250e-01 0.000000000000000000e+00 1.240157956093894853e+01 2.456172428583553824e+01 1.114475180101218432e-01 5.335852310292699130e-02 5.731163960230658549e-01 2.053140883155626373e+00 1.000000000000000000e+00 1.000000000000000000e+00 4.300000000000000000e+05 3.989168712073860867e-02 1.715468554044692553e+02 3.297365615397392173e+41 2.761290383569001693e+43 2.160000000000000000e+02
9.700000000000000000e+01 1.290019310487022267e+04 2.376198532156280052e+01 -3.377095410738618214e-02 6.833723587216120610e-01 0.000000000000000000e+00 1.399955708306835156e+01 1.107024985790793181e+01 1.397684184559254417e-01 1.112153439924137704e-01 3.072080000000000144e+00 4.560769274065469281e-01 1.000000000000000000e+00 1.000000000000000000e+00 4.300000000000000000e+05 5.640226058852346180e-02 1.267946229356712706e+02 1.499546083232348580e+41 2.908327187127805858e+43 2.180000000000000000e+02
9.700000000000000000e+01 8.545007060828418616e+03 3.773482177209312738e+01 5.480013980924989259e-01 6.659942199379285110e-01 0.000000000000000000e+00 2.844822372022157353e+01 1.115550095989244106e+01 7.033770342894625216e-01 1.673921451986412623e-01 0.000000000000000000e+00 4.354678902909785987e-01 2.000000000000000000e+00 1.000000000000000000e+00 4.400000000000000000e+05 5.018400035549058086e-02 1.019050512916876841e+02 4.929658817145656995e+40 4.263474928616249317e+44 2.220000000000000000e+02
9.700000000000000000e+01 6.258849936990563947e+03 2.857568373336408030e+01 -1.525743932389544283e-02 6.687026346227199491e-01 0.000000000000000000e+00 1.073293512017399642e+01 1.913084907409287538e+01 2.121600851296712165e-01 7.923152087913264141e-02 1.155359293232426587e+00 2.706681000723610619e+00 1.000000000000000000e+00 1.000000000000000000e+00 4.500000000000000000e+05 1.070397622162936185e-01 2.322473180833972037e+02 5.315712883265336475e+41 8.242749836155445208e+43 2.200000000000000000e+02
9.700000000000000000e+01 1.277007437158319135e+03 5.480023528703884494e+01 4.590819224896603434e-01 5.709098742969062057e-01 0.000000000000000000e+00 1.307485799511548841e+01 4.398224716434666703e+01 7.912477393702825601e-02 5.720339902408002608e-01 0.000000000000000000e+00 0.000000000000000000e+00 1.000000000000000000e+00 3.000000000000000000e+00 4.600000000000000000e+05 0.000000000000000000e+00 1.083484518070142144e+02 7.658420377728776585e+39 7.182095169430760141e+46 2.280000000000000000e+02
9.700000000000000000e+01 1.087076786485884986e+04 4.292575569177531492e+01 -9.948308783474541644e-03 6.263573755699264334e-01 0.000000000000000000e+00 1.302916834021201886e+01 3.168123138964369900e+01 1.018571774136309838e-01 5.501072115149152619e-02 2.458376376686647324e-01 3.030200000000000227e+00 1.000000000000000000e+00 1.000000000000000000e+00 4.800000000000000000e+05 3.408670130863820230e-02 1.891609303984171788e+02 3.509240599569020690e+41 7.023600802094379593e+43 2.250000000000000000e+02
9.700000000000000000e+01 1.182832895878120871e+04 2.467896024310478964e+01 -2.230467647365980133e-02 6.712619212072519215e-01 0.000000000000000000e+00 1.120898337850485227e+01 1.472118409266689021e+01 1.240294561011430069e-01 9.069986618179842752e-02 1.690860640101306211e+00 1.884360019435014300e+00 1.000000000000000000e+00 1.000000000000000000e+00 4.800000000000000000e+05 8.177113027499814668e-02 7.889156552810527501e+01 3.378537403542462762e+40 1.083698967640641584e+44 2.270000000000000000e+02
9.800000000000000000e+01 2.656323601122090622e+04 4.547372961270997394e+01 2.227911036490988483e-02 5.334855845122681295e-01 0.000000000000000000e+00 3.290148218427879812e+01 1.439760927888693942e+01 1.827690229594777227e-01 2.211692628624553902e-01 7.908668830789954418e-01 3.065100000000000158e+00 1.000000000000000000e+00 1.000000000000000000e+00 4.000000000000000000e+05 1.664740674366083639e-01 1.656039597640478291e+02 3.967003819511101381e+41 1.048904527153230347e+43 2.050000000000000000e+02
9.800000000000000000e+01 1.168930512678546620e+03 3.478321993958692815e+01 -5.366663432685257751e-02 6.400844410793026240e-01 0.000000000000000000e+00 1.446497996431423516e+01 2.203196575635280752e+01 9.452654762409325173e-02 6.857018984203933076e-02 2.746733982599218304e+00 2.049999119151314719e+00 1.000000000000000000e+00 1.000000000000000000e+00 4.200000000000000000e+05 6.084663392462147380e-02 1.070277412426722492e+02 1.394853404827602348e+40 1.884659482017187561e+46 2.070000000000000000e+02
9.800000000000000000e+01 1.399805234238051526e+03 3.352418521532340634e+01 -4.596009224695553341e-02 6.020133603960430291e-01 0.000000000000000000e+00 2.320001167033106881e+01 1.184551489972914062e+01 2.864927026364129728e-02 2.213429266450164523e-01 1.972964701549048794e+00 2.111914045492351288e+00 1.000000000000000000e+00 1.000000000000000000e+00 4.200000000000000000e+05 8.829756830888194075e-02 1.779166745351078021e+02 5.780145025998032744e+40 1.029317759484010839e+46 2.100000000000000000e+02
9.800000000000000000e+01 7.400028632909663429e+03 2.308542021174601544e+01 -9.015503707520440557e-02 6.366061615634001081e-01 0.000000000000000000e+00 1.343638293889964608e+01 1.076221997084573978e+01 3.173293918989781442e-02 2.386655759550876388e-01 5.862004777646407927e-01 2.984189194019538416e+00 1.000000000000000000e+00 1.000000000000000000e+00 4.600000000000000000e+05 2.903455523907032959e-02 3.959129265441066536e+01 3.262115823393162618e+39 9.634993590823364382e+44 2.110000000000000000e+02
9.800000000000000000e+01 3.819350462407635496e+04 3.928222695540154774e+01 -1.228789362434404200e-03 6.528751233980796265e-01 0.000000000000000000e+00 1.562635297646887622e+01 2.560362915641702841e+01 5.123231605162897884e-02 3.822291946869647156e-02 1.837930323398089483e+00 1.405880892439582031e+00 1.000000000000000000e+00 1.000000000000000000e+00 4.600000000000000000e+05 3.770432014436696233e-02 1.231084417444602082e+02 2.102760602321567558e+41 3.580184097897376899e+42 2.160000000000000000e+02
9.800000000000000000e+01 5.475609742987800928e+03 3.734032350586004867e+01 1.124271854128738590e-01 6.972155000987865225e-01 0.000000000000000000e+00 1.502775913714050304e+01 2.424356911613633514e+01 1.325407429653341351e-01 2.343781857111876810e-01 3.825670357345655748e-01 1.101982654697593933e+00 1.000000000000000000e+00 1.000000000000000000e+00 4.700000000000000000e+05 2.147806493018822593e-01 2.791675264550687530e+02 7.247352986954134787e+41 1.158537997503098574e+44 2.170000000000000000e+02
9.800000000000000000e+01 9.128908671827755825e+03 5.691777529696165061e+01 -1.919368940094115794e-01 5.927047564191705309e-01 0.000000000000000000e+00 1.907447306363818029e+01 4.021990322244769089e+01 9.686152323906903339e-02 2.694739124551229770e-01 1.986732089141400426e+00 2.947291328519151765e+00 1.000000000000000000e+00 1.000000000000000000e+00 4.700000000000000000e+05 5.203030712687988640e-02 2.103524653718152138e+02 3.741837364979227998e+41 1.755432405713726113e+44 2.210000000000000000e+02
9.800000000000000000e+01 1.076717896707411091e+04 3.105933379840155339e+01 -4.135631396969113860e-02 6.337398712487648522e-01 0.000000000000000000e+00 1.150300717829394515e+01 2.098343767666499105e+01 2.549591677500164244e-01 6.568278085693868285e-02 1.786417825751762001e+00 2.117090111851162249e+00 1.000000000000000000e+00 1.000000000000000000e+00 4.800000000000000000e+05 1.128878630456742610e-01 1.879445087183416092e+02 3.926181354114879200e+41 3.759893622120782989e+43 2.120000000000000000e+02
9.800000000000000000e+01 1.199824413475760366e+03 4.829358749906558046e+01 3.750598975293040205e-01 6.491912762957134930e-01 0.000000000000000000e+00 1.741062133144634672e+01 3.356276020468861532e+01 1.167135657024747225e-01 6.050133603960430317e-01 2.195127059493804822e+00 0.000000000000000000e+00 1.000000000000000000e+00 2.000000000000000000e+00 4.800000000000000000e+05 4.486861597501749788e-02 1.453715555160463282e+02 2.459850150706397832e+40 2.246876661808591633e+46 2.250000000000000000e+02
9.800000000000000000e+01 1.175420799290040122e+04 2.818986680474151285e+01 4.031484843550137837e-03 6.827182000954543639e-01 0.000000000000000000e+00 1.696150952135515411e+01 1.271426199091552256e+01 6.097475836829894386e-02 7.414865045554736023e-02 2.067841721944151612e+00 8.632084063327293277e-01 1.000000000000000000e+00 1.000000000000000000e+00 4.900000000000000000e+05 5.194844225652136410e-02 9.465838882195932058e+01 5.512979242068778455e+40 1.004933136348001768e+44 2.200000000000000000e+02
9.900000000000000000e+01 2.188852125797177359e+04 3.364319395197335893e+01 4.983995711510923708e-03 6.811777771450964192e-01 0.000000000000000000e+00 1.572866571788440915e+01 1.966738710264969825e+01 1.031882892620623188e-02 9.707876666610475852e-03 1.119161865726603589e+00 9.848609531794362271e-01 1.000000000000000000e+00 1.000000000000000000e+00 2.600000000000000000e+05 8.088556323449215546e-03 6.238421411527949800e+01 2.126259271845079922e+40 4.358930350797841437e+43 2.040000000000000000e+02
9.900000000000000000e+01 1.855565090295605478e+04 3.664860978241328127e+01 3.930047009561185925e-03 6.775576941951985122e-01 0.000000000000000000e+00 2.180996226693719819e+01 1.672345465390095143e+01 7.921494706287032783e-02 5.333674901955896136e-02 1.415739639010164641e+00 1.700510149919066905e+00 1.000000000000000000e+00 1.000000000000000000e+00 3.300000000000000000e+05 7.834154960023152758e-02 7.226383040365429622e+01 2.908985569603460283e+40 6.973494351812068407e+43 2.050000000000000000e+02
9.900000000000000000e+01 1.356048845216644077e+04 5.083300088225217905e+01 -2.955111856348485722e-02 4.736407068319237190e-01 0.000000000000000000e+00 3.848456572822421151e+01 1.427568659444504640e+01 1.134029999220268203e-01 2.504461653462283222e-01 1.091668511046737899e+00 3.093020000000000103e+00 1.000000000000000000e+00 1.000000000000000000e+00 3.600000000000000000e+05 1.006335206922600867e-01 1.731045578121291442e+02 2.891811477242802183e+41 1.117258767088107525e+44 2.070000000000000000e+02
9.900000000000000000e+01 2.053384066045458530e+04 4.320779019625916106e+01 -9.515297265415584294e-02 5.809851182907460609e-01 0.000000000000000000e+00 3.247605797940423855e+01 1.253668355303839732e+01 1.379022151407947039e-01 1.521219378861185245e-01 2.795214883152095098e+00 1.607804009400400247e+00 1.000000000000000000e+00 1.000000000000000000e+00 3.600000000000000000e+05 5.142825957384236646e-02 1.967359613052340137e+02 5.846369276118465882e+41 1.105515622686780078e+43 2.080000000000000000e+02
9.900000000000000000e+01 1.787488734280180142e+04 4.076048103050877813e+01 -2.653189160517440727e-03 6.826408707203317494e-01 0.000000000000000000e+00 2.300546056480812140e+01 1.988600078428191509e+01 4.352145189964683192e-02 4.505192554876608080e-02 1.643338027539654078e+00 1.616835270981239470e+00 1.000000000000000000e+00 1.000000000000000000e+00 3.800000000000000000e+05 2.568045739773669456e-02 4.270852560401056763e+01 5.637132279559689248e+39 1.737944705469431090e+44 2.090000000000000000e+02
9.900000000000000000e+01 5.424713719969575322e+03 2.023038325719306130e+01 -1.545253273447529108e-02 6.820358476530308245e-01 0.000000000000000000e+00 1.012998377897533508e+01 1.114870252167463072e+01 1.790660025584951132e-01 1.091708859222935840e-01 1.640589793617558412e+00 1.737793793214135407e+00 1.000000000000000000e+00 1.000000000000000000e+00 3.800000000000000000e+05 1.601025757540351924e-01 9.492694586945366098e+01 3.851473971615412940e+40 5.265760600804576876e+44 2.130000000000000000e+02
9.900000000000000000e+01 1.652132206802401561e+04 4.663178987651592422e+01 5.366505246209530844e-01 6.095126336748178941e-01 0.000000000000000000e+00 1.202269527131842786e+01 3.669921977677729785e+01 1.197402102123977380e-01 6.769576941951984672e-01 4.394426998601174694e-01 0.000000000000000000e+00 1.000000000000000000e+00 2.000000000000000000e+00 4.000000000000000000e+05 1.100221480084849490e-01 1.050292098948060442e+02 7.579672111952441598e+40 1.008996496825376276e+44 2.140000000000000000e+02
9.900000000000000000e+01 1.478533459595778822e+03 2.510365371529237777e+01 5.930127711669092028e-02 7.184894671602377603e-01 0.000000000000000000e+00 1.035449095888559867e+01 1.590632359419268127e+01 2.564739958711189649e-01 6.913690488470476680e-02 1.838144522281452420e-01 2.851038164561578103e+00 1.000000000000000000e+00 1.000000000000000000e+00 4.000000000000000000e+05 2.872716475858496515e-02 1.607251676913790277e+02 5.517379765600812095e+40 5.446994867701629643e+45 2.150000000000000000e+02
9.900000000000000000e+01 1.489630703304657800e+04 4.482432747286452468e+01 -2.458366347036543970e-02 6.698112717015808348e-01 0.000000000000000000e+00 2.938569659276093660e+01 1.773736280678059174e+01 9.043775968584789882e-02 1.000005152165988620e-01 3.072080000000000144e+00 5.706442822339742316e-01 1.000000000000000000e+00 1.000000000000000000e+00 4.100000000000000000e+05 4.841118962145540827e-02 1.623165830332892767e+02 2.666822240592499449e+41 3.859286011782827144e+43 2.110000000000000000e+02
9.900000000000000000e+01 5.897151871013834352e+03 2.372585748005554862e+01 1.659530666574544899e-02 6.887377609856680793e-01 0.000000000000000000e+00 1.162288522144984171e+01 1.335411021612166138e+01 4.130304708963951354e-02 5.519145822508494947e-02 1.100237205109163785e+00 1.300431756804417027e+00 1.000000000000000000e+00 1.000000000000000000e+00 4.100000000000000000e+05 5.511160321677543300e-02 4.015355611238446443e+01 2.873055991862574053e+39 1.704731921071970692e+45 2.120000000000000000e+02
9.900000000000000000e+01 1.325686345149355930e+03 2.896864822718339738e+01 -2.551803409850549736e-02 6.773448286468947144e-01 0.000000000000000000e+00 1.447034590878519822e+01 1.600652181803436491e+01 5.161161589177411246e-02 1.211493322729399608e-01 2.205879708275712225e+00 1.744238711087075844e+00 1.000000000000000000e+00 1.000000000000000000e+00 4.100000000000000000e+05 1.193316728468542670e-01 5.597372851715072528e+01 2.170652347709160801e+39 3.395601116184962502e+46 2.180000000000000000e+02
9.900000000000000000e+01 1.713359258566287826e+04 2.425433150580259678e+01 1.814563719784677287e-02 6.879518271761763115e-01 0.000000000000000000e+00 1.367356083178425585e+01 1.185271813329921287e+01 3.728057480735340323e-02 4.128055597342866756e-02 5.925751370245355698e-01 1.488248918154450706e+00 1.000000000000000000e+00 1.000000000000000000e+00 4.200000000000000000e+05 3.727090010284382637e-02 4.048343392576062882e+01 5.712083800853225966e+39 7.169928664947984432e+43 2.100000000000000000e+02
9.900000000000000000e+01 3.083058870346639196e+03 2.636016445753498161e+01 3.554583630471878745e-03 6.559630475046883680e-01 0.000000000000000000e+00 1.047357344956750502e+01 1.719276078881687297e+01 1.139268291898405325e-02 7.478702763218715924e-03 1.543722467358107808e+00 7.381500152071771570e-01 1.000000000000000000e+00 1.000000000000000000e+00 4.200000000000000000e+05 6.472443629621849048e-03 1.250096802105137499e+02 4.688180393478280530e+40 2.954111455331319777e+45 2.210000000000000000e+02
9.900000000000000000e+01 7.628105082443912579e+03 4.452381621473385565e+01 -2.467024996867717493e-02 5.088665352976583511e-01 0.000000000000000000e+00 1.013760226706423495e+01 3.595279243818495729e+01 6.626123097943716067e-02 8.384579226097228777e-02 1.675936506355071520e+00 1.932440969268910402e+00 1.000000000000000000e+00 1.000000000000000000e+00 4.300000000000000000e+05 7.147561379501356227e-02 1.789054403822212578e+02 2.269046114003444732e+41 3.834932045599340000e+44 2.160000000000000000e+02
9.900000000000000000e+01 9.915108003198869483e+03 3.829785588361765036e+01 1.639493974262773712e-01 5.665709448432620920e-01 0.000000000000000000e+00 1.037816176038104210e+01 2.953106838555892466e+01 2.409155465858416403e-02 2.258852932389756318e-01 1.617668518674163058e+00 1.866219344716594786e-01 1.000000000000000000e+00 1.000000000000000000e+00 4.400000000000000000e+05 4.191088133349284844e-02 1.427815886203580646e+02 1.491695339138350108e+41 1.832895764701717628e+44 2.190000000000000000e+02
9.900000000000000000e+01 1.142562401046206105e+03 2.668475067373647036e+01 4.113239001417155760e-02 6.810613569230619113e-01 0.000000000000000000e+00 1.089728310712422754e+01 1.715131861809618741e+01 8.089828463871202857e-02 1.903751319456242069e-02 2.903528434901226918e-01 3.287288974836841682e-01 1.000000000000000000e+00 1.000000000000000000e+00 4.500000000000000000e+05 1.380670727984437303e-02 1.251131963920564658e+02 2.756715398425363109e+40 7.270433732210095156e+45 2.260000000000000000e+02
9.900000000000000000e+01 6.057143054464157103e+03 2.779252413126793186e+01 1.967248917827797428e-01 7.266929426015446003e-01 0.000000000000000000e+00 1.140917668608531699e+01 1.792413114182118861e+01 2.524959115778406260e-01 2.150215858439124550e-01 6.648863127502592230e-01 4.298500791384737840e-01 1.000000000000000000e+00 1.000000000000000000e+00 4.700000000000000000e+05 1.337626353146367519e-01 1.045322917345062734e+02 4.794743253577385209e+40 5.185576998316037116e+44 2.230000000000000000e+02
9.900000000000000000e+01 4.272651017917300123e+03 3.083761310444584325e+01 4.405301130652278241e-01 7.110380040057977524e-01 0.000000000000000000e+00 1.237682853743658384e+01 2.026764142939293833e+01 1.940431817616464216e-02 6.982358476530307057e-01 3.022336691880974646e-01 0.000000000000000000e+00 1.000000000000000000e+00 2.000000000000000000e+00 4.700000000000000000e+05 1.560772506097535088e-02 9.387070833727692332e+01 2.473118586781400745e+40 2.357478935881870485e+45 2.250000000000000000e+02
9.900000000000000000e+01 5.190308468567895034e+03 3.242153974472685718e+01 4.972663220058974876e-01 6.403784192423030985e-01 0.000000000000000000e+00 2.375315791089659712e+01 1.019586562874386004e+01 6.985377609856679992e-01 6.723881516048051121e-02 0.000000000000000000e+00 1.135270154254965025e+00 2.000000000000000000e+00 1.000000000000000000e+00 4.700000000000000000e+05 2.334294498335466594e-02 1.092412664333779446e+02 4.484687792921768743e+40 1.318380008753471664e+45 2.290000000000000000e+02
9.900000000000000000e+01 8.162682018243067432e+03 2.848952509282620227e+01 -9.357926856161970230e-03 6.382059047156699583e-01 0.000000000000000000e+00 1.050018801339203911e+01 1.934614038021784665e+01 1.439103338762769482e-02 1.049460246879822117e-01 1.881376981733033471e+00 1.685870190481957964e+00 1.000000000000000000e+00 1.000000000000000000e+00 4.700000000000000000e+05 1.042519437932178383e-01 2.327926570133118958e+02 6.459971263770209344e+41 4.027625669576682206e+43 2.330000000000000000e+02
9.900000000000000000e+01 1.599397906895681444e+04 7.221534056746209274e+01 2.999426654005881154e-01 6.193082329829852073e-01 0.000000000000000000e+00 5.096177120024933771e+01 2.412356762042461256e+01 4.754407068319237428e-01 7.100993408833222720e-02 0.000000000000000000e+00 3.065100000000000158e+00 2.000000000000000000e+00 1.000000000000000000e+00 4.800000000000000000e+05 4.497404800912395417e-02 9.547334838807886115e+01 4.648910989554822357e+40 3.125716871359654474e+44 2.320000000000000000e+02
